ISO-10303-21;
HEADER;
/* Generated by software containing ST-Developer
 * from STEP Tools, Inc. (www.steptools.com) 
 */

FILE_DESCRIPTION(
/* description */ (''),
/* implementation_level */ '2;1');

FILE_NAME(
/* name */ 'MiniMac_FacePlate.step',
/* time_stamp */ '2026-09-07T14:26:14-07:00',
/* author */ (''),
/* organization */ (''),
/* preprocessor_version */ 'ST-DEVELOPER v20.1',
/* originating_system */ 'Autodesk Translation Framework v15.8.0.0',
/* authorisation */ '');

FILE_SCHEMA (('AUTOMOTIVE_DESIGN { 1 0 10303 214 3 1 1 }'));
ENDSEC;

DATA;
#10=MECHANICAL_DESIGN_GEOMETRIC_PRESENTATION_REPRESENTATION('',(#13),#6723);
#11=SHAPE_REPRESENTATION_RELATIONSHIP('SRR','None',#6730,#12);
#12=ADVANCED_BREP_SHAPE_REPRESENTATION('',(#14),#6722);
#13=STYLED_ITEM('',(#6740),#14);
#14=MANIFOLD_SOLID_BREP('FacePlate',#763);
#15=FACE_BOUND('',#172,.T.);
#16=FACE_BOUND('',#174,.T.);
#17=FACE_BOUND('',#175,.T.);
#18=FACE_BOUND('',#176,.T.);
#19=FACE_BOUND('',#177,.T.);
#20=FACE_BOUND('',#178,.T.);
#21=FACE_BOUND('',#179,.T.);
#22=FACE_BOUND('',#180,.T.);
#23=FACE_BOUND('',#184,.T.);
#24=FACE_BOUND('',#185,.T.);
#25=B_SPLINE_SURFACE_WITH_KNOTS('',3,3,((#2827,#2828,#2829,#2830),(#2831,
#2832,#2833,#2834),(#2835,#2836,#2837,#2838),(#2839,#2840,#2841,#2842),
(#2843,#2844,#2845,#2846),(#2847,#2848,#2849,#2850),(#2851,#2852,#2853,
#2854),(#2855,#2856,#2857,#2858),(#2859,#2860,#2861,#2862),(#2863,#2864,
#2865,#2866),(#2867,#2868,#2869,#2870),(#2871,#2872,#2873,#2874),(#2875,
#2876,#2877,#2878),(#2879,#2880,#2881,#2882),(#2883,#2884,#2885,#2886),
(#2887,#2888,#2889,#2890),(#2891,#2892,#2893,#2894),(#2895,#2896,#2897,
#2898),(#2899,#2900,#2901,#2902),(#2903,#2904,#2905,#2906),(#2907,#2908,
#2909,#2910),(#2911,#2912,#2913,#2914),(#2915,#2916,#2917,#2918),(#2919,
#2920,#2921,#2922),(#2923,#2924,#2925,#2926),(#2927,#2928,#2929,#2930),
(#2931,#2932,#2933,#2934),(#2935,#2936,#2937,#2938),(#2939,#2940,#2941,
#2942),(#2943,#2944,#2945,#2946),(#2947,#2948,#2949,#2950),(#2951,#2952,
#2953,#2954),(#2955,#2956,#2957,#2958),(#2959,#2960,#2961,#2962),(#2963,
#2964,#2965,#2966),(#2967,#2968,#2969,#2970),(#2971,#2972,#2973,#2974),
(#2975,#2976,#2977,#2978)),.UNSPECIFIED.,.F.,.F.,.F.,(4,2,1,2,1,1,2,1,1,
2,1,1,1,2,1,1,1,1,2,1,2,1,1,1,1,1,2,4),(4,4),(-0.999695756636377,-0.99929180739126,
-0.962666159067195,-0.926040510743129,-0.852165557288431,-0.815228080561082,
-0.778290603833733,-0.716026661561737,-0.68489469042574,-0.653762719289742,
-0.568678479204205,-0.526136359161436,-0.504865299140052,-0.483594239118668,
-0.453493391994084,-0.4233925448695,-0.393291697744916,-0.378241274182624,
-0.363190850620332,-0.291900524521727,-0.220610198423122,-0.118594104938981,
-0.0675860581969102,-0.0420820348258749,-0.0293300231403573,-0.0229540172975984,
-0.0165780114548396,-0.00967544044018531),(0.,0.2),.UNSPECIFIED.);
#26=B_SPLINE_SURFACE_WITH_KNOTS('',3,3,((#3101,#3102,#3103,#3104),(#3105,
#3106,#3107,#3108),(#3109,#3110,#3111,#3112),(#3113,#3114,#3115,#3116),
(#3117,#3118,#3119,#3120),(#3121,#3122,#3123,#3124),(#3125,#3126,#3127,
#3128),(#3129,#3130,#3131,#3132),(#3133,#3134,#3135,#3136),(#3137,#3138,
#3139,#3140),(#3141,#3142,#3143,#3144),(#3145,#3146,#3147,#3148),(#3149,
#3150,#3151,#3152),(#3153,#3154,#3155,#3156),(#3157,#3158,#3159,#3160),
(#3161,#3162,#3163,#3164),(#3165,#3166,#3167,#3168),(#3169,#3170,#3171,
#3172),(#3173,#3174,#3175,#3176),(#3177,#3178,#3179,#3180),(#3181,#3182,
#3183,#3184),(#3185,#3186,#3187,#3188),(#3189,#3190,#3191,#3192),(#3193,
#3194,#3195,#3196),(#3197,#3198,#3199,#3200),(#3201,#3202,#3203,#3204),
(#3205,#3206,#3207,#3208),(#3209,#3210,#3211,#3212),(#3213,#3214,#3215,
#3216),(#3217,#3218,#3219,#3220)),.UNSPECIFIED.,.F.,.F.,.F.,(4,3,2,1,1,
2,1,2,1,2,1,2,1,1,2,2,1,1,4),(4,4),(-1.00060882074544,-1.,-0.879517503359367,
-0.809073509445946,-0.773851512489235,-0.738629515532525,-0.670304862718842,
-0.629310071030633,-0.55710178717056,-0.533032359217202,-0.475527913344888,
-0.418023467472573,-0.371979062252309,-0.348956859642177,-0.325934657032045,
-0.195593819233225,-0.0977879428796894,-0.0488850047029216,1.7933473846129E-5),
(0.,0.2),.UNSPECIFIED.);
#27=B_SPLINE_SURFACE_WITH_KNOTS('',3,3,((#3320,#3321,#3322,#3323),(#3324,
#3325,#3326,#3327),(#3328,#3329,#3330,#3331),(#3332,#3333,#3334,#3335),
(#3336,#3337,#3338,#3339),(#3340,#3341,#3342,#3343),(#3344,#3345,#3346,
#3347),(#3348,#3349,#3350,#3351),(#3352,#3353,#3354,#3355),(#3356,#3357,
#3358,#3359),(#3360,#3361,#3362,#3363),(#3364,#3365,#3366,#3367),(#3368,
#3369,#3370,#3371),(#3372,#3373,#3374,#3375),(#3376,#3377,#3378,#3379),
(#3380,#3381,#3382,#3383),(#3384,#3385,#3386,#3387),(#3388,#3389,#3390,
#3391),(#3392,#3393,#3394,#3395),(#3396,#3397,#3398,#3399),(#3400,#3401,
#3402,#3403),(#3404,#3405,#3406,#3407),(#3408,#3409,#3410,#3411),(#3412,
#3413,#3414,#3415),(#3416,#3417,#3418,#3419),(#3420,#3421,#3422,#3423),
(#3424,#3425,#3426,#3427),(#3428,#3429,#3430,#3431),(#3432,#3433,#3434,
#3435),(#3436,#3437,#3438,#3439),(#3440,#3441,#3442,#3443),(#3444,#3445,
#3446,#3447),(#3448,#3449,#3450,#3451),(#3452,#3453,#3454,#3455),(#3456,
#3457,#3458,#3459),(#3460,#3461,#3462,#3463),(#3464,#3465,#3466,#3467),
(#3468,#3469,#3470,#3471),(#3472,#3473,#3474,#3475),(#3476,#3477,#3478,
#3479),(#3480,#3481,#3482,#3483),(#3484,#3485,#3486,#3487)),
 .UNSPECIFIED.,.F.,.F.,.F.,(4,2,1,2,1,1,1,2,1,1,1,2,1,1,1,2,1,1,1,2,1,1,
1,2,1,1,2,1,3,4),(4,4),(-0.999757182471575,-0.999384548212822,-0.984076135375634,
-0.968767722538446,-0.92266909565469,-0.876570468770933,-0.830471841887177,
-0.78437321500342,-0.710417522619022,-0.673439676426822,-0.654950753330723,
-0.636461830234623,-0.585135455462915,-0.559472268077061,-0.546640674384134,
-0.533809080691207,-0.469559716392235,-0.43743503424275,-0.421372693168007,
-0.405310352093264,-0.352446973210721,-0.326015283769449,-0.312799439048814,
-0.299583594328178,-0.239854451692125,-0.209989880374099,-0.180125309056073,
-0.0900626545280363,0.,0.00161703101832891),(0.,0.2),.UNSPECIFIED.);
#28=B_SPLINE_SURFACE_WITH_KNOTS('',3,3,((#3618,#3619,#3620,#3621),(#3622,
#3623,#3624,#3625),(#3626,#3627,#3628,#3629),(#3630,#3631,#3632,#3633),
(#3634,#3635,#3636,#3637),(#3638,#3639,#3640,#3641),(#3642,#3643,#3644,
#3645),(#3646,#3647,#3648,#3649),(#3650,#3651,#3652,#3653),(#3654,#3655,
#3656,#3657),(#3658,#3659,#3660,#3661),(#3662,#3663,#3664,#3665),(#3666,
#3667,#3668,#3669),(#3670,#3671,#3672,#3673),(#3674,#3675,#3676,#3677),
(#3678,#3679,#3680,#3681),(#3682,#3683,#3684,#3685),(#3686,#3687,#3688,
#3689),(#3690,#3691,#3692,#3693),(#3694,#3695,#3696,#3697),(#3698,#3699,
#3700,#3701),(#3702,#3703,#3704,#3705),(#3706,#3707,#3708,#3709),(#3710,
#3711,#3712,#3713),(#3714,#3715,#3716,#3717),(#3718,#3719,#3720,#3721),
(#3722,#3723,#3724,#3725),(#3726,#3727,#3728,#3729),(#3730,#3731,#3732,
#3733),(#3734,#3735,#3736,#3737),(#3738,#3739,#3740,#3741),(#3742,#3743,
#3744,#3745),(#3746,#3747,#3748,#3749),(#3750,#3751,#3752,#3753),(#3754,
#3755,#3756,#3757),(#3758,#3759,#3760,#3761),(#3762,#3763,#3764,#3765),
(#3766,#3767,#3768,#3769),(#3770,#3771,#3772,#3773),(#3774,#3775,#3776,
#3777)),.UNSPECIFIED.,.F.,.F.,.F.,(4,2,1,2,1,1,1,1,2,1,1,2,1,1,1,1,2,1,
1,1,2,1,2,1,2,1,3,4),(4,4),(-0.999691753559009,-0.999322457098717,-0.980285992677875,
-0.961249528257033,-0.920417025162739,-0.879584522068445,-0.838752018974151,
-0.818335767427004,-0.797919515879857,-0.733999054043661,-0.702038823125563,
-0.670078592207465,-0.607684182923294,-0.592085580602251,-0.576486978281208,
-0.560888375960165,-0.545289773639123,-0.48301214095055,-0.451873324606263,
-0.43630391643412,-0.420734508261977,-0.349951625142164,-0.279168742022351,
-0.204017700881398,-0.128866659740445,-0.0644333298702225,0.,0.00237569879761186),
(0.,0.2),.UNSPECIFIED.);
#29=B_SPLINE_SURFACE_WITH_KNOTS('',3,3,((#3964,#3965,#3966,#3967,#3968,
#3969,#3970,#3971,#3972,#3973,#3974,#3975,#3976,#3977,#3978,#3979,#3980,
#3981,#3982,#3983,#3984,#3985,#3986,#3987,#3988,#3989,#3990,#3991,#3992,
#3993,#3994,#3995,#3996,#3997,#3998,#3999,#4000,#4001,#4002,#4003,#4004,
#4005,#4006,#4007,#4008,#4009,#4010,#4011,#4012,#4013,#4014,#4015,#4016,
#4017,#4018,#4019,#4020,#4021,#4022,#4023,#4024,#4025,#4026,#4027,#4028,
#4029,#4030,#4031,#4032,#4033,#4034,#4035,#4036,#4037,#4038,#4039,#4040,
#4041,#4042,#4043,#4044,#4045,#4046,#4047,#4048,#4049,#4050,#4051,#4052,
#4053,#4054,#4055,#4056,#4057,#4058,#4059,#4060,#4061,#4062,#4063,#4064,
#4065,#4066,#4067,#4068,#4069,#4070,#4071,#4072,#4073,#4074,#4075,#4076,
#4077,#4078,#4079,#4080,#4081,#4082,#4083,#4084,#4085,#4086,#4087,#4088,
#4089,#4090,#4091,#4092,#4093,#4094,#4095,#4096,#4097,#4098,#4099,#4100,
#4101,#4102,#4103,#4104,#4105,#4106,#4107,#4108,#4109,#4110,#4111,#4112,
#4113,#4114,#4115,#4116,#4117,#4118,#4119,#4120,#4121,#4122,#4123,#4124,
#4125,#4126,#4127,#4128,#4129,#4130,#4131,#4132,#4133,#4134,#4135,#4136,
#4137,#4138,#4139,#4140,#4141,#4142,#4143,#4144,#4145,#4146,#4147,#4148,
#4149,#4150,#4151,#4152,#4153,#4154,#4155,#4156,#4157,#4158,#4159,#4160,
#4161,#4162,#4163,#4164,#4165,#4166,#4167,#4168,#4169,#4170,#4171,#4172,
#4173,#4174,#4175,#4176,#4177,#4178,#4179,#4180,#4181,#4182,#4183,#4184,
#4185,#4186,#4187,#4188,#4189,#4190,#4191,#4192,#4193,#4194,#4195,#4196,
#4197,#4198,#4199,#4200,#4201,#4202,#4203,#4204,#4205,#4206,#4207,#4208,
#4209,#4210,#4211,#4212,#4213,#4214,#4215,#4216,#4217,#4218,#4219,#4220,
#4221,#4222,#4223,#4224,#4225,#4226,#4227,#4228,#4229,#4230,#4231,#4232,
#4233,#4234,#4235,#4236,#4237,#4238,#4239,#4240,#4241,#4242,#4243,#4244,
#4245,#4246,#4247,#4248,#4249,#4250,#4251,#4252,#4253,#4254,#4255,#4256,
#4257,#4258,#4259,#4260,#4261,#4262,#4263,#4264,#4265,#4266,#4267,#4268,
#4269,#4270,#4271,#4272,#4273,#4274,#4275,#4276,#4277,#4278,#4279,#4280,
#4281,#4282,#4283,#4284,#4285,#4286,#4287,#4288),(#4289,#4290,#4291,#4292,
#4293,#4294,#4295,#4296,#4297,#4298,#4299,#4300,#4301,#4302,#4303,#4304,
#4305,#4306,#4307,#4308,#4309,#4310,#4311,#4312,#4313,#4314,#4315,#4316,
#4317,#4318,#4319,#4320,#4321,#4322,#4323,#4324,#4325,#4326,#4327,#4328,
#4329,#4330,#4331,#4332,#4333,#4334,#4335,#4336,#4337,#4338,#4339,#4340,
#4341,#4342,#4343,#4344,#4345,#4346,#4347,#4348,#4349,#4350,#4351,#4352,
#4353,#4354,#4355,#4356,#4357,#4358,#4359,#4360,#4361,#4362,#4363,#4364,
#4365,#4366,#4367,#4368,#4369,#4370,#4371,#4372,#4373,#4374,#4375,#4376,
#4377,#4378,#4379,#4380,#4381,#4382,#4383,#4384,#4385,#4386,#4387,#4388,
#4389,#4390,#4391,#4392,#4393,#4394,#4395,#4396,#4397,#4398,#4399,#4400,
#4401,#4402,#4403,#4404,#4405,#4406,#4407,#4408,#4409,#4410,#4411,#4412,
#4413,#4414,#4415,#4416,#4417,#4418,#4419,#4420,#4421,#4422,#4423,#4424,
#4425,#4426,#4427,#4428,#4429,#4430,#4431,#4432,#4433,#4434,#4435,#4436,
#4437,#4438,#4439,#4440,#4441,#4442,#4443,#4444,#4445,#4446,#4447,#4448,
#4449,#4450,#4451,#4452,#4453,#4454,#4455,#4456,#4457,#4458,#4459,#4460,
#4461,#4462,#4463,#4464,#4465,#4466,#4467,#4468,#4469,#4470,#4471,#4472,
#4473,#4474,#4475,#4476,#4477,#4478,#4479,#4480,#4481,#4482,#4483,#4484,
#4485,#4486,#4487,#4488,#4489,#4490,#4491,#4492,#4493,#4494,#4495,#4496,
#4497,#4498,#4499,#4500,#4501,#4502,#4503,#4504,#4505,#4506,#4507,#4508,
#4509,#4510,#4511,#4512,#4513,#4514,#4515,#4516,#4517,#4518,#4519,#4520,
#4521,#4522,#4523,#4524,#4525,#4526,#4527,#4528,#4529,#4530,#4531,#4532,
#4533,#4534,#4535,#4536,#4537,#4538,#4539,#4540,#4541,#4542,#4543,#4544,
#4545,#4546,#4547,#4548,#4549,#4550,#4551,#4552,#4553,#4554,#4555,#4556,
#4557,#4558,#4559,#4560,#4561,#4562,#4563,#4564,#4565,#4566,#4567,#4568,
#4569,#4570,#4571,#4572,#4573,#4574,#4575,#4576,#4577,#4578,#4579,#4580,
#4581,#4582,#4583,#4584,#4585,#4586,#4587,#4588,#4589,#4590,#4591,#4592,
#4593,#4594,#4595,#4596,#4597,#4598,#4599,#4600,#4601,#4602,#4603,#4604,
#4605,#4606,#4607,#4608,#4609,#4610,#4611,#4612,#4613),(#4614,#4615,#4616,
#4617,#4618,#4619,#4620,#4621,#4622,#4623,#4624,#4625,#4626,#4627,#4628,
#4629,#4630,#4631,#4632,#4633,#4634,#4635,#4636,#4637,#4638,#4639,#4640,
#4641,#4642,#4643,#4644,#4645,#4646,#4647,#4648,#4649,#4650,#4651,#4652,
#4653,#4654,#4655,#4656,#4657,#4658,#4659,#4660,#4661,#4662,#4663,#4664,
#4665,#4666,#4667,#4668,#4669,#4670,#4671,#4672,#4673,#4674,#4675,#4676,
#4677,#4678,#4679,#4680,#4681,#4682,#4683,#4684,#4685,#4686,#4687,#4688,
#4689,#4690,#4691,#4692,#4693,#4694,#4695,#4696,#4697,#4698,#4699,#4700,
#4701,#4702,#4703,#4704,#4705,#4706,#4707,#4708,#4709,#4710,#4711,#4712,
#4713,#4714,#4715,#4716,#4717,#4718,#4719,#4720,#4721,#4722,#4723,#4724,
#4725,#4726,#4727,#4728,#4729,#4730,#4731,#4732,#4733,#4734,#4735,#4736,
#4737,#4738,#4739,#4740,#4741,#4742,#4743,#4744,#4745,#4746,#4747,#4748,
#4749,#4750,#4751,#4752,#4753,#4754,#4755,#4756,#4757,#4758,#4759,#4760,
#4761,#4762,#4763,#4764,#4765,#4766,#4767,#4768,#4769,#4770,#4771,#4772,
#4773,#4774,#4775,#4776,#4777,#4778,#4779,#4780,#4781,#4782,#4783,#4784,
#4785,#4786,#4787,#4788,#4789,#4790,#4791,#4792,#4793,#4794,#4795,#4796,
#4797,#4798,#4799,#4800,#4801,#4802,#4803,#4804,#4805,#4806,#4807,#4808,
#4809,#4810,#4811,#4812,#4813,#4814,#4815,#4816,#4817,#4818,#4819,#4820,
#4821,#4822,#4823,#4824,#4825,#4826,#4827,#4828,#4829,#4830,#4831,#4832,
#4833,#4834,#4835,#4836,#4837,#4838,#4839,#4840,#4841,#4842,#4843,#4844,
#4845,#4846,#4847,#4848,#4849,#4850,#4851,#4852,#4853,#4854,#4855,#4856,
#4857,#4858,#4859,#4860,#4861,#4862,#4863,#4864,#4865,#4866,#4867,#4868,
#4869,#4870,#4871,#4872,#4873,#4874,#4875,#4876,#4877,#4878,#4879,#4880,
#4881,#4882,#4883,#4884,#4885,#4886,#4887,#4888,#4889,#4890,#4891,#4892,
#4893,#4894,#4895,#4896,#4897,#4898,#4899,#4900,#4901,#4902,#4903,#4904,
#4905,#4906,#4907,#4908,#4909,#4910,#4911,#4912,#4913,#4914,#4915,#4916,
#4917,#4918,#4919,#4920,#4921,#4922,#4923,#4924,#4925,#4926,#4927,#4928,
#4929,#4930,#4931,#4932,#4933,#4934,#4935,#4936,#4937,#4938),(#4939,#4940,
#4941,#4942,#4943,#4944,#4945,#4946,#4947,#4948,#4949,#4950,#4951,#4952,
#4953,#4954,#4955,#4956,#4957,#4958,#4959,#4960,#4961,#4962,#4963,#4964,
#4965,#4966,#4967,#4968,#4969,#4970,#4971,#4972,#4973,#4974,#4975,#4976,
#4977,#4978,#4979,#4980,#4981,#4982,#4983,#4984,#4985,#4986,#4987,#4988,
#4989,#4990,#4991,#4992,#4993,#4994,#4995,#4996,#4997,#4998,#4999,#5000,
#5001,#5002,#5003,#5004,#5005,#5006,#5007,#5008,#5009,#5010,#5011,#5012,
#5013,#5014,#5015,#5016,#5017,#5018,#5019,#5020,#5021,#5022,#5023,#5024,
#5025,#5026,#5027,#5028,#5029,#5030,#5031,#5032,#5033,#5034,#5035,#5036,
#5037,#5038,#5039,#5040,#5041,#5042,#5043,#5044,#5045,#5046,#5047,#5048,
#5049,#5050,#5051,#5052,#5053,#5054,#5055,#5056,#5057,#5058,#5059,#5060,
#5061,#5062,#5063,#5064,#5065,#5066,#5067,#5068,#5069,#5070,#5071,#5072,
#5073,#5074,#5075,#5076,#5077,#5078,#5079,#5080,#5081,#5082,#5083,#5084,
#5085,#5086,#5087,#5088,#5089,#5090,#5091,#5092,#5093,#5094,#5095,#5096,
#5097,#5098,#5099,#5100,#5101,#5102,#5103,#5104,#5105,#5106,#5107,#5108,
#5109,#5110,#5111,#5112,#5113,#5114,#5115,#5116,#5117,#5118,#5119,#5120,
#5121,#5122,#5123,#5124,#5125,#5126,#5127,#5128,#5129,#5130,#5131,#5132,
#5133,#5134,#5135,#5136,#5137,#5138,#5139,#5140,#5141,#5142,#5143,#5144,
#5145,#5146,#5147,#5148,#5149,#5150,#5151,#5152,#5153,#5154,#5155,#5156,
#5157,#5158,#5159,#5160,#5161,#5162,#5163,#5164,#5165,#5166,#5167,#5168,
#5169,#5170,#5171,#5172,#5173,#5174,#5175,#5176,#5177,#5178,#5179,#5180,
#5181,#5182,#5183,#5184,#5185,#5186,#5187,#5188,#5189,#5190,#5191,#5192,
#5193,#5194,#5195,#5196,#5197,#5198,#5199,#5200,#5201,#5202,#5203,#5204,
#5205,#5206,#5207,#5208,#5209,#5210,#5211,#5212,#5213,#5214,#5215,#5216,
#5217,#5218,#5219,#5220,#5221,#5222,#5223,#5224,#5225,#5226,#5227,#5228,
#5229,#5230,#5231,#5232,#5233,#5234,#5235,#5236,#5237,#5238,#5239,#5240,
#5241,#5242,#5243,#5244,#5245,#5246,#5247,#5248,#5249,#5250,#5251,#5252,
#5253,#5254,#5255,#5256,#5257,#5258,#5259,#5260,#5261,#5262,#5263),(#5264,
#5265,#5266,#5267,#5268,#5269,#5270,#5271,#5272,#5273,#5274,#5275,#5276,
#5277,#5278,#5279,#5280,#5281,#5282,#5283,#5284,#5285,#5286,#5287,#5288,
#5289,#5290,#5291,#5292,#5293,#5294,#5295,#5296,#5297,#5298,#5299,#5300,
#5301,#5302,#5303,#5304,#5305,#5306,#5307,#5308,#5309,#5310,#5311,#5312,
#5313,#5314,#5315,#5316,#5317,#5318,#5319,#5320,#5321,#5322,#5323,#5324,
#5325,#5326,#5327,#5328,#5329,#5330,#5331,#5332,#5333,#5334,#5335,#5336,
#5337,#5338,#5339,#5340,#5341,#5342,#5343,#5344,#5345,#5346,#5347,#5348,
#5349,#5350,#5351,#5352,#5353,#5354,#5355,#5356,#5357,#5358,#5359,#5360,
#5361,#5362,#5363,#5364,#5365,#5366,#5367,#5368,#5369,#5370,#5371,#5372,
#5373,#5374,#5375,#5376,#5377,#5378,#5379,#5380,#5381,#5382,#5383,#5384,
#5385,#5386,#5387,#5388,#5389,#5390,#5391,#5392,#5393,#5394,#5395,#5396,
#5397,#5398,#5399,#5400,#5401,#5402,#5403,#5404,#5405,#5406,#5407,#5408,
#5409,#5410,#5411,#5412,#5413,#5414,#5415,#5416,#5417,#5418,#5419,#5420,
#5421,#5422,#5423,#5424,#5425,#5426,#5427,#5428,#5429,#5430,#5431,#5432,
#5433,#5434,#5435,#5436,#5437,#5438,#5439,#5440,#5441,#5442,#5443,#5444,
#5445,#5446,#5447,#5448,#5449,#5450,#5451,#5452,#5453,#5454,#5455,#5456,
#5457,#5458,#5459,#5460,#5461,#5462,#5463,#5464,#5465,#5466,#5467,#5468,
#5469,#5470,#5471,#5472,#5473,#5474,#5475,#5476,#5477,#5478,#5479,#5480,
#5481,#5482,#5483,#5484,#5485,#5486,#5487,#5488,#5489,#5490,#5491,#5492,
#5493,#5494,#5495,#5496,#5497,#5498,#5499,#5500,#5501,#5502,#5503,#5504,
#5505,#5506,#5507,#5508,#5509,#5510,#5511,#5512,#5513,#5514,#5515,#5516,
#5517,#5518,#5519,#5520,#5521,#5522,#5523,#5524,#5525,#5526,#5527,#5528,
#5529,#5530,#5531,#5532,#5533,#5534,#5535,#5536,#5537,#5538,#5539,#5540,
#5541,#5542,#5543,#5544,#5545,#5546,#5547,#5548,#5549,#5550,#5551,#5552,
#5553,#5554,#5555,#5556,#5557,#5558,#5559,#5560,#5561,#5562,#5563,#5564,
#5565,#5566,#5567,#5568,#5569,#5570,#5571,#5572,#5573,#5574,#5575,#5576,
#5577,#5578,#5579,#5580,#5581,#5582,#5583,#5584,#5585,#5586,#5587,#5588),
(#5589,#5590,#5591,#5592,#5593,#5594,#5595,#5596,#5597,#5598,#5599,#5600,
#5601,#5602,#5603,#5604,#5605,#5606,#5607,#5608,#5609,#5610,#5611,#5612,
#5613,#5614,#5615,#5616,#5617,#5618,#5619,#5620,#5621,#5622,#5623,#5624,
#5625,#5626,#5627,#5628,#5629,#5630,#5631,#5632,#5633,#5634,#5635,#5636,
#5637,#5638,#5639,#5640,#5641,#5642,#5643,#5644,#5645,#5646,#5647,#5648,
#5649,#5650,#5651,#5652,#5653,#5654,#5655,#5656,#5657,#5658,#5659,#5660,
#5661,#5662,#5663,#5664,#5665,#5666,#5667,#5668,#5669,#5670,#5671,#5672,
#5673,#5674,#5675,#5676,#5677,#5678,#5679,#5680,#5681,#5682,#5683,#5684,
#5685,#5686,#5687,#5688,#5689,#5690,#5691,#5692,#5693,#5694,#5695,#5696,
#5697,#5698,#5699,#5700,#5701,#5702,#5703,#5704,#5705,#5706,#5707,#5708,
#5709,#5710,#5711,#5712,#5713,#5714,#5715,#5716,#5717,#5718,#5719,#5720,
#5721,#5722,#5723,#5724,#5725,#5726,#5727,#5728,#5729,#5730,#5731,#5732,
#5733,#5734,#5735,#5736,#5737,#5738,#5739,#5740,#5741,#5742,#5743,#5744,
#5745,#5746,#5747,#5748,#5749,#5750,#5751,#5752,#5753,#5754,#5755,#5756,
#5757,#5758,#5759,#5760,#5761,#5762,#5763,#5764,#5765,#5766,#5767,#5768,
#5769,#5770,#5771,#5772,#5773,#5774,#5775,#5776,#5777,#5778,#5779,#5780,
#5781,#5782,#5783,#5784,#5785,#5786,#5787,#5788,#5789,#5790,#5791,#5792,
#5793,#5794,#5795,#5796,#5797,#5798,#5799,#5800,#5801,#5802,#5803,#5804,
#5805,#5806,#5807,#5808,#5809,#5810,#5811,#5812,#5813,#5814,#5815,#5816,
#5817,#5818,#5819,#5820,#5821,#5822,#5823,#5824,#5825,#5826,#5827,#5828,
#5829,#5830,#5831,#5832,#5833,#5834,#5835,#5836,#5837,#5838,#5839,#5840,
#5841,#5842,#5843,#5844,#5845,#5846,#5847,#5848,#5849,#5850,#5851,#5852,
#5853,#5854,#5855,#5856,#5857,#5858,#5859,#5860,#5861,#5862,#5863,#5864,
#5865,#5866,#5867,#5868,#5869,#5870,#5871,#5872,#5873,#5874,#5875,#5876,
#5877,#5878,#5879,#5880,#5881,#5882,#5883,#5884,#5885,#5886,#5887,#5888,
#5889,#5890,#5891,#5892,#5893,#5894,#5895,#5896,#5897,#5898,#5899,#5900,
#5901,#5902,#5903,#5904,#5905,#5906,#5907,#5908,#5909,#5910,#5911,#5912,
#5913)),.UNSPECIFIED.,.F.,.T.,.F.,(4,1,1,4),(4,1,1,1,1,1,1,1,1,1,1,1,1,
1,1,1,1,1,1,1,1,1,1,1,1,1,1,1,1,1,1,1,1,1,1,2,1,1,1,1,1,1,2,1,1,1,1,1,1,
1,1,1,1,1,1,1,1,1,1,1,1,1,1,1,1,1,1,1,1,1,1,1,1,1,1,1,1,1,1,1,1,1,1,1,1,
1,1,1,1,1,1,1,1,1,1,1,1,1,1,1,1,1,1,1,1,1,1,1,1,1,1,1,1,1,2,1,1,1,1,1,2,
1,1,1,1,1,1,1,1,1,1,1,1,1,1,1,1,1,1,1,1,1,1,1,1,1,1,1,1,1,1,1,1,1,1,1,1,
1,1,1,1,1,1,1,1,1,1,1,1,1,1,2,1,1,1,1,1,1,2,1,1,1,1,1,1,1,1,1,1,1,1,1,1,
1,1,1,1,1,1,1,1,1,1,1,1,1,1,1,1,1,1,1,1,1,1,1,1,1,1,1,1,1,1,1,1,1,1,1,1,
1,1,1,1,1,1,1,1,1,1,1,1,1,1,1,1,1,1,1,1,1,1,1,1,1,1,1,1,1,1,1,1,1,1,1,1,
1,1,1,1,1,1,1,1,1,1,1,1,1,1,1,1,1,1,1,1,1,1,1,1,1,1,1,1,1,1,1,1,1,1,1,1,
1,1,1,1,1,1,1,1,1,1,2,1,1,1,4),(0.,0.285714285714286,0.571428571428571,
1.),(0.,0.00712154335107132,0.0142430867021426,0.021364630053214,0.0284861734042853,
0.0356077167553566,0.0427292601064279,0.0498508034574993,0.0569723468085706,
0.0640938901596419,0.0712154335107132,0.0783369768617846,0.0854585202128559,
0.0925800635639272,0.0997016069149985,0.10682315026607,0.113944693617141,
0.121066236968213,0.128187780319284,0.135309323670355,0.142430867021426,
0.149552410372498,0.156673953723569,0.16379549707464,0.170917040425712,
0.178038583776783,0.185160127127854,0.192281670478926,0.199403213829997,
0.202963985505533,0.206524757181068,0.21364630053214,0.217207072207675,
0.218987458045443,0.220767843883211,0.227889387234282,0.227943469700613,
0.227997552166944,0.228105717099605,0.228322046964929,0.228754706695575,
0.229620026156867,0.231350665079452,0.231480154799727,0.231609644520001,
0.231868623960551,0.232386582841651,0.232904541722751,0.233422500603851,
0.234458418366051,0.235494336128251,0.23756617165265,0.23963800717705,0.243781678225849,
0.247925349274648,0.252069020323447,0.254140855847847,0.255176773610046,
0.256212691372246,0.260356362421045,0.264500033469844,0.268643704518643,
0.272787375567442,0.276931046616242,0.281074717665041,0.28521838871384,
0.289362059762639,0.293505730811438,0.297649401860237,0.303174296591969,
0.308699191323701,0.314224086055433,0.319748980787166,0.325273875518898,
0.33079877025063,0.334942441299429,0.339086112348228,0.343229783397027,
0.347373454445826,0.351517125494625,0.355660796543424,0.359804467592223,
0.363948138641022,0.368091809689822,0.372235480738621,0.37637915178742,
0.380522822836219,0.384666493885018,0.388810164933817,0.392953835982616,
0.397097507031415,0.401241178080214,0.405384849129013,0.409528520177812,
0.413672191226612,0.417815862275411,0.42195953332421,0.426103204373009,
0.430246875421808,0.434390546470607,0.438534217519406,0.442677888568205,
0.446821559617004,0.450965230665803,0.455108901714603,0.459252572763402,
0.463396243812201,0.467539914861,0.471683585909799,0.475827256958598,0.479970928007397,
0.484114599056196,0.488258270104995,0.492401941153794,0.496545612202593,
0.496761951621773,0.496978291040953,0.497410969879313,0.497843648717673,
0.498276327556033,0.500007042909473,0.500118307057501,0.500229571205529,
0.500452099501585,0.500897156093697,0.50178726927792,0.503567495646368,
0.505347722014815,0.507127948383262,0.514248853857051,0.52136975933084,
0.528490664804628,0.535611570278417,0.542732475752206,0.549853381225995,
0.556974286699783,0.561721557015643,0.566468827331502,0.571216097647361,
0.57596336796322,0.580710638279079,0.585457908594939,0.592578814068727,
0.599699719542516,0.606820625016305,0.613941530490094,0.621062435963882,
0.628183341437671,0.63530424691146,0.642425152385249,0.649546057859038,
0.656666963332826,0.663787868806615,0.670908774280404,0.678029679754193,
0.685150585227981,0.69227149070177,0.699392396175559,0.706513301649348,
0.713634207123137,0.717194659860031,0.718974886228478,0.720755112596925,
0.721645225781149,0.722090282373261,0.722535338965372,0.722980395557484,
0.723425452149596,0.72431556533382,0.725205678518043,0.726095791702267,
0.727876018070714,0.728309838782463,0.728743659494212,0.729611300917709,
0.730478942341207,0.730695852697081,0.730912763052956,0.731346583764704,
0.731411328829401,0.731476073894097,0.73160556402349,0.731864544282276,
0.732382504799848,0.733418425834991,0.735490267905278,0.739633952045852,
0.740151912563424,0.740669873080995,0.741705794116139,0.742741715151282,
0.743777636186426,0.747921320326999,0.752065004467573,0.756208688608147,
0.758280530678434,0.760352372748721,0.762424214819008,0.764496056889295,
0.766567898959581,0.768639741029868,0.772783425170442,0.776927109311016,
0.78107079345159,0.785214477592163,0.789358161732737,0.793501845873311,
0.797645530013885,0.803170442201316,0.808695354388748,0.81422026657618,
0.819745178763612,0.825270090951043,0.830795003138475,0.834938687279049,
0.839082371419622,0.843226055560196,0.84736973970077,0.851513423841344,
0.855657107981918,0.859800792122491,0.863944476263065,0.868088160403639,
0.872231844544213,0.876375528684786,0.88051921282536,0.884662896965934,
0.888806581106508,0.892950265247082,0.897093949387655,0.901237633528229,
0.905381317668803,0.909525001809377,0.91366868594995,0.917812370090524,
0.921956054231098,0.926099738371672,0.930243422512245,0.934387106652819,
0.938530790793393,0.942674474933967,0.946818159074541,0.950961843215114,
0.955105527355688,0.959249211496262,0.963392895636836,0.967536579777409,
0.969608421847696,0.971680263917983,0.975823948058557,0.979967632199131,
0.981003553234274,0.982039474269418,0.982557434786989,0.983075395304561,
0.984111316339704,0.986183158409991,0.986701118927563,0.987219079445135,
0.987737039962706,0.988255000480278,0.990326842550565,0.990844803068137,
0.991103783326923,0.991362763585709,0.99188072410328,0.992398684620852,
0.992657664879638,0.992916645138424,0.993175625397209,0.993434605655995,
0.993693585914781,0.993823076044174,0.993952566173567,0.994211546432353,
0.994470526691139,0.994729506949925,0.994988487208711,0.995117977338104,
0.9951827224028,0.995247467467496,0.995376957596889,0.995506447726282,0.995635937855675,
0.995700682920372,0.995765427985068,0.995894918114461,0.995959663179158,
0.996024408243854,0.996056780776202,0.996089153308551,0.996153898373247,
0.99628338850264,0.996299574768814,0.996307667901901,0.996315761034988,
0.996348133567336,0.996412878632033,0.996445251164381,0.996453344297468,
0.996461437430555,0.996477623696729,0.996493809962903,0.996509996229078,
0.996518089362165,0.996526182495252,0.996530229061795,0.996534275628339,
0.996538322194882,0.996539333836518,0.996540345478154,0.996542368761426,
0.997406776571069,0.997838980475891,0.998271184380713,1.),.UNSPECIFIED.);
#30=B_SPLINE_SURFACE_WITH_KNOTS('',3,3,((#6578,#6579,#6580,#6581),(#6582,
#6583,#6584,#6585),(#6586,#6587,#6588,#6589),(#6590,#6591,#6592,#6593),
(#6594,#6595,#6596,#6597),(#6598,#6599,#6600,#6601),(#6602,#6603,#6604,
#6605),(#6606,#6607,#6608,#6609),(#6610,#6611,#6612,#6613),(#6614,#6615,
#6616,#6617),(#6618,#6619,#6620,#6621),(#6622,#6623,#6624,#6625),(#6626,
#6627,#6628,#6629),(#6630,#6631,#6632,#6633),(#6634,#6635,#6636,#6637),
(#6638,#6639,#6640,#6641),(#6642,#6643,#6644,#6645),(#6646,#6647,#6648,
#6649),(#6650,#6651,#6652,#6653),(#6654,#6655,#6656,#6657),(#6658,#6659,
#6660,#6661),(#6662,#6663,#6664,#6665),(#6666,#6667,#6668,#6669),(#6670,
#6671,#6672,#6673),(#6674,#6675,#6676,#6677),(#6678,#6679,#6680,#6681),
(#6682,#6683,#6684,#6685),(#6686,#6687,#6688,#6689),(#6690,#6691,#6692,
#6693),(#6694,#6695,#6696,#6697),(#6698,#6699,#6700,#6701),(#6702,#6703,
#6704,#6705),(#6706,#6707,#6708,#6709),(#6710,#6711,#6712,#6713),(#6714,
#6715,#6716,#6717)),.UNSPECIFIED.,.T.,.F.,.F.,(4,1,2,1,1,2,1,1,1,1,2,1,
2,1,1,1,1,2,1,2,1,1,1,2,1,4),(4,4),(0.,0.108023399125636,0.216046798251271,
0.220205689392312,0.228523471674393,0.232682362815433,0.295352880970534,
0.358023399125636,0.420693917280737,0.452029176358288,0.483364435435838,
0.491682217717919,0.5,0.527005849781409,0.554011699562818,0.662035098688454,
0.689040948469863,0.716046798251271,0.724364580533352,0.732682362815433,
0.764017621892984,0.795352880970534,0.858023399125636,0.983364435435838,
0.991682217717919,1.),(0.113378215878684,0.312177830788698),
 .UNSPECIFIED.);
#31=B_SPLINE_CURVE_WITH_KNOTS('',3,(#1237,#1238,#1239,#1240,#1241,#1242,
#1243,#1244,#1245,#1246,#1247,#1248,#1249,#1250,#1251,#1252,#1253,#1254,
#1255,#1256,#1257,#1258,#1259,#1260,#1261,#1262,#1263,#1264,#1265,#1266,
#1267,#1268,#1269,#1270,#1271,#1272,#1273,#1274,#1275,#1276,#1277,#1278,
#1279,#1280,#1281,#1282,#1283,#1284,#1285,#1286,#1287,#1288,#1289,#1290,
#1291,#1292,#1293,#1294,#1295,#1296,#1297,#1298,#1299,#1300,#1301,#1302,
#1303,#1304,#1305,#1306,#1307,#1308,#1309,#1310,#1311,#1312,#1313,#1314,
#1315,#1316,#1317,#1318,#1319,#1320,#1321,#1322,#1323,#1324,#1325,#1326,
#1327,#1328,#1329,#1330,#1331,#1332,#1333,#1334,#1335,#1336,#1337,#1338,
#1339,#1340,#1341,#1342,#1343,#1344,#1345,#1346,#1347,#1348,#1349,#1350,
#1351,#1352,#1353,#1354,#1355,#1356,#1357,#1358,#1359,#1360),
 .UNSPECIFIED.,.F.,.F.,(4,3,3,3,3,3,3,3,3,3,3,3,3,3,3,3,3,3,3,3,3,3,3,3,
3,3,3,3,3,3,3,3,3,3,3,3,3,3,3,3,3,4),(0.,0.025718340347926,0.0467254856520298,
0.0676616662194297,0.0912655794979985,0.108070203640687,0.124159079392558,
0.140475195988235,0.157026566433941,0.174189816896302,0.19431389705784,
0.219200370087887,0.238068698870566,0.25467438618488,0.269892119869413,
0.284939959952272,0.302037830119775,0.334597146433141,0.357506511072594,
0.377616747433599,0.398134520179353,0.420088447395056,0.437336059766222,
0.453510452725697,0.469268799465863,0.484609661561827,0.499924680982612,
0.517082096644402,0.540187591988738,0.559865552894116,0.581869725539004,
0.611851670133524,0.638243572758537,0.661402223496472,0.688724839317909,
0.710880957715284,0.735729398479159,0.757543771642777,0.775169195362921,
0.793939030456501,0.81752535419,0.82298689113363),.UNSPECIFIED.);
#32=B_SPLINE_CURVE_WITH_KNOTS('',3,(#1362,#1363,#1364,#1365,#1366,#1367,
#1368,#1369,#1370,#1371,#1372,#1373,#1374,#1375,#1376,#1377,#1378,#1379,
#1380,#1381,#1382,#1383,#1384,#1385,#1386,#1387,#1388,#1389,#1390,#1391,
#1392,#1393,#1394,#1395,#1396,#1397,#1398,#1399,#1400,#1401,#1402,#1403,
#1404,#1405,#1406,#1407,#1408,#1409,#1410,#1411,#1412,#1413,#1414,#1415,
#1416,#1417,#1418,#1419,#1420,#1421,#1422,#1423,#1424,#1425,#1426,#1427,
#1428,#1429,#1430,#1431,#1432,#1433,#1434,#1435,#1436,#1437,#1438,#1439,
#1440,#1441,#1442,#1443,#1444,#1445,#1446,#1447,#1448,#1449,#1450,#1451,
#1452,#1453,#1454,#1455,#1456,#1457,#1458,#1459,#1460,#1461,#1462,#1463,
#1464,#1465,#1466,#1467,#1468,#1469,#1470,#1471,#1472,#1473,#1474,#1475,
#1476,#1477,#1478,#1479,#1480,#1481,#1482,#1483,#1484,#1485),
 .UNSPECIFIED.,.F.,.F.,(4,3,3,3,3,3,3,3,3,3,3,3,3,3,3,3,3,3,3,3,3,3,3,3,
3,3,3,3,3,3,3,3,3,3,3,3,3,3,3,3,3,4),(0.,0.0223501509921144,0.0394882631793708,
0.0555531971573213,0.0744494214370461,0.0959250080554537,0.115955102119543,
0.140410791020969,0.160483906834946,0.185243742884983,0.210830060241771,
0.231941148599496,0.249875583000378,0.269684682137632,0.285997615149746,
0.300697572971685,0.314938157111688,0.329414497390898,0.34426707575576,
0.359958102064162,0.378384604824463,0.399032160528455,0.417003191308313,
0.43821525844228,0.458433948888749,0.477056593673939,0.492787333208071,
0.506578783995647,0.520578988895707,0.536554190258124,0.554310597595171,
0.579571306077248,0.596994365454261,0.612473411640304,0.627627088886543,
0.64257287805935,0.657633929666163,0.674411378792472,0.698677820941477,
0.717175573935572,0.737621427417481,0.756396265451785),.UNSPECIFIED.);
#33=B_SPLINE_CURVE_WITH_KNOTS('',3,(#1666,#1667,#1668,#1669,#1670,#1671,
#1672,#1673,#1674,#1675,#1676,#1677,#1678,#1679,#1680,#1681,#1682,#1683,
#1684,#1685,#1686,#1687,#1688,#1689,#1690,#1691,#1692,#1693,#1694,#1695,
#1696,#1697,#1698,#1699,#1700,#1701,#1702,#1703,#1704,#1705,#1706,#1707,
#1708,#1709,#1710,#1711,#1712,#1713,#1714,#1715,#1716,#1717,#1718,#1719,
#1720,#1721,#1722,#1723,#1724,#1725,#1726,#1727,#1728,#1729,#1730,#1731,
#1732,#1733,#1734,#1735,#1736,#1737,#1738,#1739,#1740,#1741,#1742,#1743,
#1744,#1745,#1746,#1747,#1748,#1749,#1750,#1751,#1752,#1753,#1754,#1755,
#1756,#1757,#1758,#1759,#1760,#1761,#1762,#1763,#1764,#1765,#1766,#1767,
#1768,#1769,#1770,#1771,#1772,#1773,#1774,#1775,#1776,#1777,#1778,#1779,
#1780,#1781,#1782,#1783,#1784,#1785,#1786,#1787,#1788,#1789,#1790,#1791,
#1792,#1793,#1794,#1795,#1796,#1797,#1798,#1799,#1800,#1801),
 .UNSPECIFIED.,.F.,.F.,(4,3,3,3,3,3,3,3,3,3,3,3,3,3,3,3,3,3,3,3,3,3,3,3,
3,3,3,3,3,3,3,3,3,3,3,3,3,3,3,3,3,3,3,3,3,4),(0.,0.118027357777114,0.219263634625179,
0.315171740010007,0.430579534444148,0.557452671794547,0.650986270853063,
0.727529477155815,0.799776324783411,0.874244487062626,0.951629198354237,
1.03314820094591,1.12961148415128,1.21233848304867,1.28717761502778,1.35531715165262,
1.41887891323645,1.4790808977091,1.53811919847175,1.60346120975416,1.69319697408165,
1.76867344639053,1.84829933694973,1.94305665503413,2.02884219220071,2.11262720965304,
2.17797303778788,2.2366229494567,2.29415539200618,2.35682539681249,2.43088466153539,
2.51500908574366,2.59583509836971,2.70407150884451,2.7963720515745,2.91229617643881,
2.99141618322902,3.06478555572502,3.14275528746573,3.23345407273748,3.33525462479631,
3.44565983081414,3.53743542775857,3.63357366908566,3.75475787513375,3.77687544886764),
 .UNSPECIFIED.);
#34=B_SPLINE_CURVE_WITH_KNOTS('',3,(#1804,#1805,#1806,#1807,#1808,#1809,
#1810,#1811,#1812,#1813,#1814,#1815,#1816,#1817,#1818,#1819,#1820,#1821,
#1822,#1823,#1824,#1825,#1826,#1827,#1828,#1829,#1830,#1831,#1832,#1833,
#1834,#1835,#1836,#1837,#1838,#1839,#1840,#1841,#1842,#1843,#1844,#1845,
#1846,#1847,#1848,#1849,#1850,#1851,#1852,#1853,#1854,#1855,#1856,#1857,
#1858,#1859,#1860,#1861,#1862,#1863,#1864,#1865,#1866,#1867,#1868,#1869,
#1870,#1871,#1872,#1873,#1874,#1875,#1876,#1877,#1878,#1879,#1880,#1881,
#1882,#1883,#1884,#1885,#1886,#1887,#1888,#1889,#1890,#1891,#1892,#1893,
#1894,#1895,#1896,#1897,#1898,#1899,#1900,#1901,#1902,#1903,#1904,#1905,
#1906,#1907,#1908,#1909,#1910,#1911,#1912,#1913,#1914,#1915,#1916,#1917,
#1918,#1919,#1920,#1921,#1922,#1923,#1924,#1925,#1926,#1927,#1928,#1929,
#1930,#1931,#1932,#1933,#1934,#1935,#1936,#1937,#1938,#1939),
 .UNSPECIFIED.,.F.,.F.,(4,3,3,3,3,3,3,3,3,3,3,3,3,3,3,3,3,3,3,3,3,3,3,3,
3,3,3,3,3,3,3,3,3,3,3,3,3,3,3,3,3,3,3,3,3,4),(0.,0.0593053770577279,0.10791281656361,
0.153859112913999,0.208580451873015,0.261367689809711,0.305845350236411,
0.345440500628158,0.38230386432601,0.421851512558287,0.474851812846195,
0.520722823732155,0.575519134910561,0.616839539002334,0.658303323562099,
0.697036721758511,0.729319009441826,0.75824925327328,0.787524235941474,
0.819674930767202,0.858702822039673,0.902244980560171,0.950380427420111,
0.989992009403667,1.02631888666275,1.08078471036178,1.11369150380394,1.14346017478787,
1.1737499508469,1.20560458200565,1.23951604000471,1.27626389804547,1.317970935472,
1.36607787015027,1.40705017844675,1.44584446487148,1.48320760099792,1.51953409662241,
1.55766525130414,1.60202950833337,1.67124256076959,1.72787493703902,1.77615793917885,
1.82657401314787,1.89050728228017,1.89777206584729),.UNSPECIFIED.);
#35=B_SPLINE_CURVE_WITH_KNOTS('',3,(#2107,#2108,#2109,#2110,#2111,#2112,
#2113,#2114,#2115,#2116,#2117,#2118,#2119,#2120,#2121,#2122,#2123,#2124,
#2125,#2126,#2127,#2128,#2129,#2130,#2131,#2132,#2133,#2134,#2135,#2136,
#2137,#2138,#2139,#2140,#2141,#2142,#2143,#2144,#2145,#2146,#2147,#2148,
#2149,#2150,#2151,#2152,#2153,#2154,#2155,#2156,#2157,#2158,#2159,#2160,
#2161,#2162,#2163,#2164,#2165,#2166,#2167,#2168,#2169,#2170,#2171,#2172,
#2173,#2174,#2175,#2176,#2177,#2178,#2179,#2180,#2181,#2182,#2183,#2184,
#2185,#2186,#2187,#2188,#2189,#2190,#2191,#2192,#2193,#2194,#2195,#2196,
#2197,#2198,#2199,#2200,#2201,#2202,#2203,#2204,#2205,#2206,#2207,#2208,
#2209,#2210,#2211,#2212,#2213,#2214,#2215,#2216,#2217,#2218,#2219,#2220,
#2221,#2222,#2223,#2224,#2225,#2226,#2227,#2228,#2229,#2230,#2231,#2232,
#2233,#2234,#2235,#2236,#2237,#2238,#2239,#2240,#2241,#2242),
 .UNSPECIFIED.,.F.,.F.,(4,3,3,3,3,3,3,3,3,3,3,3,3,3,3,3,3,3,3,3,3,3,3,3,
3,3,3,3,3,3,3,3,3,3,3,3,3,3,3,3,3,3,3,3,3,4),(0.,0.068230069065524,0.124150929965912,
0.177010422833948,0.239963668051502,0.300694872490417,0.351864351335982,
0.397418216708242,0.439829216797723,0.485327177328245,0.546294322824752,
0.599070419219747,0.662128455512372,0.709667010343134,0.757378176749469,
0.801940177791572,0.83908062085332,0.872365175993386,0.906047637807297,
0.943039144879817,0.987940573281546,1.03802888623257,1.0934013940268,1.13894313951899,
1.18070770919882,1.24337361550494,1.28121448694339,1.31544373791039,1.35027914465785,
1.3869377689556,1.42600520570893,1.46841064714645,1.5164258268067,1.57210508709145,
1.61962739844854,1.66413756350853,1.70667934622121,1.74785729595394,1.7913100950741,
1.8443441700664,1.90970434823842,1.97811881370301,2.03071248355537,2.08363298671259,
2.14420603987492,2.18336221009677),.UNSPECIFIED.);
#36=B_SPLINE_CURVE_WITH_KNOTS('',3,(#2245,#2246,#2247,#2248,#2249,#2250,
#2251,#2252,#2253,#2254,#2255,#2256,#2257,#2258,#2259,#2260,#2261,#2262,
#2263,#2264,#2265,#2266,#2267,#2268,#2269,#2270,#2271,#2272,#2273,#2274,
#2275,#2276,#2277,#2278,#2279,#2280,#2281,#2282,#2283,#2284,#2285,#2286,
#2287,#2288,#2289,#2290,#2291,#2292,#2293,#2294,#2295,#2296,#2297,#2298,
#2299,#2300,#2301,#2302,#2303,#2304,#2305,#2306,#2307,#2308,#2309,#2310,
#2311,#2312,#2313,#2314,#2315,#2316,#2317,#2318,#2319,#2320,#2321,#2322,
#2323,#2324,#2325,#2326,#2327,#2328,#2329,#2330,#2331,#2332,#2333,#2334,
#2335,#2336,#2337,#2338,#2339,#2340,#2341,#2342,#2343,#2344,#2345,#2346,
#2347,#2348,#2349,#2350,#2351,#2352,#2353,#2354,#2355,#2356,#2357,#2358,
#2359,#2360,#2361,#2362,#2363,#2364,#2365,#2366,#2367,#2368,#2369,#2370,
#2371,#2372,#2373,#2374,#2375,#2376,#2377,#2378,#2379,#2380),
 .UNSPECIFIED.,.F.,.F.,(4,3,3,3,3,3,3,3,3,3,3,3,3,3,3,3,3,3,3,3,3,3,3,3,
3,3,3,3,3,3,3,3,3,3,3,3,3,3,3,3,3,3,3,3,3,4),(0.,0.108168832882975,0.19467029628331,
0.276764767980226,0.382450813247392,0.480328098895146,0.573486678687647,
0.646501311959366,0.711906972832511,0.778660913831996,0.848343269954345,
0.921914921892535,1.00600509802826,1.08380554868242,1.15810545816907,1.22245082964912,
1.28194324553459,1.33800353683182,1.39183291931963,1.44915026318588,1.5193237511158,
1.59591801974798,1.66539615840839,1.74676868016971,1.82953175548669,1.91253189584506,
1.97602350964974,2.03148724580291,2.08382364352785,2.13919121101415,2.20215566825048,
2.28482801203659,2.35652082408559,2.44469990709733,2.53232507998396,2.63023684362575,
2.71029920144209,2.77817581083375,2.84733154609708,2.92235215389018,3.01041537398208,
3.10952027687791,3.19749087072223,3.28208706862794,3.3759635561737,3.46140265225519),
 .UNSPECIFIED.);
#37=B_SPLINE_CURVE_WITH_KNOTS('',3,(#2547,#2548,#2549,#2550,#2551,#2552,
#2553,#2554,#2555,#2556,#2557,#2558,#2559,#2560,#2561,#2562,#2563,#2564,
#2565,#2566,#2567,#2568,#2569,#2570,#2571,#2572,#2573,#2574,#2575,#2576,
#2577,#2578,#2579,#2580,#2581,#2582,#2583,#2584,#2585,#2586,#2587,#2588,
#2589,#2590,#2591,#2592,#2593,#2594,#2595,#2596,#2597,#2598,#2599,#2600,
#2601,#2602,#2603,#2604,#2605,#2606,#2607,#2608,#2609,#2610,#2611,#2612,
#2613,#2614,#2615,#2616,#2617,#2618,#2619,#2620,#2621,#2622,#2623,#2624,
#2625,#2626,#2627,#2628,#2629,#2630,#2631,#2632,#2633,#2634,#2635,#2636,
#2637,#2638,#2639,#2640,#2641,#2642,#2643,#2644,#2645,#2646,#2647,#2648,
#2649,#2650,#2651,#2652,#2653,#2654,#2655,#2656,#2657,#2658,#2659,#2660,
#2661,#2662,#2663,#2664,#2665,#2666,#2667,#2668,#2669,#2670,#2671,#2672,
#2673),.UNSPECIFIED.,.F.,.F.,(4,3,3,3,3,3,3,3,3,3,3,3,3,3,3,3,3,3,3,3,3,
3,3,3,3,3,3,3,3,3,3,3,3,3,3,3,3,3,3,3,3,3,4),(0.,0.0721610094817682,0.125398074614446,
0.174962577640255,0.227031347297411,0.282990921277823,0.343080474635177,
0.408331222956708,0.475930991361737,0.536620296697024,0.59201192190701,
0.641658882114776,0.687858745256506,0.731408967334282,0.773009772437208,
0.817544082027754,0.877394647463762,0.927538544888014,0.980617862113538,
1.04427216053341,1.09196964538772,1.13726606193804,1.18055135609606,1.22219076211409,
1.26553898807098,1.3158904534301,1.37796931905426,1.43243804670866,1.50339915119692,
1.58211610352876,1.63960109515141,1.68983358554127,1.74137757457205,1.79947123276555,
1.86734644780449,1.9305535651167,1.98229026397175,2.03290985265965,2.10197046534888,
2.15376592486581,2.20277730571687,2.25733887342987,2.30915230341658),
 .UNSPECIFIED.);
#38=B_SPLINE_CURVE_WITH_KNOTS('',3,(#2674,#2675,#2676,#2677,#2678,#2679,
#2680,#2681,#2682,#2683,#2684,#2685,#2686,#2687,#2688,#2689,#2690,#2691,
#2692,#2693,#2694,#2695,#2696,#2697,#2698,#2699,#2700,#2701,#2702,#2703,
#2704,#2705,#2706,#2707,#2708,#2709,#2710,#2711,#2712,#2713,#2714,#2715,
#2716,#2717,#2718,#2719,#2720,#2721,#2722,#2723,#2724,#2725,#2726,#2727,
#2728,#2729,#2730,#2731,#2732,#2733,#2734,#2735,#2736,#2737,#2738,#2739,
#2740,#2741,#2742,#2743,#2744,#2745,#2746,#2747,#2748,#2749,#2750,#2751,
#2752,#2753,#2754,#2755,#2756,#2757,#2758,#2759,#2760,#2761,#2762,#2763,
#2764,#2765,#2766,#2767,#2768,#2769,#2770,#2771,#2772,#2773,#2774,#2775,
#2776,#2777,#2778,#2779,#2780,#2781,#2782,#2783,#2784,#2785,#2786,#2787,
#2788,#2789,#2790,#2791,#2792,#2793,#2794,#2795,#2796,#2797,#2798,#2799,
#2800),.UNSPECIFIED.,.F.,.F.,(4,3,3,3,3,3,3,3,3,3,3,3,3,3,3,3,3,3,3,3,3,
3,3,3,3,3,3,3,3,3,3,3,3,3,3,3,3,3,3,3,3,3,4),(0.,0.0620223161307979,0.109642220903286,
0.153790660231482,0.20378684575728,0.265068358937825,0.31208026471534,0.365841515264899,
0.437596174722464,0.493341746270771,0.545574668810269,0.591845634802356,
0.64222848588165,0.708161455481363,0.799201068734697,0.851087436442121,
0.904735180373242,0.952859988857692,0.993219343582147,1.03240484701483,
1.0731427239942,1.11568962337382,1.16029250884161,1.21438707496624,1.27378758700177,
1.3196849477709,1.37329202071432,1.41861399380158,1.4577365264805,1.4977315572661,
1.54108159343764,1.58729462533734,1.6377584343831,1.69575267322822,1.7578893927774,
1.81813692711673,1.8750146686482,1.92830783515526,1.97794043230442,2.02490653880044,
2.07427605196127,2.13094913147053,2.16479526753472),.UNSPECIFIED.);
#39=B_SPLINE_CURVE_WITH_KNOTS('',3,(#2821,#2822,#2823,#2824,#2825,#2826),
 .UNSPECIFIED.,.F.,.F.,(4,2,4),(-0.360680468539361,-0.180331468196905,0.),
 .UNSPECIFIED.);
#40=B_SPLINE_CURVE_WITH_KNOTS('',3,(#2980,#2981,#2982,#2983,#2984,#2985,
#2986,#2987,#2988,#2989,#2990,#2991,#2992,#2993,#2994,#2995,#2996,#2997,
#2998,#2999,#3000,#3001,#3002,#3003,#3004,#3005,#3006,#3007,#3008,#3009,
#3010,#3011,#3012,#3013,#3014,#3015,#3016,#3017,#3018,#3019,#3020,#3021,
#3022,#3023,#3024,#3025,#3026,#3027,#3028,#3029,#3030,#3031,#3032,#3033,
#3034,#3035,#3036,#3037,#3038,#3039,#3040,#3041,#3042,#3043,#3044,#3045,
#3046,#3047,#3048,#3049,#3050,#3051,#3052,#3053,#3054,#3055,#3056,#3057,
#3058,#3059,#3060,#3061),.UNSPECIFIED.,.F.,.F.,(4,3,3,3,3,3,3,3,3,3,3,3,
3,3,3,3,3,3,3,3,3,3,3,3,3,3,3,4),(0.009675440440164,0.0165780114548184,
0.0229540172975774,0.0293300231403364,0.0420820348258543,0.0675860581968901,
0.118594104938962,0.220610198423105,0.291900524521712,0.363190850620318,
0.378241274182611,0.393291697744903,0.423392544869487,0.453493391994072,
0.483594239118657,0.504865299140041,0.526136359161426,0.568678479204196,
0.653762719289734,0.684894690425733,0.716026661561731,0.778290603833729,
0.815228080561078,0.852165557288428,0.926040510743127,0.962666159067194,
0.99929180739126,0.999695756636377),.UNSPECIFIED.);
#41=B_SPLINE_CURVE_WITH_KNOTS('',3,(#3063,#3064,#3065,#3066,#3067,#3068,
#3069,#3070,#3071,#3072,#3073,#3074,#3075,#3076,#3077,#3078,#3079,#3080,
#3081,#3082,#3083,#3084),.UNSPECIFIED.,.F.,.F.,(4,3,3,3,3,3,3,4),(0.0165780114548396,
0.220610198423122,0.363190850620332,0.483594239118668,0.653762719289742,
0.778290603833733,0.926040510743129,0.99929180739126),.UNSPECIFIED.);
#42=B_SPLINE_CURVE_WITH_KNOTS('',3,(#3097,#3098,#3099,#3100),
 .UNSPECIFIED.,.F.,.F.,(4,4),(0.,0.2),.UNSPECIFIED.);
#43=B_SPLINE_CURVE_WITH_KNOTS('',3,(#3222,#3223,#3224,#3225,#3226,#3227,
#3228,#3229,#3230,#3231,#3232,#3233,#3234,#3235,#3236,#3237,#3238,#3239,
#3240,#3241,#3242,#3243,#3244,#3245,#3246,#3247,#3248,#3249,#3250,#3251,
#3252,#3253,#3254,#3255,#3256,#3257,#3258,#3259,#3260,#3261,#3262,#3263,
#3264,#3265,#3266,#3267,#3268,#3269,#3270,#3271,#3272,#3273,#3274,#3275,
#3276),.UNSPECIFIED.,.F.,.F.,(4,3,3,3,3,3,3,3,3,3,3,3,3,3,3,3,3,3,4),(-1.7933473846129E-5,
0.0488850047029105,0.0977879428796672,0.19559381923318,0.325934657031971,
0.348956859642098,0.371979062252225,0.418023467472479,0.47552791334478,
0.533032359217081,0.557101787170433,0.62931007103049,0.67030486271869,0.738629515532357,
0.77385151248906,0.809073509445762,0.879517503359167,0.999999999999773,
1.00024366546711),.UNSPECIFIED.);
#44=B_SPLINE_CURVE_WITH_KNOTS('',3,(#3278,#3279,#3280,#3281,#3282,#3283,
#3284,#3285,#3286,#3287,#3288,#3289,#3290,#3291,#3292,#3293,#3294,#3295,
#3296,#3297,#3298,#3299,#3300,#3301,#3302,#3303,#3304,#3305,#3306,#3307),
 .UNSPECIFIED.,.F.,.F.,(4,3,2,1,1,2,1,2,1,2,1,2,1,1,2,2,1,1,4),(-1.00060882074544,
-1.,-0.879517503359367,-0.809073509445946,-0.773851512489235,-0.738629515532525,
-0.670304862718842,-0.629310071030633,-0.55710178717056,-0.533032359217202,
-0.475527913344888,-0.418023467472573,-0.371979062252309,-0.348956859642177,
-0.325934657032045,-0.195593819233225,-0.0977879428796894,-0.0488850047029216,
1.7933473846129E-5),.UNSPECIFIED.);
#45=B_SPLINE_CURVE_WITH_KNOTS('',3,(#3314,#3315,#3316,#3317,#3318,#3319),
 .UNSPECIFIED.,.F.,.F.,(4,2,4),(0.,0.180231642605418,0.360463623338894),
 .UNSPECIFIED.);
#46=B_SPLINE_CURVE_WITH_KNOTS('',3,(#3489,#3490,#3491,#3492,#3493,#3494,
#3495,#3496,#3497,#3498,#3499,#3500,#3501,#3502,#3503,#3504,#3505,#3506,
#3507,#3508,#3509,#3510,#3511,#3512,#3513,#3514,#3515,#3516,#3517,#3518,
#3519,#3520,#3521,#3522,#3523,#3524,#3525,#3526,#3527,#3528,#3529,#3530,
#3531,#3532,#3533,#3534,#3535,#3536,#3537,#3538,#3539,#3540,#3541,#3542,
#3543,#3544,#3545,#3546,#3547,#3548,#3549,#3550,#3551,#3552,#3553,#3554,
#3555,#3556,#3557,#3558,#3559,#3560,#3561,#3562,#3563,#3564,#3565,#3566,
#3567,#3568,#3569,#3570,#3571,#3572,#3573,#3574,#3575,#3576),
 .UNSPECIFIED.,.F.,.F.,(4,3,3,3,3,3,3,3,3,3,3,3,3,3,3,3,3,3,3,3,3,3,3,3,
3,3,3,3,3,4),(-0.000647176727866774,9.85815162141135E-14,0.0900626545284495,
0.1801253090568,0.209989880374931,0.239854451693062,0.299583594329323,0.312799439050005,
0.326015283770687,0.352446973212051,0.405310352094779,0.421372693169578,
0.437435034244377,0.469559716393975,0.53380908069317,0.546640674386142,
0.559472268079114,0.585135455465058,0.636461830236945,0.65495075333311,
0.673439676429274,0.710417522621603,0.78437321500626,0.830471841890177,
0.876570468774095,0.922669095658012,0.96876772254193,0.984076135379171,
0.999384548216413,0.999757182471575),.UNSPECIFIED.);
#47=B_SPLINE_CURVE_WITH_KNOTS('',3,(#3578,#3579,#3580,#3581,#3582,#3583,
#3584,#3585,#3586,#3587,#3588,#3589,#3590,#3591,#3592,#3593,#3594,#3595,
#3596,#3597,#3598,#3599,#3600,#3601,#3602,#3603,#3604,#3605),
 .UNSPECIFIED.,.F.,.F.,(4,3,3,3,3,3,3,3,3,4),(-0.00161703101832891,0.,0.180125309056073,
0.299583594328178,0.405310352093264,0.533809080691207,0.636461830234623,
0.78437321500342,0.968767722538446,0.999384548212822),.UNSPECIFIED.);
#48=B_SPLINE_CURVE_WITH_KNOTS('',3,(#3612,#3613,#3614,#3615,#3616,#3617),
 .UNSPECIFIED.,.F.,.F.,(4,2,4),(0.,0.180232214396428,0.360465157625035),
 .UNSPECIFIED.);
#49=B_SPLINE_CURVE_WITH_KNOTS('',3,(#3778,#3779,#3780,#3781,#3782,#3783,
#3784,#3785,#3786,#3787,#3788,#3789,#3790,#3791,#3792,#3793,#3794,#3795,
#3796,#3797,#3798,#3799,#3800,#3801,#3802,#3803,#3804,#3805,#3806,#3807,
#3808,#3809,#3810,#3811,#3812,#3813,#3814,#3815,#3816,#3817,#3818,#3819,
#3820,#3821,#3822,#3823,#3824,#3825,#3826,#3827,#3828,#3829,#3830,#3831,
#3832,#3833,#3834,#3835,#3836,#3837,#3838,#3839,#3840,#3841,#3842,#3843,
#3844,#3845,#3846,#3847,#3848,#3849,#3850,#3851,#3852,#3853,#3854,#3855,
#3856,#3857,#3858,#3859),.UNSPECIFIED.,.F.,.F.,(4,3,3,3,3,3,3,3,3,3,3,3,
3,3,3,3,3,3,3,3,3,3,3,3,3,3,3,4),(-0.000950814769794298,1.2899859132276E-13,
0.0644333298703432,0.128866659740557,0.204017700881501,0.279168742022444,
0.349951625142247,0.420734508262051,0.436303916434192,0.451873324606334,
0.483012140950616,0.545289773639181,0.560888375960222,0.576486978281263,
0.592085580602303,0.607684182923344,0.670078592207507,0.702038823125601,
0.733999054043695,0.797919515879883,0.818335767427027,0.838752018974172,
0.87958452206846,0.920417025162749,0.961249528257038,0.980285992677878,
0.999322457098717,0.999691753559009),.UNSPECIFIED.);
#50=B_SPLINE_CURVE_WITH_KNOTS('',3,(#3860,#3861,#3862,#3863,#3864,#3865,
#3866,#3867,#3868,#3869,#3870,#3871,#3872,#3873,#3874,#3875,#3876,#3877,
#3878,#3879,#3880,#3881,#3882,#3883,#3884,#3885,#3886,#3887),
 .UNSPECIFIED.,.F.,.F.,(4,3,3,3,3,3,3,3,3,4),(-0.00237569879761186,0.,0.128866659740445,
0.279168742022351,0.420734508261977,0.545289773639123,0.670078592207465,
0.797919515879857,0.961249528257033,0.999322457098717),.UNSPECIFIED.);
#51=B_SPLINE_CURVE_WITH_KNOTS('',3,(#3891,#3892,#3893,#3894,#3895,#3896,
#3897,#3898,#3899,#3900,#3901,#3902,#3903,#3904,#3905,#3906,#3907,#3908,
#3909,#3910,#3911,#3912,#3913,#3914,#3915,#3916,#3917,#3918,#3919,#3920,
#3921,#3922,#3923,#3924,#3925,#3926,#3927,#3928,#3929,#3930,#3931,#3932,
#3933,#3934,#3935,#3936,#3937,#3938,#3939,#3940,#3941,#3942,#3943,#3944,
#3945,#3946,#3947,#3948,#3949,#3950,#3951,#3952,#3953,#3954,#3955,#3956,
#3957,#3958,#3959,#3960,#3961,#3962,#3963),.UNSPECIFIED.,.T.,.F.,(4,2,2,
2,2,2,2,3,2,2,2,2,2,2,2,2,2,2,2,2,2,2,2,2,2,2,2,2,2,2,2,2,2,2,2,4),(-4.21478048728534,
-4.07367826677,-3.78134248560437,-3.46994886161204,-3.13959913787027,-2.82888432605849,
-2.51773678547082,0.,2.88409033154128,2.92179122911269,2.94817290802126,
2.97606973065306,3.00625979200636,3.01277207362111,3.02769701400393,3.07402037084995,
3.80303098426844,8.18384929752772,8.21019086632858,8.32621551368084,8.44868840571577,
8.58032716730393,8.77889598475035,9.4030634089515,10.2370371129423,24.6985129228544,
25.2664811075923,26.322551184904,27.4413884649203,28.6313827121008,30.1701841343628,
31.9666075618057,34.4081842585919,39.5950943102666,50.6142181082516,50.6464735799077),
 .UNSPECIFIED.);
#52=B_SPLINE_CURVE_WITH_KNOTS('',3,(#5917,#5918,#5919,#5920,#5921,#5922,
#5923,#5924,#5925,#5926,#5927,#5928,#5929,#5930,#5931,#5932,#5933,#5934,
#5935,#5936,#5937,#5938,#5939,#5940,#5941,#5942,#5943,#5944,#5945,#5946,
#5947,#5948,#5949,#5950,#5951,#5952,#5953,#5954,#5955,#5956,#5957,#5958,
#5959,#5960,#5961,#5962,#5963,#5964,#5965,#5966,#5967,#5968,#5969,#5970,
#5971,#5972,#5973,#5974,#5975,#5976,#5977,#5978,#5979,#5980,#5981,#5982,
#5983,#5984,#5985,#5986,#5987,#5988,#5989,#5990,#5991,#5992,#5993,#5994,
#5995,#5996,#5997,#5998,#5999,#6000,#6001,#6002,#6003,#6004,#6005,#6006,
#6007,#6008,#6009,#6010,#6011,#6012,#6013,#6014,#6015,#6016,#6017,#6018,
#6019,#6020,#6021,#6022,#6023,#6024,#6025,#6026,#6027,#6028,#6029,#6030,
#6031,#6032,#6033,#6034,#6035,#6036,#6037,#6038,#6039,#6040,#6041,#6042,
#6043,#6044,#6045,#6046,#6047,#6048,#6049,#6050,#6051,#6052,#6053,#6054,
#6055,#6056,#6057,#6058,#6059,#6060,#6061,#6062,#6063,#6064,#6065,#6066,
#6067,#6068,#6069,#6070,#6071,#6072,#6073,#6074,#6075,#6076,#6077,#6078,
#6079,#6080,#6081,#6082,#6083,#6084,#6085,#6086,#6087,#6088,#6089,#6090,
#6091,#6092,#6093,#6094,#6095,#6096,#6097,#6098,#6099,#6100,#6101,#6102,
#6103,#6104,#6105,#6106,#6107,#6108,#6109,#6110,#6111,#6112,#6113,#6114,
#6115,#6116,#6117,#6118,#6119,#6120,#6121,#6122,#6123,#6124,#6125,#6126,
#6127,#6128,#6129,#6130,#6131,#6132,#6133,#6134,#6135,#6136,#6137,#6138,
#6139,#6140,#6141,#6142,#6143,#6144,#6145,#6146,#6147,#6148,#6149,#6150,
#6151,#6152,#6153,#6154,#6155,#6156,#6157,#6158,#6159,#6160,#6161,#6162,
#6163,#6164,#6165,#6166,#6167,#6168,#6169,#6170,#6171,#6172,#6173,#6174,
#6175,#6176,#6177,#6178,#6179,#6180,#6181,#6182,#6183,#6184,#6185,#6186,
#6187,#6188,#6189,#6190,#6191,#6192,#6193,#6194,#6195,#6196,#6197,#6198,
#6199,#6200,#6201,#6202,#6203,#6204,#6205,#6206,#6207,#6208,#6209,#6210,
#6211,#6212,#6213,#6214,#6215,#6216,#6217,#6218,#6219,#6220,#6221,#6222,
#6223,#6224,#6225,#6226,#6227,#6228,#6229,#6230,#6231,#6232,#6233,#6234,
#6235,#6236,#6237,#6238,#6239,#6240,#6241),.UNSPECIFIED.,.T.,.F.,(4,1,1,
1,1,1,1,1,1,1,1,1,1,1,1,1,1,1,1,1,1,1,1,1,1,1,1,1,1,1,1,1,1,1,1,2,1,1,1,
1,1,1,2,1,1,1,1,1,1,1,1,1,1,1,1,1,1,1,1,1,1,1,1,1,1,1,1,1,1,1,1,1,1,1,1,
1,1,1,1,1,1,1,1,1,1,1,1,1,1,1,1,1,1,1,1,1,1,1,1,1,1,1,1,1,1,1,1,1,1,1,1,
1,1,1,2,1,1,1,1,1,2,1,1,1,1,1,1,1,1,1,1,1,1,1,1,1,1,1,1,1,1,1,1,1,1,1,1,
1,1,1,1,1,1,1,1,1,1,1,1,1,1,1,1,1,1,1,1,1,1,1,1,2,1,1,1,1,1,1,2,1,1,1,1,
1,1,1,1,1,1,1,1,1,1,1,1,1,1,1,1,1,1,1,1,1,1,1,1,1,1,1,1,1,1,1,1,1,1,1,1,
1,1,1,1,1,1,1,1,1,1,1,1,1,1,1,1,1,1,1,1,1,1,1,1,1,1,1,1,1,1,1,1,1,1,1,1,
1,1,1,1,1,1,1,1,1,1,1,1,1,1,1,1,1,1,1,1,1,1,1,1,1,1,1,1,1,1,1,1,1,1,1,1,
1,1,1,1,1,1,1,1,1,1,1,1,1,1,1,1,1,1,1,1,2,1,1,1,4),(0.,0.00712154335107132,
0.0142430867021426,0.021364630053214,0.0284861734042853,0.0356077167553566,
0.0427292601064279,0.0498508034574993,0.0569723468085706,0.0640938901596419,
0.0712154335107132,0.0783369768617846,0.0854585202128559,0.0925800635639272,
0.0997016069149985,0.10682315026607,0.113944693617141,0.121066236968213,
0.128187780319284,0.135309323670355,0.142430867021426,0.149552410372498,
0.156673953723569,0.16379549707464,0.170917040425712,0.178038583776783,
0.185160127127854,0.192281670478926,0.199403213829997,0.202963985505533,
0.206524757181068,0.21364630053214,0.217207072207675,0.218987458045443,
0.220767843883211,0.227889387234282,0.227943469700613,0.227997552166944,
0.228105717099605,0.228322046964929,0.228754706695575,0.229620026156867,
0.231350665079452,0.231480154799727,0.231609644520001,0.231868623960551,
0.232386582841651,0.232904541722751,0.233422500603851,0.234458418366051,
0.235494336128251,0.23756617165265,0.23963800717705,0.243781678225849,0.247925349274648,
0.252069020323447,0.254140855847847,0.255176773610046,0.256212691372246,
0.260356362421045,0.264500033469844,0.268643704518643,0.272787375567442,
0.276931046616242,0.281074717665041,0.28521838871384,0.289362059762639,
0.293505730811438,0.297649401860237,0.303174296591969,0.308699191323701,
0.314224086055433,0.319748980787166,0.325273875518898,0.33079877025063,
0.334942441299429,0.339086112348228,0.343229783397027,0.347373454445826,
0.351517125494625,0.355660796543424,0.359804467592223,0.363948138641022,
0.368091809689822,0.372235480738621,0.37637915178742,0.380522822836219,
0.384666493885018,0.388810164933817,0.392953835982616,0.397097507031415,
0.401241178080214,0.405384849129013,0.409528520177812,0.413672191226612,
0.417815862275411,0.42195953332421,0.426103204373009,0.430246875421808,
0.434390546470607,0.438534217519406,0.442677888568205,0.446821559617004,
0.450965230665803,0.455108901714603,0.459252572763402,0.463396243812201,
0.467539914861,0.471683585909799,0.475827256958598,0.479970928007397,0.484114599056196,
0.488258270104995,0.492401941153794,0.496545612202593,0.496761951621773,
0.496978291040953,0.497410969879313,0.497843648717673,0.498276327556033,
0.500007042909473,0.500118307057501,0.500229571205529,0.500452099501585,
0.500897156093697,0.50178726927792,0.503567495646368,0.505347722014815,
0.507127948383262,0.514248853857051,0.52136975933084,0.528490664804628,
0.535611570278417,0.542732475752206,0.549853381225995,0.556974286699783,
0.561721557015643,0.566468827331502,0.571216097647361,0.57596336796322,
0.580710638279079,0.585457908594939,0.592578814068727,0.599699719542516,
0.606820625016305,0.613941530490094,0.621062435963882,0.628183341437671,
0.63530424691146,0.642425152385249,0.649546057859038,0.656666963332826,
0.663787868806615,0.670908774280404,0.678029679754193,0.685150585227981,
0.69227149070177,0.699392396175559,0.706513301649348,0.713634207123137,
0.717194659860031,0.718974886228478,0.720755112596925,0.721645225781149,
0.722090282373261,0.722535338965372,0.722980395557484,0.723425452149596,
0.72431556533382,0.725205678518043,0.726095791702267,0.727876018070714,
0.728309838782463,0.728743659494212,0.729611300917709,0.730478942341207,
0.730695852697081,0.730912763052956,0.731346583764704,0.731411328829401,
0.731476073894097,0.73160556402349,0.731864544282276,0.732382504799848,
0.733418425834991,0.735490267905278,0.739633952045852,0.740151912563424,
0.740669873080995,0.741705794116139,0.742741715151282,0.743777636186426,
0.747921320326999,0.752065004467573,0.756208688608147,0.758280530678434,
0.760352372748721,0.762424214819008,0.764496056889295,0.766567898959581,
0.768639741029868,0.772783425170442,0.776927109311016,0.78107079345159,
0.785214477592163,0.789358161732737,0.793501845873311,0.797645530013885,
0.803170442201316,0.808695354388748,0.81422026657618,0.819745178763612,
0.825270090951043,0.830795003138475,0.834938687279049,0.839082371419622,
0.843226055560196,0.84736973970077,0.851513423841344,0.855657107981918,
0.859800792122491,0.863944476263065,0.868088160403639,0.872231844544213,
0.876375528684786,0.88051921282536,0.884662896965934,0.888806581106508,
0.892950265247082,0.897093949387655,0.901237633528229,0.905381317668803,
0.909525001809377,0.91366868594995,0.917812370090524,0.921956054231098,
0.926099738371672,0.930243422512245,0.934387106652819,0.938530790793393,
0.942674474933967,0.946818159074541,0.950961843215114,0.955105527355688,
0.959249211496262,0.963392895636836,0.967536579777409,0.969608421847696,
0.971680263917983,0.975823948058557,0.979967632199131,0.981003553234274,
0.982039474269418,0.982557434786989,0.983075395304561,0.984111316339704,
0.986183158409991,0.986701118927563,0.987219079445135,0.987737039962706,
0.988255000480278,0.990326842550565,0.990844803068137,0.991103783326923,
0.991362763585709,0.99188072410328,0.992398684620852,0.992657664879638,
0.992916645138424,0.993175625397209,0.993434605655995,0.993693585914781,
0.993823076044174,0.993952566173567,0.994211546432353,0.994470526691139,
0.994729506949925,0.994988487208711,0.995117977338104,0.9951827224028,0.995247467467496,
0.995376957596889,0.995506447726282,0.995635937855675,0.995700682920372,
0.995765427985068,0.995894918114461,0.995959663179158,0.996024408243854,
0.996056780776202,0.996089153308551,0.996153898373247,0.99628338850264,
0.996299574768814,0.996307667901901,0.996315761034988,0.996348133567336,
0.996412878632033,0.996445251164381,0.996453344297468,0.996461437430555,
0.996477623696729,0.996493809962903,0.996509996229078,0.996518089362165,
0.996526182495252,0.996530229061795,0.996534275628339,0.996538322194882,
0.996539333836518,0.996540345478154,0.996542368761426,0.997406776571069,
0.997838980475891,0.998271184380713,1.),.UNSPECIFIED.);
#53=B_SPLINE_CURVE_WITH_KNOTS('',3,(#6243,#6244,#6245,#6246,#6247,#6248),
 .UNSPECIFIED.,.F.,.F.,(4,2,4),(-1.,-0.997853437484228,-0.996542368761426),
 .UNSPECIFIED.);
#54=B_SPLINE_CURVE_WITH_KNOTS('',3,(#6250,#6251,#6252,#6253,#6254,#6255,
#6256,#6257,#6258,#6259,#6260,#6261,#6262,#6263,#6264,#6265,#6266,#6267,
#6268,#6269,#6270,#6271,#6272,#6273,#6274,#6275,#6276,#6277,#6278,#6279,
#6280,#6281,#6282,#6283,#6284,#6285,#6286,#6287,#6288,#6289,#6290,#6291,
#6292,#6293,#6294,#6295,#6296,#6297,#6298,#6299,#6300,#6301,#6302,#6303,
#6304,#6305,#6306,#6307,#6308,#6309,#6310,#6311,#6312,#6313,#6314,#6315,
#6316,#6317,#6318,#6319,#6320,#6321,#6322,#6323,#6324,#6325,#6326,#6327,
#6328,#6329,#6330,#6331,#6332,#6333,#6334,#6335,#6336,#6337,#6338,#6339,
#6340,#6341,#6342,#6343,#6344,#6345,#6346,#6347,#6348,#6349,#6350,#6351,
#6352,#6353,#6354,#6355,#6356,#6357,#6358,#6359,#6360,#6361,#6362,#6363,
#6364,#6365,#6366,#6367,#6368,#6369,#6370,#6371,#6372,#6373,#6374,#6375,
#6376,#6377,#6378,#6379,#6380,#6381,#6382,#6383,#6384,#6385),
 .UNSPECIFIED.,.F.,.F.,(4,1,1,1,1,1,1,1,1,1,1,1,1,1,1,1,1,1,1,1,1,1,1,1,
1,1,1,1,1,1,1,1,1,1,1,1,1,1,1,1,1,1,1,1,1,1,1,1,1,1,1,1,1,1,1,1,1,1,1,1,
1,1,1,1,1,1,1,1,1,1,1,1,1,1,1,1,1,1,1,1,1,1,1,1,1,1,1,1,1,1,1,1,1,1,1,1,
1,1,1,1,1,1,1,1,1,1,1,1,1,1,1,1,1,1,1,1,1,1,1,1,1,1,1,1,1,1,1,1,1,1,1,1,
1,4),(-0.996542368761426,-0.996540345478154,-0.996539333836518,-0.996538322194882,
-0.996534275628339,-0.996530229061795,-0.996526182495252,-0.996518089362165,
-0.996509996229078,-0.996493809962903,-0.996477623696729,-0.996461437430555,
-0.996453344297468,-0.996445251164381,-0.996412878632033,-0.996348133567336,
-0.996315761034988,-0.996307667901901,-0.996299574768814,-0.99628338850264,
-0.996153898373247,-0.996089153308551,-0.996056780776202,-0.996024408243854,
-0.995959663179158,-0.995894918114461,-0.995765427985068,-0.995700682920372,
-0.995635937855675,-0.995506447726282,-0.995376957596889,-0.995247467467496,
-0.9951827224028,-0.995117977338104,-0.994988487208711,-0.994729506949925,
-0.994470526691139,-0.994211546432353,-0.993952566173567,-0.993823076044174,
-0.993693585914781,-0.993434605655995,-0.993175625397209,-0.992916645138424,
-0.992657664879638,-0.992398684620852,-0.99188072410328,-0.991362763585709,
-0.991103783326923,-0.990844803068137,-0.990326842550565,-0.988255000480278,
-0.987737039962706,-0.987219079445135,-0.986701118927563,-0.986183158409991,
-0.984111316339704,-0.983075395304561,-0.982557434786989,-0.982039474269418,
-0.981003553234274,-0.979967632199131,-0.975823948058557,-0.971680263917983,
-0.969608421847696,-0.967536579777409,-0.963392895636836,-0.959249211496262,
-0.955105527355688,-0.950961843215114,-0.946818159074541,-0.942674474933967,
-0.938530790793393,-0.934387106652819,-0.930243422512245,-0.926099738371672,
-0.921956054231098,-0.917812370090524,-0.91366868594995,-0.909525001809377,
-0.905381317668803,-0.901237633528229,-0.897093949387655,-0.892950265247082,
-0.888806581106508,-0.884662896965934,-0.88051921282536,-0.876375528684786,
-0.872231844544213,-0.868088160403639,-0.863944476263065,-0.859800792122491,
-0.855657107981918,-0.851513423841344,-0.84736973970077,-0.843226055560196,
-0.839082371419622,-0.834938687279049,-0.830795003138475,-0.825270090951043,
-0.819745178763612,-0.81422026657618,-0.808695354388748,-0.803170442201316,
-0.797645530013885,-0.793501845873311,-0.789358161732737,-0.785214477592163,
-0.78107079345159,-0.776927109311016,-0.772783425170442,-0.768639741029868,
-0.766567898959581,-0.764496056889295,-0.762424214819008,-0.760352372748721,
-0.758280530678434,-0.756208688608147,-0.752065004467573,-0.747921320326999,
-0.743777636186426,-0.742741715151282,-0.741705794116139,-0.740669873080995,
-0.740151912563424,-0.739633952045852,-0.735490267905278,-0.733418425834991,
-0.732382504799848,-0.731864544282276,-0.73160556402349,-0.731476073894097,
-0.731411328829401,-0.731346583764704),.UNSPECIFIED.);
#55=B_SPLINE_CURVE_WITH_KNOTS('',3,(#6387,#6388,#6389,#6390,#6391,#6392,
#6393,#6394,#6395,#6396,#6397,#6398,#6399,#6400,#6401,#6402,#6403,#6404,
#6405,#6406,#6407,#6408,#6409,#6410,#6411,#6412,#6413,#6414,#6415,#6416,
#6417,#6418,#6419,#6420,#6421,#6422,#6423,#6424,#6425,#6426,#6427,#6428,
#6429,#6430,#6431,#6432,#6433,#6434,#6435,#6436,#6437,#6438,#6439,#6440,
#6441,#6442,#6443,#6444,#6445,#6446,#6447,#6448,#6449,#6450,#6451,#6452,
#6453,#6454,#6455),.UNSPECIFIED.,.F.,.F.,(4,1,1,1,1,1,1,2,1,1,1,1,1,1,1,
1,1,1,1,1,1,1,1,1,1,1,1,1,1,1,1,1,1,1,1,1,1,1,1,1,1,1,1,1,1,1,1,1,1,1,1,
1,1,1,1,1,1,1,2,1,1,1,1,1,4),(-0.731346583764704,-0.730912763052956,-0.730695852697081,
-0.730478942341207,-0.729611300917709,-0.728743659494212,-0.728309838782463,
-0.727876018070714,-0.726095791702267,-0.725205678518043,-0.72431556533382,
-0.723425452149596,-0.722980395557484,-0.722535338965372,-0.722090282373261,
-0.721645225781149,-0.720755112596925,-0.718974886228478,-0.717194659860031,
-0.713634207123137,-0.706513301649348,-0.699392396175559,-0.69227149070177,
-0.685150585227981,-0.678029679754193,-0.670908774280404,-0.663787868806615,
-0.656666963332826,-0.649546057859038,-0.642425152385249,-0.63530424691146,
-0.628183341437671,-0.621062435963882,-0.613941530490094,-0.606820625016305,
-0.599699719542516,-0.592578814068727,-0.585457908594939,-0.580710638279079,
-0.57596336796322,-0.571216097647361,-0.566468827331502,-0.561721557015643,
-0.556974286699783,-0.549853381225995,-0.542732475752206,-0.535611570278417,
-0.528490664804628,-0.52136975933084,-0.514248853857051,-0.507127948383262,
-0.505347722014815,-0.503567495646368,-0.50178726927792,-0.500897156093697,
-0.500452099501585,-0.500229571205529,-0.500118307057501,-0.500007042909473,
-0.498276327556033,-0.497843648717673,-0.497410969879313,-0.496978291040953,
-0.496761951621773,-0.496545612202593),.UNSPECIFIED.);
#56=B_SPLINE_CURVE_WITH_KNOTS('',3,(#6457,#6458,#6459,#6460,#6461,#6462,
#6463,#6464,#6465,#6466,#6467,#6468,#6469,#6470,#6471,#6472,#6473,#6474,
#6475,#6476,#6477,#6478,#6479,#6480,#6481,#6482,#6483,#6484,#6485,#6486,
#6487,#6488,#6489,#6490,#6491,#6492,#6493,#6494,#6495,#6496,#6497,#6498,
#6499,#6500,#6501,#6502,#6503,#6504,#6505,#6506,#6507,#6508,#6509,#6510,
#6511,#6512,#6513,#6514,#6515,#6516,#6517,#6518,#6519,#6520,#6521,#6522,
#6523,#6524,#6525,#6526,#6527,#6528,#6529,#6530,#6531),.UNSPECIFIED.,.F.,
 .F.,(4,1,1,1,1,1,1,1,1,1,1,1,1,1,1,1,1,1,1,1,1,1,1,1,1,1,1,1,1,1,1,1,1,
1,1,1,1,1,1,1,1,1,1,1,1,1,1,1,1,1,1,1,1,1,1,1,1,1,1,1,1,1,1,1,1,1,1,1,1,
1,1,1,4),(-0.496545612202593,-0.492401941153794,-0.488258270104995,-0.484114599056196,
-0.479970928007397,-0.475827256958598,-0.471683585909799,-0.467539914861,
-0.463396243812201,-0.459252572763402,-0.455108901714603,-0.450965230665803,
-0.446821559617004,-0.442677888568205,-0.438534217519406,-0.434390546470607,
-0.430246875421808,-0.426103204373009,-0.42195953332421,-0.417815862275411,
-0.413672191226612,-0.409528520177812,-0.405384849129013,-0.401241178080214,
-0.397097507031415,-0.392953835982616,-0.388810164933817,-0.384666493885018,
-0.380522822836219,-0.37637915178742,-0.372235480738621,-0.368091809689822,
-0.363948138641022,-0.359804467592223,-0.355660796543424,-0.351517125494625,
-0.347373454445826,-0.343229783397027,-0.339086112348228,-0.334942441299429,
-0.33079877025063,-0.325273875518898,-0.319748980787166,-0.314224086055433,
-0.308699191323701,-0.303174296591969,-0.297649401860237,-0.293505730811438,
-0.289362059762639,-0.28521838871384,-0.281074717665041,-0.276931046616242,
-0.272787375567442,-0.268643704518643,-0.264500033469844,-0.260356362421045,
-0.256212691372246,-0.255176773610046,-0.254140855847847,-0.252069020323447,
-0.247925349274648,-0.243781678225849,-0.23963800717705,-0.23756617165265,
-0.235494336128251,-0.234458418366051,-0.233422500603851,-0.232904541722751,
-0.232386582841651,-0.231868623960551,-0.231609644520001,-0.231480154799727,
-0.231350665079452),.UNSPECIFIED.);
#57=B_SPLINE_CURVE_WITH_KNOTS('',3,(#6532,#6533,#6534,#6535,#6536,#6537,
#6538,#6539,#6540,#6541,#6542,#6543,#6544,#6545,#6546,#6547,#6548,#6549,
#6550,#6551,#6552,#6553,#6554,#6555,#6556,#6557,#6558,#6559,#6560,#6561,
#6562,#6563,#6564,#6565,#6566,#6567,#6568,#6569,#6570,#6571,#6572,#6573,
#6574,#6575,#6576,#6577),.UNSPECIFIED.,.F.,.F.,(4,1,1,1,1,1,1,2,1,1,1,1,
1,1,1,1,1,1,1,1,1,1,1,1,1,1,1,1,1,1,1,1,1,1,1,1,1,1,1,1,1,1,4),(-0.231350665079452,
-0.229620026156867,-0.228754706695575,-0.228322046964929,-0.228105717099605,
-0.227997552166944,-0.227943469700613,-0.227889387234282,-0.220767843883211,
-0.218987458045443,-0.217207072207675,-0.21364630053214,-0.206524757181068,
-0.202963985505533,-0.199403213829997,-0.192281670478926,-0.185160127127854,
-0.178038583776783,-0.170917040425712,-0.16379549707464,-0.156673953723569,
-0.149552410372498,-0.142430867021426,-0.135309323670355,-0.128187780319284,
-0.121066236968213,-0.113944693617141,-0.10682315026607,-0.0997016069149985,
-0.0925800635639272,-0.0854585202128559,-0.0783369768617846,-0.0712154335107132,
-0.0640938901596419,-0.0569723468085706,-0.0498508034574993,-0.0427292601064279,
-0.0356077167553566,-0.0284861734042853,-0.021364630053214,-0.0142430867021426,
-0.00712154335107132,0.),.UNSPECIFIED.);
#58=(
BOUNDED_SURFACE()
B_SPLINE_SURFACE(5,1,((#1076,#1077),(#1078,#1079),(#1080,#1081),(#1082,
#1083),(#1084,#1085),(#1086,#1087),(#1088,#1089),(#1090,#1091),(#1092,#1093),
(#1094,#1095),(#1096,#1097),(#1098,#1099),(#1100,#1101),(#1102,#1103),(#1104,
#1105),(#1106,#1107),(#1108,#1109),(#1110,#1111),(#1112,#1113),(#1114,#1115),
(#1116,#1117),(#1118,#1119),(#1120,#1121),(#1122,#1123),(#1124,#1125),(#1126,
#1127),(#1128,#1129),(#1130,#1131),(#1132,#1133),(#1134,#1135),(#1136,#1137),
(#1138,#1139),(#1140,#1141),(#1142,#1143),(#1144,#1145),(#1146,#1147),(#1148,
#1149),(#1150,#1151),(#1152,#1153),(#1154,#1155),(#1156,#1157),(#1158,#1159),
(#1160,#1161),(#1162,#1163),(#1164,#1165),(#1166,#1167),(#1168,#1169),(#1170,
#1171),(#1172,#1173),(#1174,#1175),(#1176,#1177),(#1178,#1179),(#1180,#1181),
(#1182,#1183),(#1184,#1185),(#1186,#1187),(#1188,#1189),(#1190,#1191),(#1192,
#1193),(#1194,#1195),(#1196,#1197),(#1198,#1199),(#1200,#1201),(#1202,#1203),
(#1204,#1205),(#1206,#1207),(#1208,#1209),(#1210,#1211),(#1212,#1213),(#1214,
#1215),(#1216,#1217),(#1218,#1219),(#1220,#1221),(#1222,#1223),(#1224,#1225),
(#1226,#1227),(#1228,#1229),(#1230,#1231),(#1232,#1233),(#1234,#1235)),
 .UNSPECIFIED.,.F.,.F.,.F.)
B_SPLINE_SURFACE_WITH_KNOTS((6,1,1,1,1,1,1,1,1,1,1,1,1,1,1,1,1,1,1,1,1,
1,1,1,1,1,1,1,1,1,1,1,1,1,1,1,1,1,1,1,1,1,1,1,1,1,1,1,1,1,1,1,1,1,1,1,1,
1,1,1,1,1,1,1,1,1,1,1,1,1,1,1,1,1,1,6),(2,2),(-1.,-0.986666666666665,-0.973333333333332,
-0.959999999999999,-0.946666666666665,-0.933333333333332,-0.919999999999999,
-0.906666666666666,-0.893333333333332,-0.879999999999999,-0.866666666666666,
-0.853333333333332,-0.839999999999999,-0.826666666666666,-0.813333333333332,
-0.799999999999999,-0.786666666666666,-0.773333333333332,-0.759999999999999,
-0.746666666666666,-0.733333333333333,-0.719999999999999,-0.706666666666666,
-0.693333333333333,-0.679999999999999,-0.666666666666666,-0.653333333333333,
-0.639999999999999,-0.626666666666666,-0.613333333333333,-0.599999999999999,
-0.586666666666666,-0.573333333333333,-0.559999999999999,-0.546666666666666,
-0.533333333333333,-0.52,-0.506666666666666,-0.493333333333333,-0.48,-0.466666666666666,
-0.453333333333333,-0.44,-0.426666666666666,-0.413333333333333,-0.4,-0.386666666666666,
-0.373333333333333,-0.36,-0.346666666666667,-0.333333333333333,-0.32,-0.306666666666667,
-0.293333333333333,-0.28,-0.266666666666667,-0.253333333333333,-0.24,-0.226666666666667,
-0.213333333333333,-0.2,-0.186666666666667,-0.173333333333333,-0.16,-0.146666666666667,
-0.133333333333333,-0.12,-0.106666666666667,-0.0933333333333333,-0.08,-0.0666666666666667,
-0.0533333333333333,-0.04,-0.0266666666666667,-0.0133333333333333,0.),(0.,
0.45),.UNSPECIFIED.)
GEOMETRIC_REPRESENTATION_ITEM()
RATIONAL_B_SPLINE_SURFACE(((1.,1.),(1.,1.),(1.,1.),(1.,1.),(1.,1.),(1.,
1.),(1.,1.),(1.,1.),(1.,1.),(1.,1.),(1.,1.),(1.,1.),(1.,1.),(1.,1.),(1.,
1.),(1.,1.),(1.,1.),(1.,1.),(1.,1.),(1.,1.),(1.,1.),(1.,1.),(1.,1.),(1.,
1.),(1.,1.),(1.,1.),(1.,1.),(1.,1.),(1.,1.),(1.,1.),(1.,1.),(1.,1.),(1.,
1.),(1.,1.),(1.,1.),(1.,1.),(1.,1.),(1.,1.),(1.,1.),(1.,1.),(1.,1.),(1.,
1.),(1.,1.),(1.,1.),(1.,1.),(1.,1.),(1.,1.),(1.,1.),(1.,1.),(1.,1.),(1.,
1.),(1.,1.),(1.,1.),(1.,1.),(1.,1.),(1.,1.),(1.,1.),(1.,1.),(1.,1.),(1.,
1.),(1.,1.),(1.,1.),(1.,1.),(1.,1.),(1.,1.),(1.,1.),(1.,1.),(1.,1.),(1.,
1.),(1.,1.),(1.,1.),(1.,1.),(1.,1.),(1.,1.),(1.,1.),(1.,1.),(1.,1.),(1.,
1.),(1.,1.),(1.,1.)))
REPRESENTATION_ITEM('')
SURFACE()
);
#59=(
BOUNDED_SURFACE()
B_SPLINE_SURFACE(5,1,((#1505,#1506),(#1507,#1508),(#1509,#1510),(#1511,
#1512),(#1513,#1514),(#1515,#1516),(#1517,#1518),(#1519,#1520),(#1521,#1522),
(#1523,#1524),(#1525,#1526),(#1527,#1528),(#1529,#1530),(#1531,#1532),(#1533,
#1534),(#1535,#1536),(#1537,#1538),(#1539,#1540),(#1541,#1542),(#1543,#1544),
(#1545,#1546),(#1547,#1548),(#1549,#1550),(#1551,#1552),(#1553,#1554),(#1555,
#1556),(#1557,#1558),(#1559,#1560),(#1561,#1562),(#1563,#1564),(#1565,#1566),
(#1567,#1568),(#1569,#1570),(#1571,#1572),(#1573,#1574),(#1575,#1576),(#1577,
#1578),(#1579,#1580),(#1581,#1582),(#1583,#1584),(#1585,#1586),(#1587,#1588),
(#1589,#1590),(#1591,#1592),(#1593,#1594),(#1595,#1596),(#1597,#1598),(#1599,
#1600),(#1601,#1602),(#1603,#1604),(#1605,#1606),(#1607,#1608),(#1609,#1610),
(#1611,#1612),(#1613,#1614),(#1615,#1616),(#1617,#1618),(#1619,#1620),(#1621,
#1622),(#1623,#1624),(#1625,#1626),(#1627,#1628),(#1629,#1630),(#1631,#1632),
(#1633,#1634),(#1635,#1636),(#1637,#1638),(#1639,#1640),(#1641,#1642),(#1643,
#1644),(#1645,#1646),(#1647,#1648),(#1649,#1650),(#1651,#1652),(#1653,#1654),
(#1655,#1656),(#1657,#1658),(#1659,#1660),(#1661,#1662),(#1663,#1664)),
 .UNSPECIFIED.,.F.,.F.,.F.)
B_SPLINE_SURFACE_WITH_KNOTS((6,1,1,1,1,1,1,1,1,1,1,1,1,1,1,1,1,1,1,1,1,
1,1,1,1,1,1,1,1,1,1,1,1,1,1,1,1,1,1,1,1,1,1,1,1,1,1,1,1,1,1,1,1,1,1,1,1,
1,1,1,1,1,1,1,1,1,1,1,1,1,1,1,1,1,1,6),(2,2),(-1.,-0.986666666666665,-0.973333333333332,
-0.959999999999999,-0.946666666666665,-0.933333333333332,-0.919999999999999,
-0.906666666666666,-0.893333333333332,-0.879999999999999,-0.866666666666666,
-0.853333333333332,-0.839999999999999,-0.826666666666666,-0.813333333333332,
-0.799999999999999,-0.786666666666666,-0.773333333333332,-0.759999999999999,
-0.746666666666666,-0.733333333333333,-0.719999999999999,-0.706666666666666,
-0.693333333333333,-0.679999999999999,-0.666666666666666,-0.653333333333333,
-0.639999999999999,-0.626666666666666,-0.613333333333333,-0.599999999999999,
-0.586666666666666,-0.573333333333333,-0.559999999999999,-0.546666666666666,
-0.533333333333333,-0.52,-0.506666666666666,-0.493333333333333,-0.48,-0.466666666666666,
-0.453333333333333,-0.44,-0.426666666666666,-0.413333333333333,-0.4,-0.386666666666666,
-0.373333333333333,-0.36,-0.346666666666667,-0.333333333333333,-0.32,-0.306666666666667,
-0.293333333333333,-0.28,-0.266666666666667,-0.253333333333333,-0.24,-0.226666666666667,
-0.213333333333333,-0.2,-0.186666666666667,-0.173333333333333,-0.16,-0.146666666666667,
-0.133333333333333,-0.12,-0.106666666666667,-0.0933333333333333,-0.08,-0.0666666666666667,
-0.0533333333333333,-0.04,-0.0266666666666667,-0.0133333333333333,0.),(0.,
0.45),.UNSPECIFIED.)
GEOMETRIC_REPRESENTATION_ITEM()
RATIONAL_B_SPLINE_SURFACE(((1.,1.),(1.,1.),(1.,1.),(1.,1.),(1.,1.),(1.,
1.),(1.,1.),(1.,1.),(1.,1.),(1.,1.),(1.,1.),(1.,1.),(1.,1.),(1.,1.),(1.,
1.),(1.,1.),(1.,1.),(1.,1.),(1.,1.),(1.,1.),(1.,1.),(1.,1.),(1.,1.),(1.,
1.),(1.,1.),(1.,1.),(1.,1.),(1.,1.),(1.,1.),(1.,1.),(1.,1.),(1.,1.),(1.,
1.),(1.,1.),(1.,1.),(1.,1.),(1.,1.),(1.,1.),(1.,1.),(1.,1.),(1.,1.),(1.,
1.),(1.,1.),(1.,1.),(1.,1.),(1.,1.),(1.,1.),(1.,1.),(1.,1.),(1.,1.),(1.,
1.),(1.,1.),(1.,1.),(1.,1.),(1.,1.),(1.,1.),(1.,1.),(1.,1.),(1.,1.),(1.,
1.),(1.,1.),(1.,1.),(1.,1.),(1.,1.),(1.,1.),(1.,1.),(1.,1.),(1.,1.),(1.,
1.),(1.,1.),(1.,1.),(1.,1.),(1.,1.),(1.,1.),(1.,1.),(1.,1.),(1.,1.),(1.,
1.),(1.,1.),(1.,1.)))
REPRESENTATION_ITEM('')
SURFACE()
);
#60=(
BOUNDED_SURFACE()
B_SPLINE_SURFACE(5,1,((#1946,#1947),(#1948,#1949),(#1950,#1951),(#1952,
#1953),(#1954,#1955),(#1956,#1957),(#1958,#1959),(#1960,#1961),(#1962,#1963),
(#1964,#1965),(#1966,#1967),(#1968,#1969),(#1970,#1971),(#1972,#1973),(#1974,
#1975),(#1976,#1977),(#1978,#1979),(#1980,#1981),(#1982,#1983),(#1984,#1985),
(#1986,#1987),(#1988,#1989),(#1990,#1991),(#1992,#1993),(#1994,#1995),(#1996,
#1997),(#1998,#1999),(#2000,#2001),(#2002,#2003),(#2004,#2005),(#2006,#2007),
(#2008,#2009),(#2010,#2011),(#2012,#2013),(#2014,#2015),(#2016,#2017),(#2018,
#2019),(#2020,#2021),(#2022,#2023),(#2024,#2025),(#2026,#2027),(#2028,#2029),
(#2030,#2031),(#2032,#2033),(#2034,#2035),(#2036,#2037),(#2038,#2039),(#2040,
#2041),(#2042,#2043),(#2044,#2045),(#2046,#2047),(#2048,#2049),(#2050,#2051),
(#2052,#2053),(#2054,#2055),(#2056,#2057),(#2058,#2059),(#2060,#2061),(#2062,
#2063),(#2064,#2065),(#2066,#2067),(#2068,#2069),(#2070,#2071),(#2072,#2073),
(#2074,#2075),(#2076,#2077),(#2078,#2079),(#2080,#2081),(#2082,#2083),(#2084,
#2085),(#2086,#2087),(#2088,#2089),(#2090,#2091),(#2092,#2093),(#2094,#2095),
(#2096,#2097),(#2098,#2099),(#2100,#2101),(#2102,#2103),(#2104,#2105)),
 .UNSPECIFIED.,.F.,.F.,.F.)
B_SPLINE_SURFACE_WITH_KNOTS((6,1,1,1,1,1,1,1,1,1,1,1,1,1,1,1,1,1,1,1,1,
1,1,1,1,1,1,1,1,1,1,1,1,1,1,1,1,1,1,1,1,1,1,1,1,1,1,1,1,1,1,1,1,1,1,1,1,
1,1,1,1,1,1,1,1,1,1,1,1,1,1,1,1,1,1,6),(2,2),(-1.,-0.986666666666665,-0.973333333333332,
-0.959999999999999,-0.946666666666665,-0.933333333333332,-0.919999999999999,
-0.906666666666666,-0.893333333333332,-0.879999999999999,-0.866666666666666,
-0.853333333333332,-0.839999999999999,-0.826666666666666,-0.813333333333332,
-0.799999999999999,-0.786666666666666,-0.773333333333332,-0.759999999999999,
-0.746666666666666,-0.733333333333333,-0.719999999999999,-0.706666666666666,
-0.693333333333333,-0.679999999999999,-0.666666666666666,-0.653333333333333,
-0.639999999999999,-0.626666666666666,-0.613333333333333,-0.599999999999999,
-0.586666666666666,-0.573333333333333,-0.559999999999999,-0.546666666666666,
-0.533333333333333,-0.52,-0.506666666666666,-0.493333333333333,-0.48,-0.466666666666666,
-0.453333333333333,-0.44,-0.426666666666666,-0.413333333333333,-0.4,-0.386666666666666,
-0.373333333333333,-0.36,-0.346666666666667,-0.333333333333333,-0.32,-0.306666666666667,
-0.293333333333333,-0.28,-0.266666666666667,-0.253333333333333,-0.24,-0.226666666666667,
-0.213333333333333,-0.2,-0.186666666666667,-0.173333333333333,-0.16,-0.146666666666667,
-0.133333333333333,-0.12,-0.106666666666667,-0.0933333333333333,-0.08,-0.0666666666666667,
-0.0533333333333333,-0.04,-0.0266666666666667,-0.0133333333333333,0.),(0.,
0.45),.UNSPECIFIED.)
GEOMETRIC_REPRESENTATION_ITEM()
RATIONAL_B_SPLINE_SURFACE(((1.,1.),(1.,1.),(1.,1.),(1.,1.),(1.,1.),(1.,
1.),(1.,1.),(1.,1.),(1.,1.),(1.,1.),(1.,1.),(1.,1.),(1.,1.),(1.,1.),(1.,
1.),(1.,1.),(1.,1.),(1.,1.),(1.,1.),(1.,1.),(1.,1.),(1.,1.),(1.,1.),(1.,
1.),(1.,1.),(1.,1.),(1.,1.),(1.,1.),(1.,1.),(1.,1.),(1.,1.),(1.,1.),(1.,
1.),(1.,1.),(1.,1.),(1.,1.),(1.,1.),(1.,1.),(1.,1.),(1.,1.),(1.,1.),(1.,
1.),(1.,1.),(1.,1.),(1.,1.),(1.,1.),(1.,1.),(1.,1.),(1.,1.),(1.,1.),(1.,
1.),(1.,1.),(1.,1.),(1.,1.),(1.,1.),(1.,1.),(1.,1.),(1.,1.),(1.,1.),(1.,
1.),(1.,1.),(1.,1.),(1.,1.),(1.,1.),(1.,1.),(1.,1.),(1.,1.),(1.,1.),(1.,
1.),(1.,1.),(1.,1.),(1.,1.),(1.,1.),(1.,1.),(1.,1.),(1.,1.),(1.,1.),(1.,
1.),(1.,1.),(1.,1.)))
REPRESENTATION_ITEM('')
SURFACE()
);
#61=(
BOUNDED_SURFACE()
B_SPLINE_SURFACE(5,1,((#2387,#2388),(#2389,#2390),(#2391,#2392),(#2393,
#2394),(#2395,#2396),(#2397,#2398),(#2399,#2400),(#2401,#2402),(#2403,#2404),
(#2405,#2406),(#2407,#2408),(#2409,#2410),(#2411,#2412),(#2413,#2414),(#2415,
#2416),(#2417,#2418),(#2419,#2420),(#2421,#2422),(#2423,#2424),(#2425,#2426),
(#2427,#2428),(#2429,#2430),(#2431,#2432),(#2433,#2434),(#2435,#2436),(#2437,
#2438),(#2439,#2440),(#2441,#2442),(#2443,#2444),(#2445,#2446),(#2447,#2448),
(#2449,#2450),(#2451,#2452),(#2453,#2454),(#2455,#2456),(#2457,#2458),(#2459,
#2460),(#2461,#2462),(#2463,#2464),(#2465,#2466),(#2467,#2468),(#2469,#2470),
(#2471,#2472),(#2473,#2474),(#2475,#2476),(#2477,#2478),(#2479,#2480),(#2481,
#2482),(#2483,#2484),(#2485,#2486),(#2487,#2488),(#2489,#2490),(#2491,#2492),
(#2493,#2494),(#2495,#2496),(#2497,#2498),(#2499,#2500),(#2501,#2502),(#2503,
#2504),(#2505,#2506),(#2507,#2508),(#2509,#2510),(#2511,#2512),(#2513,#2514),
(#2515,#2516),(#2517,#2518),(#2519,#2520),(#2521,#2522),(#2523,#2524),(#2525,
#2526),(#2527,#2528),(#2529,#2530),(#2531,#2532),(#2533,#2534),(#2535,#2536),
(#2537,#2538),(#2539,#2540),(#2541,#2542),(#2543,#2544),(#2545,#2546)),
 .UNSPECIFIED.,.F.,.F.,.F.)
B_SPLINE_SURFACE_WITH_KNOTS((6,1,1,1,1,1,1,1,1,1,1,1,1,1,1,1,1,1,1,1,1,
1,1,1,1,1,1,1,1,1,1,1,1,1,1,1,1,1,1,1,1,1,1,1,1,1,1,1,1,1,1,1,1,1,1,1,1,
1,1,1,1,1,1,1,1,1,1,1,1,1,1,1,1,1,1,6),(2,2),(-1.,-0.986666666666665,-0.973333333333332,
-0.959999999999999,-0.946666666666665,-0.933333333333332,-0.919999999999999,
-0.906666666666666,-0.893333333333332,-0.879999999999999,-0.866666666666666,
-0.853333333333332,-0.839999999999999,-0.826666666666666,-0.813333333333332,
-0.799999999999999,-0.786666666666666,-0.773333333333332,-0.759999999999999,
-0.746666666666666,-0.733333333333333,-0.719999999999999,-0.706666666666666,
-0.693333333333333,-0.679999999999999,-0.666666666666666,-0.653333333333333,
-0.639999999999999,-0.626666666666666,-0.613333333333333,-0.599999999999999,
-0.586666666666666,-0.573333333333333,-0.559999999999999,-0.546666666666666,
-0.533333333333333,-0.52,-0.506666666666666,-0.493333333333333,-0.48,-0.466666666666666,
-0.453333333333333,-0.44,-0.426666666666666,-0.413333333333333,-0.4,-0.386666666666666,
-0.373333333333333,-0.36,-0.346666666666667,-0.333333333333333,-0.32,-0.306666666666667,
-0.293333333333333,-0.28,-0.266666666666667,-0.253333333333333,-0.24,-0.226666666666667,
-0.213333333333333,-0.2,-0.186666666666667,-0.173333333333333,-0.16,-0.146666666666667,
-0.133333333333333,-0.12,-0.106666666666667,-0.0933333333333333,-0.08,-0.0666666666666667,
-0.0533333333333333,-0.04,-0.0266666666666667,-0.0133333333333333,0.),(0.,
0.45),.UNSPECIFIED.)
GEOMETRIC_REPRESENTATION_ITEM()
RATIONAL_B_SPLINE_SURFACE(((1.,1.),(1.,1.),(1.,1.),(1.,1.),(1.,1.),(1.,
1.),(1.,1.),(1.,1.),(1.,1.),(1.,1.),(1.,1.),(1.,1.),(1.,1.),(1.,1.),(1.,
1.),(1.,1.),(1.,1.),(1.,1.),(1.,1.),(1.,1.),(1.,1.),(1.,1.),(1.,1.),(1.,
1.),(1.,1.),(1.,1.),(1.,1.),(1.,1.),(1.,1.),(1.,1.),(1.,1.),(1.,1.),(1.,
1.),(1.,1.),(1.,1.),(1.,1.),(1.,1.),(1.,1.),(1.,1.),(1.,1.),(1.,1.),(1.,
1.),(1.,1.),(1.,1.),(1.,1.),(1.,1.),(1.,1.),(1.,1.),(1.,1.),(1.,1.),(1.,
1.),(1.,1.),(1.,1.),(1.,1.),(1.,1.),(1.,1.),(1.,1.),(1.,1.),(1.,1.),(1.,
1.),(1.,1.),(1.,1.),(1.,1.),(1.,1.),(1.,1.),(1.,1.),(1.,1.),(1.,1.),(1.,
1.),(1.,1.),(1.,1.),(1.,1.),(1.,1.),(1.,1.),(1.,1.),(1.,1.),(1.,1.),(1.,
1.),(1.,1.),(1.,1.)))
REPRESENTATION_ITEM('')
SURFACE()
);
#62=PLANE('',#780);
#63=PLANE('',#784);
#64=PLANE('',#788);
#65=PLANE('',#792);
#66=PLANE('',#796);
#67=PLANE('',#800);
#68=PLANE('',#801);
#69=PLANE('',#805);
#70=PLANE('',#809);
#71=PLANE('',#810);
#72=PLANE('',#811);
#73=PLANE('',#812);
#74=PLANE('',#813);
#75=PLANE('',#814);
#76=PLANE('',#815);
#77=PLANE('',#816);
#78=PLANE('',#817);
#79=PLANE('',#818);
#80=PLANE('',#819);
#81=PLANE('',#820);
#82=PLANE('',#821);
#83=PLANE('',#822);
#84=PLANE('',#823);
#85=PLANE('',#824);
#86=PLANE('',#825);
#87=PLANE('',#827);
#88=FACE_OUTER_BOUND('',#132,.T.);
#89=FACE_OUTER_BOUND('',#133,.T.);
#90=FACE_OUTER_BOUND('',#134,.T.);
#91=FACE_OUTER_BOUND('',#135,.T.);
#92=FACE_OUTER_BOUND('',#136,.T.);
#93=FACE_OUTER_BOUND('',#137,.T.);
#94=FACE_OUTER_BOUND('',#138,.T.);
#95=FACE_OUTER_BOUND('',#139,.T.);
#96=FACE_OUTER_BOUND('',#140,.T.);
#97=FACE_OUTER_BOUND('',#141,.T.);
#98=FACE_OUTER_BOUND('',#142,.T.);
#99=FACE_OUTER_BOUND('',#143,.T.);
#100=FACE_OUTER_BOUND('',#144,.T.);
#101=FACE_OUTER_BOUND('',#145,.T.);
#102=FACE_OUTER_BOUND('',#146,.T.);
#103=FACE_OUTER_BOUND('',#147,.T.);
#104=FACE_OUTER_BOUND('',#148,.T.);
#105=FACE_OUTER_BOUND('',#149,.T.);
#106=FACE_OUTER_BOUND('',#150,.T.);
#107=FACE_OUTER_BOUND('',#151,.T.);
#108=FACE_OUTER_BOUND('',#152,.T.);
#109=FACE_OUTER_BOUND('',#153,.T.);
#110=FACE_OUTER_BOUND('',#154,.T.);
#111=FACE_OUTER_BOUND('',#155,.T.);
#112=FACE_OUTER_BOUND('',#156,.T.);
#113=FACE_OUTER_BOUND('',#157,.T.);
#114=FACE_OUTER_BOUND('',#158,.T.);
#115=FACE_OUTER_BOUND('',#159,.T.);
#116=FACE_OUTER_BOUND('',#160,.T.);
#117=FACE_OUTER_BOUND('',#161,.T.);
#118=FACE_OUTER_BOUND('',#162,.T.);
#119=FACE_OUTER_BOUND('',#163,.T.);
#120=FACE_OUTER_BOUND('',#164,.T.);
#121=FACE_OUTER_BOUND('',#165,.T.);
#122=FACE_OUTER_BOUND('',#166,.T.);
#123=FACE_OUTER_BOUND('',#167,.T.);
#124=FACE_OUTER_BOUND('',#168,.T.);
#125=FACE_OUTER_BOUND('',#169,.T.);
#126=FACE_OUTER_BOUND('',#170,.T.);
#127=FACE_OUTER_BOUND('',#171,.T.);
#128=FACE_OUTER_BOUND('',#173,.T.);
#129=FACE_OUTER_BOUND('',#181,.T.);
#130=FACE_OUTER_BOUND('',#182,.T.);
#131=FACE_OUTER_BOUND('',#183,.T.);
#132=EDGE_LOOP('',(#501,#502,#503,#504));
#133=EDGE_LOOP('',(#505));
#134=EDGE_LOOP('',(#506,#507,#508,#509));
#135=EDGE_LOOP('',(#510));
#136=EDGE_LOOP('',(#511,#512,#513,#514));
#137=EDGE_LOOP('',(#515));
#138=EDGE_LOOP('',(#516,#517,#518,#519));
#139=EDGE_LOOP('',(#520));
#140=EDGE_LOOP('',(#521,#522,#523,#524));
#141=EDGE_LOOP('',(#525));
#142=EDGE_LOOP('',(#526,#527,#528,#529));
#143=EDGE_LOOP('',(#530));
#144=EDGE_LOOP('',(#531,#532,#533,#534));
#145=EDGE_LOOP('',(#535,#536,#537,#538));
#146=EDGE_LOOP('',(#539,#540,#541,#542));
#147=EDGE_LOOP('',(#543,#544,#545,#546));
#148=EDGE_LOOP('',(#547,#548,#549,#550));
#149=EDGE_LOOP('',(#551,#552,#553,#554));
#150=EDGE_LOOP('',(#555,#556,#557,#558));
#151=EDGE_LOOP('',(#559,#560,#561,#562));
#152=EDGE_LOOP('',(#563,#564,#565,#566));
#153=EDGE_LOOP('',(#567,#568,#569,#570));
#154=EDGE_LOOP('',(#571,#572,#573,#574));
#155=EDGE_LOOP('',(#575,#576,#577,#578));
#156=EDGE_LOOP('',(#579,#580,#581,#582));
#157=EDGE_LOOP('',(#583,#584,#585,#586));
#158=EDGE_LOOP('',(#587,#588,#589,#590));
#159=EDGE_LOOP('',(#591,#592,#593,#594));
#160=EDGE_LOOP('',(#595,#596,#597,#598));
#161=EDGE_LOOP('',(#599,#600,#601,#602));
#162=EDGE_LOOP('',(#603,#604,#605,#606));
#163=EDGE_LOOP('',(#607,#608,#609,#610));
#164=EDGE_LOOP('',(#611,#612,#613,#614));
#165=EDGE_LOOP('',(#615,#616,#617,#618));
#166=EDGE_LOOP('',(#619,#620,#621,#622));
#167=EDGE_LOOP('',(#623,#624,#625,#626));
#168=EDGE_LOOP('',(#627,#628,#629,#630));
#169=EDGE_LOOP('',(#631,#632,#633,#634));
#170=EDGE_LOOP('',(#635,#636,#637,#638));
#171=EDGE_LOOP('',(#639,#640,#641,#642,#643,#644,#645,#646,#647,#648,#649));
#172=EDGE_LOOP('',(#650,#651,#652,#653,#654,#655,#656,#657,#658,#659,#660));
#173=EDGE_LOOP('',(#661));
#174=EDGE_LOOP('',(#662,#663,#664,#665,#666,#667,#668,#669,#670,#671,#672));
#175=EDGE_LOOP('',(#673));
#176=EDGE_LOOP('',(#674));
#177=EDGE_LOOP('',(#675));
#178=EDGE_LOOP('',(#676));
#179=EDGE_LOOP('',(#677));
#180=EDGE_LOOP('',(#678));
#181=EDGE_LOOP('',(#679,#680,#681,#682,#683,#684,#685,#686));
#182=EDGE_LOOP('',(#687,#688,#689,#690,#691,#692,#693,#694));
#183=EDGE_LOOP('',(#695));
#184=EDGE_LOOP('',(#696,#697,#698,#699));
#185=EDGE_LOOP('',(#700,#701,#702,#703,#704,#705,#706,#707,#708,#709,#710));
#186=LINE('',#998,#247);
#187=LINE('',#1005,#248);
#188=LINE('',#1012,#249);
#189=LINE('',#1019,#250);
#190=LINE('',#1026,#251);
#191=LINE('',#1033,#252);
#192=LINE('',#1039,#253);
#193=LINE('',#1041,#254);
#194=LINE('',#1043,#255);
#195=LINE('',#1044,#256);
#196=LINE('',#1049,#257);
#197=LINE('',#1053,#258);
#198=LINE('',#1055,#259);
#199=LINE('',#1056,#260);
#200=LINE('',#1064,#261);
#201=LINE('',#1066,#262);
#202=LINE('',#1068,#263);
#203=LINE('',#1069,#264);
#204=LINE('',#1072,#265);
#205=LINE('',#1074,#266);
#206=LINE('',#1075,#267);
#207=LINE('',#1486,#268);
#208=LINE('',#1489,#269);
#209=LINE('',#1491,#270);
#210=LINE('',#1492,#271);
#211=LINE('',#1495,#272);
#212=LINE('',#1497,#273);
#213=LINE('',#1498,#274);
#214=LINE('',#1501,#275);
#215=LINE('',#1503,#276);
#216=LINE('',#1504,#277);
#217=LINE('',#1803,#278);
#218=LINE('',#1942,#279);
#219=LINE('',#1944,#280);
#220=LINE('',#1945,#281);
#221=LINE('',#2244,#282);
#222=LINE('',#2383,#283);
#223=LINE('',#2385,#284);
#224=LINE('',#2386,#285);
#225=LINE('',#2804,#286);
#226=LINE('',#2806,#287);
#227=LINE('',#2808,#288);
#228=LINE('',#2809,#289);
#229=LINE('',#2812,#290);
#230=LINE('',#2814,#291);
#231=LINE('',#2815,#292);
#232=LINE('',#2818,#293);
#233=LINE('',#2820,#294);
#234=LINE('',#3085,#295);
#235=LINE('',#3088,#296);
#236=LINE('',#3090,#297);
#237=LINE('',#3091,#298);
#238=LINE('',#3094,#299);
#239=LINE('',#3096,#300);
#240=LINE('',#3308,#301);
#241=LINE('',#3311,#302);
#242=LINE('',#3313,#303);
#243=LINE('',#3606,#304);
#244=LINE('',#3609,#305);
#245=LINE('',#3611,#306);
#246=LINE('',#6718,#307);
#247=VECTOR('',#834,1.5);
#248=VECTOR('',#843,1.5);
#249=VECTOR('',#852,1.5);
#250=VECTOR('',#861,1.5);
#251=VECTOR('',#870,1.5);
#252=VECTOR('',#879,1.5);
#253=VECTOR('',#886,10.);
#254=VECTOR('',#887,10.);
#255=VECTOR('',#888,10.);
#256=VECTOR('',#889,10.);
#257=VECTOR('',#894,10.);
#258=VECTOR('',#899,10.);
#259=VECTOR('',#900,10.);
#260=VECTOR('',#901,10.);
#261=VECTOR('',#912,10.);
#262=VECTOR('',#913,10.);
#263=VECTOR('',#914,10.);
#264=VECTOR('',#915,10.);
#265=VECTOR('',#918,10.);
#266=VECTOR('',#919,10.);
#267=VECTOR('',#920,10.);
#268=VECTOR('',#921,10.);
#269=VECTOR('',#924,10.);
#270=VECTOR('',#925,10.);
#271=VECTOR('',#926,10.);
#272=VECTOR('',#929,10.);
#273=VECTOR('',#930,10.);
#274=VECTOR('',#931,10.);
#275=VECTOR('',#934,10.);
#276=VECTOR('',#935,10.);
#277=VECTOR('',#936,10.);
#278=VECTOR('',#937,10.);
#279=VECTOR('',#940,10.);
#280=VECTOR('',#941,10.);
#281=VECTOR('',#942,10.);
#282=VECTOR('',#943,10.);
#283=VECTOR('',#946,10.);
#284=VECTOR('',#947,10.);
#285=VECTOR('',#948,10.);
#286=VECTOR('',#951,10.);
#287=VECTOR('',#952,10.);
#288=VECTOR('',#953,10.);
#289=VECTOR('',#954,10.);
#290=VECTOR('',#957,10.);
#291=VECTOR('',#958,10.);
#292=VECTOR('',#959,10.);
#293=VECTOR('',#962,10.);
#294=VECTOR('',#963,10.);
#295=VECTOR('',#964,10.);
#296=VECTOR('',#967,10.);
#297=VECTOR('',#968,10.);
#298=VECTOR('',#969,10.);
#299=VECTOR('',#972,10.);
#300=VECTOR('',#973,10.);
#301=VECTOR('',#974,10.);
#302=VECTOR('',#977,10.);
#303=VECTOR('',#978,10.);
#304=VECTOR('',#979,10.);
#305=VECTOR('',#982,10.);
#306=VECTOR('',#983,10.);
#307=VECTOR('',#990,18.);
#308=CIRCLE('',#778,1.5);
#309=CIRCLE('',#779,1.5);
#310=CIRCLE('',#782,1.5);
#311=CIRCLE('',#783,1.5);
#312=CIRCLE('',#786,1.5);
#313=CIRCLE('',#787,1.5);
#314=CIRCLE('',#790,1.5);
#315=CIRCLE('',#791,1.5);
#316=CIRCLE('',#794,1.5);
#317=CIRCLE('',#795,1.5);
#318=CIRCLE('',#798,1.5);
#319=CIRCLE('',#799,1.5);
#320=CIRCLE('',#803,0.799999999999996);
#321=CIRCLE('',#804,0.799999999999996);
#322=CIRCLE('',#807,0.800000000000001);
#323=CIRCLE('',#808,0.800000000000001);
#324=CIRCLE('',#826,2.);
#325=VERTEX_POINT('',#995);
#326=VERTEX_POINT('',#997);
#327=VERTEX_POINT('',#1002);
#328=VERTEX_POINT('',#1004);
#329=VERTEX_POINT('',#1009);
#330=VERTEX_POINT('',#1011);
#331=VERTEX_POINT('',#1016);
#332=VERTEX_POINT('',#1018);
#333=VERTEX_POINT('',#1023);
#334=VERTEX_POINT('',#1025);
#335=VERTEX_POINT('',#1030);
#336=VERTEX_POINT('',#1032);
#337=VERTEX_POINT('',#1037);
#338=VERTEX_POINT('',#1038);
#339=VERTEX_POINT('',#1040);
#340=VERTEX_POINT('',#1042);
#341=VERTEX_POINT('',#1046);
#342=VERTEX_POINT('',#1048);
#343=VERTEX_POINT('',#1052);
#344=VERTEX_POINT('',#1054);
#345=VERTEX_POINT('',#1062);
#346=VERTEX_POINT('',#1063);
#347=VERTEX_POINT('',#1065);
#348=VERTEX_POINT('',#1067);
#349=VERTEX_POINT('',#1071);
#350=VERTEX_POINT('',#1073);
#351=VERTEX_POINT('',#1236);
#352=VERTEX_POINT('',#1361);
#353=VERTEX_POINT('',#1488);
#354=VERTEX_POINT('',#1490);
#355=VERTEX_POINT('',#1494);
#356=VERTEX_POINT('',#1496);
#357=VERTEX_POINT('',#1500);
#358=VERTEX_POINT('',#1502);
#359=VERTEX_POINT('',#1665);
#360=VERTEX_POINT('',#1802);
#361=VERTEX_POINT('',#1941);
#362=VERTEX_POINT('',#1943);
#363=VERTEX_POINT('',#2106);
#364=VERTEX_POINT('',#2243);
#365=VERTEX_POINT('',#2382);
#366=VERTEX_POINT('',#2384);
#367=VERTEX_POINT('',#2802);
#368=VERTEX_POINT('',#2803);
#369=VERTEX_POINT('',#2805);
#370=VERTEX_POINT('',#2807);
#371=VERTEX_POINT('',#2811);
#372=VERTEX_POINT('',#2813);
#373=VERTEX_POINT('',#2817);
#374=VERTEX_POINT('',#2819);
#375=VERTEX_POINT('',#2979);
#376=VERTEX_POINT('',#3062);
#377=VERTEX_POINT('',#3087);
#378=VERTEX_POINT('',#3089);
#379=VERTEX_POINT('',#3093);
#380=VERTEX_POINT('',#3095);
#381=VERTEX_POINT('',#3221);
#382=VERTEX_POINT('',#3277);
#383=VERTEX_POINT('',#3310);
#384=VERTEX_POINT('',#3312);
#385=VERTEX_POINT('',#3488);
#386=VERTEX_POINT('',#3577);
#387=VERTEX_POINT('',#3608);
#388=VERTEX_POINT('',#3610);
#389=VERTEX_POINT('',#3890);
#390=VERTEX_POINT('',#5914);
#391=VERTEX_POINT('',#5915);
#392=VERTEX_POINT('',#6242);
#393=VERTEX_POINT('',#6249);
#394=VERTEX_POINT('',#6386);
#395=VERTEX_POINT('',#6456);
#396=EDGE_CURVE('',#325,#325,#308,.T.);
#397=EDGE_CURVE('',#325,#326,#186,.T.);
#398=EDGE_CURVE('',#326,#326,#309,.T.);
#399=EDGE_CURVE('',#327,#327,#310,.T.);
#400=EDGE_CURVE('',#327,#328,#187,.T.);
#401=EDGE_CURVE('',#328,#328,#311,.T.);
#402=EDGE_CURVE('',#329,#329,#312,.T.);
#403=EDGE_CURVE('',#329,#330,#188,.T.);
#404=EDGE_CURVE('',#330,#330,#313,.T.);
#405=EDGE_CURVE('',#331,#331,#314,.T.);
#406=EDGE_CURVE('',#331,#332,#189,.T.);
#407=EDGE_CURVE('',#332,#332,#315,.T.);
#408=EDGE_CURVE('',#333,#333,#316,.T.);
#409=EDGE_CURVE('',#333,#334,#190,.T.);
#410=EDGE_CURVE('',#334,#334,#317,.T.);
#411=EDGE_CURVE('',#335,#335,#318,.T.);
#412=EDGE_CURVE('',#335,#336,#191,.T.);
#413=EDGE_CURVE('',#336,#336,#319,.T.);
#414=EDGE_CURVE('',#337,#338,#192,.T.);
#415=EDGE_CURVE('',#337,#339,#193,.T.);
#416=EDGE_CURVE('',#339,#340,#194,.T.);
#417=EDGE_CURVE('',#338,#340,#195,.T.);
#418=EDGE_CURVE('',#341,#337,#320,.T.);
#419=EDGE_CURVE('',#341,#342,#196,.T.);
#420=EDGE_CURVE('',#342,#339,#321,.T.);
#421=EDGE_CURVE('',#343,#341,#197,.T.);
#422=EDGE_CURVE('',#343,#344,#198,.T.);
#423=EDGE_CURVE('',#344,#342,#199,.T.);
#424=EDGE_CURVE('',#338,#343,#322,.T.);
#425=EDGE_CURVE('',#340,#344,#323,.T.);
#426=EDGE_CURVE('',#345,#346,#200,.T.);
#427=EDGE_CURVE('',#345,#347,#201,.T.);
#428=EDGE_CURVE('',#348,#347,#202,.T.);
#429=EDGE_CURVE('',#346,#348,#203,.T.);
#430=EDGE_CURVE('',#346,#349,#204,.T.);
#431=EDGE_CURVE('',#350,#348,#205,.T.);
#432=EDGE_CURVE('',#349,#350,#206,.T.);
#433=EDGE_CURVE('',#349,#351,#31,.T.);
#434=EDGE_CURVE('',#352,#350,#32,.T.);
#435=EDGE_CURVE('',#351,#352,#207,.T.);
#436=EDGE_CURVE('',#351,#353,#208,.T.);
#437=EDGE_CURVE('',#354,#352,#209,.T.);
#438=EDGE_CURVE('',#353,#354,#210,.T.);
#439=EDGE_CURVE('',#353,#355,#211,.T.);
#440=EDGE_CURVE('',#356,#354,#212,.T.);
#441=EDGE_CURVE('',#355,#356,#213,.T.);
#442=EDGE_CURVE('',#355,#357,#214,.T.);
#443=EDGE_CURVE('',#358,#356,#215,.T.);
#444=EDGE_CURVE('',#357,#358,#216,.T.);
#445=EDGE_CURVE('',#359,#345,#33,.T.);
#446=EDGE_CURVE('',#359,#360,#217,.T.);
#447=EDGE_CURVE('',#347,#360,#34,.T.);
#448=EDGE_CURVE('',#361,#359,#218,.T.);
#449=EDGE_CURVE('',#361,#362,#219,.T.);
#450=EDGE_CURVE('',#360,#362,#220,.T.);
#451=EDGE_CURVE('',#363,#361,#35,.T.);
#452=EDGE_CURVE('',#363,#364,#221,.T.);
#453=EDGE_CURVE('',#362,#364,#36,.T.);
#454=EDGE_CURVE('',#365,#363,#222,.T.);
#455=EDGE_CURVE('',#365,#366,#223,.T.);
#456=EDGE_CURVE('',#364,#366,#224,.T.);
#457=EDGE_CURVE('',#357,#365,#37,.T.);
#458=EDGE_CURVE('',#366,#358,#38,.T.);
#459=EDGE_CURVE('',#367,#368,#225,.T.);
#460=EDGE_CURVE('',#369,#367,#226,.T.);
#461=EDGE_CURVE('',#370,#369,#227,.T.);
#462=EDGE_CURVE('',#370,#368,#228,.T.);
#463=EDGE_CURVE('',#368,#371,#229,.T.);
#464=EDGE_CURVE('',#372,#370,#230,.T.);
#465=EDGE_CURVE('',#372,#371,#231,.T.);
#466=EDGE_CURVE('',#371,#373,#232,.T.);
#467=EDGE_CURVE('',#374,#372,#233,.T.);
#468=EDGE_CURVE('',#374,#373,#39,.T.);
#469=EDGE_CURVE('',#373,#375,#40,.T.);
#470=EDGE_CURVE('',#374,#376,#41,.T.);
#471=EDGE_CURVE('',#376,#375,#234,.T.);
#472=EDGE_CURVE('',#375,#377,#235,.T.);
#473=EDGE_CURVE('',#378,#376,#236,.T.);
#474=EDGE_CURVE('',#378,#377,#237,.T.);
#475=EDGE_CURVE('',#377,#379,#238,.T.);
#476=EDGE_CURVE('',#380,#378,#239,.T.);
#477=EDGE_CURVE('',#380,#379,#42,.T.);
#478=EDGE_CURVE('',#379,#381,#43,.T.);
#479=EDGE_CURVE('',#382,#380,#44,.T.);
#480=EDGE_CURVE('',#382,#381,#240,.T.);
#481=EDGE_CURVE('',#381,#383,#241,.T.);
#482=EDGE_CURVE('',#384,#382,#242,.T.);
#483=EDGE_CURVE('',#384,#383,#45,.T.);
#484=EDGE_CURVE('',#383,#385,#46,.T.);
#485=EDGE_CURVE('',#384,#386,#47,.T.);
#486=EDGE_CURVE('',#386,#385,#243,.T.);
#487=EDGE_CURVE('',#385,#387,#244,.T.);
#488=EDGE_CURVE('',#388,#386,#245,.T.);
#489=EDGE_CURVE('',#388,#387,#48,.T.);
#490=EDGE_CURVE('',#387,#367,#49,.T.);
#491=EDGE_CURVE('',#388,#369,#50,.T.);
#492=EDGE_CURVE('',#389,#389,#51,.T.);
#493=EDGE_CURVE('',#390,#391,#324,.T.);
#494=EDGE_CURVE('',#391,#391,#52,.T.);
#495=EDGE_CURVE('',#390,#392,#53,.T.);
#496=EDGE_CURVE('',#392,#393,#54,.T.);
#497=EDGE_CURVE('',#393,#394,#55,.T.);
#498=EDGE_CURVE('',#394,#395,#56,.T.);
#499=EDGE_CURVE('',#395,#390,#57,.T.);
#500=EDGE_CURVE('',#390,#389,#246,.T.);
#501=ORIENTED_EDGE('',*,*,#396,.F.);
#502=ORIENTED_EDGE('',*,*,#397,.T.);
#503=ORIENTED_EDGE('',*,*,#398,.F.);
#504=ORIENTED_EDGE('',*,*,#397,.F.);
#505=ORIENTED_EDGE('',*,*,#396,.T.);
#506=ORIENTED_EDGE('',*,*,#399,.F.);
#507=ORIENTED_EDGE('',*,*,#400,.T.);
#508=ORIENTED_EDGE('',*,*,#401,.F.);
#509=ORIENTED_EDGE('',*,*,#400,.F.);
#510=ORIENTED_EDGE('',*,*,#399,.T.);
#511=ORIENTED_EDGE('',*,*,#402,.F.);
#512=ORIENTED_EDGE('',*,*,#403,.T.);
#513=ORIENTED_EDGE('',*,*,#404,.F.);
#514=ORIENTED_EDGE('',*,*,#403,.F.);
#515=ORIENTED_EDGE('',*,*,#402,.T.);
#516=ORIENTED_EDGE('',*,*,#405,.F.);
#517=ORIENTED_EDGE('',*,*,#406,.T.);
#518=ORIENTED_EDGE('',*,*,#407,.F.);
#519=ORIENTED_EDGE('',*,*,#406,.F.);
#520=ORIENTED_EDGE('',*,*,#405,.T.);
#521=ORIENTED_EDGE('',*,*,#408,.F.);
#522=ORIENTED_EDGE('',*,*,#409,.T.);
#523=ORIENTED_EDGE('',*,*,#410,.F.);
#524=ORIENTED_EDGE('',*,*,#409,.F.);
#525=ORIENTED_EDGE('',*,*,#408,.T.);
#526=ORIENTED_EDGE('',*,*,#411,.F.);
#527=ORIENTED_EDGE('',*,*,#412,.T.);
#528=ORIENTED_EDGE('',*,*,#413,.F.);
#529=ORIENTED_EDGE('',*,*,#412,.F.);
#530=ORIENTED_EDGE('',*,*,#411,.T.);
#531=ORIENTED_EDGE('',*,*,#414,.F.);
#532=ORIENTED_EDGE('',*,*,#415,.T.);
#533=ORIENTED_EDGE('',*,*,#416,.T.);
#534=ORIENTED_EDGE('',*,*,#417,.F.);
#535=ORIENTED_EDGE('',*,*,#418,.F.);
#536=ORIENTED_EDGE('',*,*,#419,.T.);
#537=ORIENTED_EDGE('',*,*,#420,.T.);
#538=ORIENTED_EDGE('',*,*,#415,.F.);
#539=ORIENTED_EDGE('',*,*,#421,.F.);
#540=ORIENTED_EDGE('',*,*,#422,.T.);
#541=ORIENTED_EDGE('',*,*,#423,.T.);
#542=ORIENTED_EDGE('',*,*,#419,.F.);
#543=ORIENTED_EDGE('',*,*,#424,.F.);
#544=ORIENTED_EDGE('',*,*,#417,.T.);
#545=ORIENTED_EDGE('',*,*,#425,.T.);
#546=ORIENTED_EDGE('',*,*,#422,.F.);
#547=ORIENTED_EDGE('',*,*,#425,.F.);
#548=ORIENTED_EDGE('',*,*,#416,.F.);
#549=ORIENTED_EDGE('',*,*,#420,.F.);
#550=ORIENTED_EDGE('',*,*,#423,.F.);
#551=ORIENTED_EDGE('',*,*,#426,.F.);
#552=ORIENTED_EDGE('',*,*,#427,.T.);
#553=ORIENTED_EDGE('',*,*,#428,.F.);
#554=ORIENTED_EDGE('',*,*,#429,.F.);
#555=ORIENTED_EDGE('',*,*,#430,.F.);
#556=ORIENTED_EDGE('',*,*,#429,.T.);
#557=ORIENTED_EDGE('',*,*,#431,.F.);
#558=ORIENTED_EDGE('',*,*,#432,.F.);
#559=ORIENTED_EDGE('',*,*,#433,.F.);
#560=ORIENTED_EDGE('',*,*,#432,.T.);
#561=ORIENTED_EDGE('',*,*,#434,.F.);
#562=ORIENTED_EDGE('',*,*,#435,.F.);
#563=ORIENTED_EDGE('',*,*,#436,.F.);
#564=ORIENTED_EDGE('',*,*,#435,.T.);
#565=ORIENTED_EDGE('',*,*,#437,.F.);
#566=ORIENTED_EDGE('',*,*,#438,.F.);
#567=ORIENTED_EDGE('',*,*,#439,.F.);
#568=ORIENTED_EDGE('',*,*,#438,.T.);
#569=ORIENTED_EDGE('',*,*,#440,.F.);
#570=ORIENTED_EDGE('',*,*,#441,.F.);
#571=ORIENTED_EDGE('',*,*,#442,.F.);
#572=ORIENTED_EDGE('',*,*,#441,.T.);
#573=ORIENTED_EDGE('',*,*,#443,.F.);
#574=ORIENTED_EDGE('',*,*,#444,.F.);
#575=ORIENTED_EDGE('',*,*,#445,.F.);
#576=ORIENTED_EDGE('',*,*,#446,.T.);
#577=ORIENTED_EDGE('',*,*,#447,.F.);
#578=ORIENTED_EDGE('',*,*,#427,.F.);
#579=ORIENTED_EDGE('',*,*,#448,.F.);
#580=ORIENTED_EDGE('',*,*,#449,.T.);
#581=ORIENTED_EDGE('',*,*,#450,.F.);
#582=ORIENTED_EDGE('',*,*,#446,.F.);
#583=ORIENTED_EDGE('',*,*,#451,.F.);
#584=ORIENTED_EDGE('',*,*,#452,.T.);
#585=ORIENTED_EDGE('',*,*,#453,.F.);
#586=ORIENTED_EDGE('',*,*,#449,.F.);
#587=ORIENTED_EDGE('',*,*,#454,.F.);
#588=ORIENTED_EDGE('',*,*,#455,.T.);
#589=ORIENTED_EDGE('',*,*,#456,.F.);
#590=ORIENTED_EDGE('',*,*,#452,.F.);
#591=ORIENTED_EDGE('',*,*,#457,.F.);
#592=ORIENTED_EDGE('',*,*,#444,.T.);
#593=ORIENTED_EDGE('',*,*,#458,.F.);
#594=ORIENTED_EDGE('',*,*,#455,.F.);
#595=ORIENTED_EDGE('',*,*,#459,.F.);
#596=ORIENTED_EDGE('',*,*,#460,.F.);
#597=ORIENTED_EDGE('',*,*,#461,.F.);
#598=ORIENTED_EDGE('',*,*,#462,.T.);
#599=ORIENTED_EDGE('',*,*,#463,.F.);
#600=ORIENTED_EDGE('',*,*,#462,.F.);
#601=ORIENTED_EDGE('',*,*,#464,.F.);
#602=ORIENTED_EDGE('',*,*,#465,.T.);
#603=ORIENTED_EDGE('',*,*,#466,.F.);
#604=ORIENTED_EDGE('',*,*,#465,.F.);
#605=ORIENTED_EDGE('',*,*,#467,.F.);
#606=ORIENTED_EDGE('',*,*,#468,.T.);
#607=ORIENTED_EDGE('',*,*,#469,.F.);
#608=ORIENTED_EDGE('',*,*,#468,.F.);
#609=ORIENTED_EDGE('',*,*,#470,.T.);
#610=ORIENTED_EDGE('',*,*,#471,.T.);
#611=ORIENTED_EDGE('',*,*,#472,.F.);
#612=ORIENTED_EDGE('',*,*,#471,.F.);
#613=ORIENTED_EDGE('',*,*,#473,.F.);
#614=ORIENTED_EDGE('',*,*,#474,.T.);
#615=ORIENTED_EDGE('',*,*,#475,.F.);
#616=ORIENTED_EDGE('',*,*,#474,.F.);
#617=ORIENTED_EDGE('',*,*,#476,.F.);
#618=ORIENTED_EDGE('',*,*,#477,.T.);
#619=ORIENTED_EDGE('',*,*,#478,.F.);
#620=ORIENTED_EDGE('',*,*,#477,.F.);
#621=ORIENTED_EDGE('',*,*,#479,.F.);
#622=ORIENTED_EDGE('',*,*,#480,.T.);
#623=ORIENTED_EDGE('',*,*,#481,.F.);
#624=ORIENTED_EDGE('',*,*,#480,.F.);
#625=ORIENTED_EDGE('',*,*,#482,.F.);
#626=ORIENTED_EDGE('',*,*,#483,.T.);
#627=ORIENTED_EDGE('',*,*,#484,.F.);
#628=ORIENTED_EDGE('',*,*,#483,.F.);
#629=ORIENTED_EDGE('',*,*,#485,.T.);
#630=ORIENTED_EDGE('',*,*,#486,.T.);
#631=ORIENTED_EDGE('',*,*,#487,.F.);
#632=ORIENTED_EDGE('',*,*,#486,.F.);
#633=ORIENTED_EDGE('',*,*,#488,.F.);
#634=ORIENTED_EDGE('',*,*,#489,.T.);
#635=ORIENTED_EDGE('',*,*,#490,.F.);
#636=ORIENTED_EDGE('',*,*,#489,.F.);
#637=ORIENTED_EDGE('',*,*,#491,.T.);
#638=ORIENTED_EDGE('',*,*,#460,.T.);
#639=ORIENTED_EDGE('',*,*,#459,.T.);
#640=ORIENTED_EDGE('',*,*,#463,.T.);
#641=ORIENTED_EDGE('',*,*,#466,.T.);
#642=ORIENTED_EDGE('',*,*,#469,.T.);
#643=ORIENTED_EDGE('',*,*,#472,.T.);
#644=ORIENTED_EDGE('',*,*,#475,.T.);
#645=ORIENTED_EDGE('',*,*,#478,.T.);
#646=ORIENTED_EDGE('',*,*,#481,.T.);
#647=ORIENTED_EDGE('',*,*,#484,.T.);
#648=ORIENTED_EDGE('',*,*,#487,.T.);
#649=ORIENTED_EDGE('',*,*,#490,.T.);
#650=ORIENTED_EDGE('',*,*,#442,.T.);
#651=ORIENTED_EDGE('',*,*,#457,.T.);
#652=ORIENTED_EDGE('',*,*,#454,.T.);
#653=ORIENTED_EDGE('',*,*,#451,.T.);
#654=ORIENTED_EDGE('',*,*,#448,.T.);
#655=ORIENTED_EDGE('',*,*,#445,.T.);
#656=ORIENTED_EDGE('',*,*,#426,.T.);
#657=ORIENTED_EDGE('',*,*,#430,.T.);
#658=ORIENTED_EDGE('',*,*,#433,.T.);
#659=ORIENTED_EDGE('',*,*,#436,.T.);
#660=ORIENTED_EDGE('',*,*,#439,.T.);
#661=ORIENTED_EDGE('',*,*,#492,.F.);
#662=ORIENTED_EDGE('',*,*,#443,.T.);
#663=ORIENTED_EDGE('',*,*,#440,.T.);
#664=ORIENTED_EDGE('',*,*,#437,.T.);
#665=ORIENTED_EDGE('',*,*,#434,.T.);
#666=ORIENTED_EDGE('',*,*,#431,.T.);
#667=ORIENTED_EDGE('',*,*,#428,.T.);
#668=ORIENTED_EDGE('',*,*,#447,.T.);
#669=ORIENTED_EDGE('',*,*,#450,.T.);
#670=ORIENTED_EDGE('',*,*,#453,.T.);
#671=ORIENTED_EDGE('',*,*,#456,.T.);
#672=ORIENTED_EDGE('',*,*,#458,.T.);
#673=ORIENTED_EDGE('',*,*,#413,.T.);
#674=ORIENTED_EDGE('',*,*,#410,.T.);
#675=ORIENTED_EDGE('',*,*,#407,.T.);
#676=ORIENTED_EDGE('',*,*,#404,.T.);
#677=ORIENTED_EDGE('',*,*,#401,.T.);
#678=ORIENTED_EDGE('',*,*,#398,.T.);
#679=ORIENTED_EDGE('',*,*,#493,.T.);
#680=ORIENTED_EDGE('',*,*,#494,.T.);
#681=ORIENTED_EDGE('',*,*,#493,.F.);
#682=ORIENTED_EDGE('',*,*,#495,.T.);
#683=ORIENTED_EDGE('',*,*,#496,.T.);
#684=ORIENTED_EDGE('',*,*,#497,.T.);
#685=ORIENTED_EDGE('',*,*,#498,.T.);
#686=ORIENTED_EDGE('',*,*,#499,.T.);
#687=ORIENTED_EDGE('',*,*,#492,.T.);
#688=ORIENTED_EDGE('',*,*,#500,.F.);
#689=ORIENTED_EDGE('',*,*,#499,.F.);
#690=ORIENTED_EDGE('',*,*,#498,.F.);
#691=ORIENTED_EDGE('',*,*,#497,.F.);
#692=ORIENTED_EDGE('',*,*,#496,.F.);
#693=ORIENTED_EDGE('',*,*,#495,.F.);
#694=ORIENTED_EDGE('',*,*,#500,.T.);
#695=ORIENTED_EDGE('',*,*,#494,.F.);
#696=ORIENTED_EDGE('',*,*,#414,.T.);
#697=ORIENTED_EDGE('',*,*,#424,.T.);
#698=ORIENTED_EDGE('',*,*,#421,.T.);
#699=ORIENTED_EDGE('',*,*,#418,.T.);
#700=ORIENTED_EDGE('',*,*,#461,.T.);
#701=ORIENTED_EDGE('',*,*,#491,.F.);
#702=ORIENTED_EDGE('',*,*,#488,.T.);
#703=ORIENTED_EDGE('',*,*,#485,.F.);
#704=ORIENTED_EDGE('',*,*,#482,.T.);
#705=ORIENTED_EDGE('',*,*,#479,.T.);
#706=ORIENTED_EDGE('',*,*,#476,.T.);
#707=ORIENTED_EDGE('',*,*,#473,.T.);
#708=ORIENTED_EDGE('',*,*,#470,.F.);
#709=ORIENTED_EDGE('',*,*,#467,.T.);
#710=ORIENTED_EDGE('',*,*,#464,.T.);
#711=CYLINDRICAL_SURFACE('',#777,1.5);
#712=CYLINDRICAL_SURFACE('',#781,1.5);
#713=CYLINDRICAL_SURFACE('',#785,1.5);
#714=CYLINDRICAL_SURFACE('',#789,1.5);
#715=CYLINDRICAL_SURFACE('',#793,1.5);
#716=CYLINDRICAL_SURFACE('',#797,1.5);
#717=CYLINDRICAL_SURFACE('',#802,0.799999999999996);
#718=CYLINDRICAL_SURFACE('',#806,0.800000000000001);
#719=ADVANCED_FACE('',(#88),#711,.F.);
#720=ADVANCED_FACE('',(#89),#62,.T.);
#721=ADVANCED_FACE('',(#90),#712,.F.);
#722=ADVANCED_FACE('',(#91),#63,.T.);
#723=ADVANCED_FACE('',(#92),#713,.F.);
#724=ADVANCED_FACE('',(#93),#64,.T.);
#725=ADVANCED_FACE('',(#94),#714,.F.);
#726=ADVANCED_FACE('',(#95),#65,.T.);
#727=ADVANCED_FACE('',(#96),#715,.F.);
#728=ADVANCED_FACE('',(#97),#66,.T.);
#729=ADVANCED_FACE('',(#98),#716,.F.);
#730=ADVANCED_FACE('',(#99),#67,.T.);
#731=ADVANCED_FACE('',(#100),#68,.F.);
#732=ADVANCED_FACE('',(#101),#717,.F.);
#733=ADVANCED_FACE('',(#102),#69,.F.);
#734=ADVANCED_FACE('',(#103),#718,.F.);
#735=ADVANCED_FACE('',(#104),#70,.F.);
#736=ADVANCED_FACE('',(#105),#71,.F.);
#737=ADVANCED_FACE('',(#106),#72,.F.);
#738=ADVANCED_FACE('',(#107),#58,.F.);
#739=ADVANCED_FACE('',(#108),#73,.F.);
#740=ADVANCED_FACE('',(#109),#74,.F.);
#741=ADVANCED_FACE('',(#110),#75,.F.);
#742=ADVANCED_FACE('',(#111),#59,.F.);
#743=ADVANCED_FACE('',(#112),#76,.F.);
#744=ADVANCED_FACE('',(#113),#60,.F.);
#745=ADVANCED_FACE('',(#114),#77,.F.);
#746=ADVANCED_FACE('',(#115),#61,.F.);
#747=ADVANCED_FACE('',(#116),#78,.F.);
#748=ADVANCED_FACE('',(#117),#79,.F.);
#749=ADVANCED_FACE('',(#118),#80,.F.);
#750=ADVANCED_FACE('',(#119),#25,.F.);
#751=ADVANCED_FACE('',(#120),#81,.F.);
#752=ADVANCED_FACE('',(#121),#82,.F.);
#753=ADVANCED_FACE('',(#122),#26,.F.);
#754=ADVANCED_FACE('',(#123),#83,.F.);
#755=ADVANCED_FACE('',(#124),#27,.F.);
#756=ADVANCED_FACE('',(#125),#84,.F.);
#757=ADVANCED_FACE('',(#126),#28,.F.);
#758=ADVANCED_FACE('',(#127,#15),#85,.F.);
#759=ADVANCED_FACE('',(#128,#16,#17,#18,#19,#20,#21,#22),#86,.T.);
#760=ADVANCED_FACE('',(#129),#29,.F.);
#761=ADVANCED_FACE('',(#130),#30,.T.);
#762=ADVANCED_FACE('',(#131,#23,#24),#87,.F.);
#763=CLOSED_SHELL('',(#719,#720,#721,#722,#723,#724,#725,#726,#727,#728,
#729,#730,#731,#732,#733,#734,#735,#736,#737,#738,#739,#740,#741,#742,#743,
#744,#745,#746,#747,#748,#749,#750,#751,#752,#753,#754,#755,#756,#757,#758,
#759,#760,#761,#762));
#764=DERIVED_UNIT_ELEMENT(#766,1.);
#765=DERIVED_UNIT_ELEMENT(#6725,-3.);
#766=(
MASS_UNIT()
NAMED_UNIT(*)
SI_UNIT(.KILO.,.GRAM.)
);
#767=DERIVED_UNIT((#764,#765));
#768=MEASURE_REPRESENTATION_ITEM('density measure',
POSITIVE_RATIO_MEASURE(7850.),#767);
#769=PROPERTY_DEFINITION_REPRESENTATION(#774,#771);
#770=PROPERTY_DEFINITION_REPRESENTATION(#775,#772);
#771=REPRESENTATION('material name',(#773),#6722);
#772=REPRESENTATION('density',(#768),#6722);
#773=DESCRIPTIVE_REPRESENTATION_ITEM('Steel','Steel');
#774=PROPERTY_DEFINITION('material property','material name',#6732);
#775=PROPERTY_DEFINITION('material property','density of part',#6732);
#776=AXIS2_PLACEMENT_3D('',#993,#828,#829);
#777=AXIS2_PLACEMENT_3D('',#994,#830,#831);
#778=AXIS2_PLACEMENT_3D('',#996,#832,#833);
#779=AXIS2_PLACEMENT_3D('',#999,#835,#836);
#780=AXIS2_PLACEMENT_3D('',#1000,#837,#838);
#781=AXIS2_PLACEMENT_3D('',#1001,#839,#840);
#782=AXIS2_PLACEMENT_3D('',#1003,#841,#842);
#783=AXIS2_PLACEMENT_3D('',#1006,#844,#845);
#784=AXIS2_PLACEMENT_3D('',#1007,#846,#847);
#785=AXIS2_PLACEMENT_3D('',#1008,#848,#849);
#786=AXIS2_PLACEMENT_3D('',#1010,#850,#851);
#787=AXIS2_PLACEMENT_3D('',#1013,#853,#854);
#788=AXIS2_PLACEMENT_3D('',#1014,#855,#856);
#789=AXIS2_PLACEMENT_3D('',#1015,#857,#858);
#790=AXIS2_PLACEMENT_3D('',#1017,#859,#860);
#791=AXIS2_PLACEMENT_3D('',#1020,#862,#863);
#792=AXIS2_PLACEMENT_3D('',#1021,#864,#865);
#793=AXIS2_PLACEMENT_3D('',#1022,#866,#867);
#794=AXIS2_PLACEMENT_3D('',#1024,#868,#869);
#795=AXIS2_PLACEMENT_3D('',#1027,#871,#872);
#796=AXIS2_PLACEMENT_3D('',#1028,#873,#874);
#797=AXIS2_PLACEMENT_3D('',#1029,#875,#876);
#798=AXIS2_PLACEMENT_3D('',#1031,#877,#878);
#799=AXIS2_PLACEMENT_3D('',#1034,#880,#881);
#800=AXIS2_PLACEMENT_3D('',#1035,#882,#883);
#801=AXIS2_PLACEMENT_3D('',#1036,#884,#885);
#802=AXIS2_PLACEMENT_3D('',#1045,#890,#891);
#803=AXIS2_PLACEMENT_3D('',#1047,#892,#893);
#804=AXIS2_PLACEMENT_3D('',#1050,#895,#896);
#805=AXIS2_PLACEMENT_3D('',#1051,#897,#898);
#806=AXIS2_PLACEMENT_3D('',#1057,#902,#903);
#807=AXIS2_PLACEMENT_3D('',#1058,#904,#905);
#808=AXIS2_PLACEMENT_3D('',#1059,#906,#907);
#809=AXIS2_PLACEMENT_3D('',#1060,#908,#909);
#810=AXIS2_PLACEMENT_3D('',#1061,#910,#911);
#811=AXIS2_PLACEMENT_3D('',#1070,#916,#917);
#812=AXIS2_PLACEMENT_3D('',#1487,#922,#923);
#813=AXIS2_PLACEMENT_3D('',#1493,#927,#928);
#814=AXIS2_PLACEMENT_3D('',#1499,#932,#933);
#815=AXIS2_PLACEMENT_3D('',#1940,#938,#939);
#816=AXIS2_PLACEMENT_3D('',#2381,#944,#945);
#817=AXIS2_PLACEMENT_3D('',#2801,#949,#950);
#818=AXIS2_PLACEMENT_3D('',#2810,#955,#956);
#819=AXIS2_PLACEMENT_3D('',#2816,#960,#961);
#820=AXIS2_PLACEMENT_3D('',#3086,#965,#966);
#821=AXIS2_PLACEMENT_3D('',#3092,#970,#971);
#822=AXIS2_PLACEMENT_3D('',#3309,#975,#976);
#823=AXIS2_PLACEMENT_3D('',#3607,#980,#981);
#824=AXIS2_PLACEMENT_3D('',#3888,#984,#985);
#825=AXIS2_PLACEMENT_3D('',#3889,#986,#987);
#826=AXIS2_PLACEMENT_3D('',#5916,#988,#989);
#827=AXIS2_PLACEMENT_3D('',#6719,#991,#992);
#828=DIRECTION('axis',(0.,0.,1.));
#829=DIRECTION('refdir',(1.,0.,0.));
#830=DIRECTION('center_axis',(0.,0.994521895368273,-0.104528463267654));
#831=DIRECTION('ref_axis',(1.,0.,0.));
#832=DIRECTION('center_axis',(0.,0.994521895368273,-0.104528463267653));
#833=DIRECTION('ref_axis',(1.,0.,0.));
#834=DIRECTION('',(0.,0.994521895368273,-0.104528463267654));
#835=DIRECTION('center_axis',(0.,-0.994521895368273,0.104528463267653));
#836=DIRECTION('ref_axis',(1.,0.,0.));
#837=DIRECTION('center_axis',(0.,0.994521895368273,-0.104528463267653));
#838=DIRECTION('ref_axis',(1.,0.,0.));
#839=DIRECTION('center_axis',(0.,0.994521895368273,-0.104528463267653));
#840=DIRECTION('ref_axis',(1.,0.,0.));
#841=DIRECTION('center_axis',(0.,0.994521895368273,-0.104528463267653));
#842=DIRECTION('ref_axis',(1.,0.,0.));
#843=DIRECTION('',(0.,0.994521895368273,-0.104528463267653));
#844=DIRECTION('center_axis',(0.,-0.994521895368273,0.104528463267653));
#845=DIRECTION('ref_axis',(1.,0.,0.));
#846=DIRECTION('center_axis',(0.,0.994521895368273,-0.104528463267653));
#847=DIRECTION('ref_axis',(1.,0.,0.));
#848=DIRECTION('center_axis',(0.,0.994521895368273,-0.104528463267653));
#849=DIRECTION('ref_axis',(1.,0.,0.));
#850=DIRECTION('center_axis',(0.,0.994521895368273,-0.104528463267653));
#851=DIRECTION('ref_axis',(1.,0.,0.));
#852=DIRECTION('',(0.,0.994521895368273,-0.104528463267653));
#853=DIRECTION('center_axis',(0.,-0.994521895368273,0.104528463267653));
#854=DIRECTION('ref_axis',(1.,0.,0.));
#855=DIRECTION('center_axis',(0.,0.994521895368273,-0.104528463267653));
#856=DIRECTION('ref_axis',(1.,0.,0.));
#857=DIRECTION('center_axis',(0.,0.994521895368273,-0.104528463267653));
#858=DIRECTION('ref_axis',(1.,0.,0.));
#859=DIRECTION('center_axis',(0.,0.994521895368273,-0.104528463267653));
#860=DIRECTION('ref_axis',(1.,0.,0.));
#861=DIRECTION('',(0.,0.994521895368273,-0.104528463267653));
#862=DIRECTION('center_axis',(0.,-0.994521895368273,0.104528463267653));
#863=DIRECTION('ref_axis',(1.,0.,0.));
#864=DIRECTION('center_axis',(0.,0.994521895368273,-0.104528463267653));
#865=DIRECTION('ref_axis',(1.,0.,0.));
#866=DIRECTION('center_axis',(0.,0.994521895368273,-0.104528463267653));
#867=DIRECTION('ref_axis',(1.,0.,0.));
#868=DIRECTION('center_axis',(0.,0.994521895368273,-0.104528463267653));
#869=DIRECTION('ref_axis',(1.,0.,0.));
#870=DIRECTION('',(0.,0.994521895368273,-0.104528463267653));
#871=DIRECTION('center_axis',(0.,-0.994521895368273,0.104528463267653));
#872=DIRECTION('ref_axis',(1.,0.,0.));
#873=DIRECTION('center_axis',(0.,0.994521895368273,-0.104528463267653));
#874=DIRECTION('ref_axis',(1.,0.,0.));
#875=DIRECTION('center_axis',(0.,0.994521895368273,-0.104528463267654));
#876=DIRECTION('ref_axis',(1.,0.,0.));
#877=DIRECTION('center_axis',(0.,0.994521895368273,-0.104528463267653));
#878=DIRECTION('ref_axis',(1.,0.,0.));
#879=DIRECTION('',(0.,0.994521895368273,-0.104528463267654));
#880=DIRECTION('center_axis',(0.,-0.994521895368273,0.104528463267653));
#881=DIRECTION('ref_axis',(1.,0.,0.));
#882=DIRECTION('center_axis',(0.,0.994521895368273,-0.104528463267653));
#883=DIRECTION('ref_axis',(1.,0.,0.));
#884=DIRECTION('center_axis',(0.,0.104528463267653,0.994521895368273));
#885=DIRECTION('ref_axis',(1.,0.,0.));
#886=DIRECTION('',(1.,1.26809895617706E-17,-1.33282571030192E-18));
#887=DIRECTION('',(0.,0.994521895368273,-0.104528463267653));
#888=DIRECTION('',(1.,0.,0.));
#889=DIRECTION('',(0.,0.994521895368273,-0.104528463267653));
#890=DIRECTION('center_axis',(0.,0.994521895368273,-0.104528463267653));
#891=DIRECTION('ref_axis',(3.72965547335015E-15,-0.104528463267653,-0.994521895368273));
#892=DIRECTION('center_axis',(-1.27508399974188E-17,0.994521895368273,-0.104528463267653));
#893=DIRECTION('ref_axis',(3.72965547335015E-15,-0.104528463267653,-0.994521895368273));
#894=DIRECTION('',(0.,0.994521895368273,-0.104528463267653));
#895=DIRECTION('center_axis',(-1.22663473334668E-16,0.994521895368273,-0.104528463267654));
#896=DIRECTION('ref_axis',(3.72965547335015E-15,-0.104528463267654,-0.994521895368273));
#897=DIRECTION('center_axis',(0.,-0.104528463267653,-0.994521895368273));
#898=DIRECTION('ref_axis',(-1.,0.,0.));
#899=DIRECTION('',(-1.,-1.26809895617706E-17,1.33282571030192E-18));
#900=DIRECTION('',(0.,0.994521895368273,-0.104528463267653));
#901=DIRECTION('',(-1.,0.,0.));
#902=DIRECTION('center_axis',(0.,0.994521895368273,-0.104528463267653));
#903=DIRECTION('ref_axis',(5.55111512312578E-15,0.104528463267653,0.994521895368273));
#904=DIRECTION('center_axis',(-1.27508399974188E-17,0.994521895368273,-0.104528463267653));
#905=DIRECTION('ref_axis',(5.55111512312578E-15,0.104528463267653,0.994521895368273));
#906=DIRECTION('center_axis',(9.60262061868711E-16,0.994521895368274,-0.104528463267652));
#907=DIRECTION('ref_axis',(5.55111512312578E-15,0.104528463267652,0.994521895368273));
#908=DIRECTION('center_axis',(1.22663473334668E-16,0.994521895368273,-0.104528463267654));
#909=DIRECTION('ref_axis',(1.,-1.2199150999325E-16,1.28218243667456E-17));
#910=DIRECTION('center_axis',(-0.00293685311516332,-0.104528012482132,-0.994517606430532));
#911=DIRECTION('ref_axis',(-0.999995687437591,0.000306984742970842,0.00292076472651044));
#912=DIRECTION('',(-0.999995687437591,0.000306984742970842,0.00292076472651044));
#913=DIRECTION('',(0.,0.994521895368273,-0.104528463267653));
#914=DIRECTION('',(0.999995687437591,-0.000306984742970842,-0.00292076472651044));
#915=DIRECTION('',(0.,0.994521895368273,-0.104528463267653));
#916=DIRECTION('center_axis',(-9.40845505705305E-5,-0.104528462805015,-0.994521890966568));
#917=DIRECTION('ref_axis',(-0.999999995574049,9.83451348836538E-6,9.35691455582761E-5));
#918=DIRECTION('',(-0.999999995574049,9.83451348836538E-6,9.35691455582761E-5));
#919=DIRECTION('',(0.999999995574049,-9.83451348836538E-6,-9.35691455582761E-5));
#920=DIRECTION('',(0.,0.994521895368273,-0.104528463267653));
#921=DIRECTION('',(0.,0.994521895368273,-0.104528463267653));
#922=DIRECTION('center_axis',(-0.999997240578532,-0.000245560372353715,
-0.00233635087808786));
#923=DIRECTION('ref_axis',(-0.00234922015188283,0.104528174829568,0.994519151063205));
#924=DIRECTION('',(-0.00234922015188283,0.104528174829568,0.994519151063205));
#925=DIRECTION('',(0.00234922015188283,-0.104528174829568,-0.994519151063205));
#926=DIRECTION('',(0.,0.994521895368273,-0.104528463267653));
#927=DIRECTION('center_axis',(-1.,-1.75666982158286E-15,-1.67135969082735E-14));
#928=DIRECTION('ref_axis',(-1.68056600725562E-14,0.104528463267653,0.994521895368273));
#929=DIRECTION('',(-1.68056600725562E-14,0.104528463267653,0.994521895368273));
#930=DIRECTION('',(1.68056600725562E-14,-0.104528463267653,-0.994521895368273));
#931=DIRECTION('',(0.,0.994521895368273,-0.104528463267653));
#932=DIRECTION('center_axis',(-0.999997240578532,0.000245560372353825,0.0023363508780889));
#933=DIRECTION('ref_axis',(0.00234922015188388,0.104528174829568,0.994519151063205));
#934=DIRECTION('',(0.00234922015188388,0.104528174829568,0.994519151063205));
#935=DIRECTION('',(-0.00234922015188388,-0.104528174829568,-0.994519151063205));
#936=DIRECTION('',(0.,0.994521895368273,-0.104528463267653));
#937=DIRECTION('',(0.,0.994521895368273,-0.104528463267653));
#938=DIRECTION('center_axis',(0.999999983816095,-1.8805774431975E-5,-0.000178924991789711));
#939=DIRECTION('ref_axis',(-0.000179910560665389,-0.104528461575975,-0.994521879273025));
#940=DIRECTION('',(-0.000179910560665389,-0.104528461575975,-0.994521879273025));
#941=DIRECTION('',(0.,0.994521895368273,-0.104528463267653));
#942=DIRECTION('',(0.000179910560665389,0.104528461575975,0.994521879273025));
#943=DIRECTION('',(0.,0.994521895368273,-0.104528463267653));
#944=DIRECTION('center_axis',(0.000332168620526236,0.104528457501027,0.994521840502492));
#945=DIRECTION('ref_axis',(0.999999944832002,-3.47210754493438E-5,-0.000330348966067617));
#946=DIRECTION('',(0.999999944832002,-3.47210754493438E-5,-0.000330348966067617));
#947=DIRECTION('',(0.,0.994521895368273,-0.104528463267653));
#948=DIRECTION('',(-0.999999944832002,3.47210754493438E-5,0.000330348966067617));
#949=DIRECTION('center_axis',(-0.554842896398374,0.82753283820487,-0.0856665746301048));
#950=DIRECTION('ref_axis',(0.00234922015208939,0.104528174829568,0.994519151063204));
#951=DIRECTION('',(-0.00234922015208939,-0.104528174829568,-0.994519151063204));
#952=DIRECTION('',(0.831954215430859,0.551739202151082,-0.0586177126516526));
#953=DIRECTION('',(0.00234922015208932,0.104528174829568,0.994519151063204));
#954=DIRECTION('',(0.831953724887285,0.551702520568967,-0.0589688769099513));
#955=DIRECTION('center_axis',(-0.554844427447999,0.827396590400654,-0.0869628858954983));
#956=DIRECTION('ref_axis',(-1.67897809373474E-14,0.104528463267653,0.994521895368273));
#957=DIRECTION('',(1.67897809373474E-14,-0.104528463267653,-0.994521895368273));
#958=DIRECTION('',(-1.68581110663558E-14,0.104528463267653,0.994521895368273));
#959=DIRECTION('',(0.831953724887285,0.551906815717302,-0.0570251384124579));
#960=DIRECTION('center_axis',(-0.554842896398375,0.827260342596453,-0.0882591971607599));
#961=DIRECTION('ref_axis',(-0.00234922015188389,0.104528174829568,0.994519151063205));
#962=DIRECTION('',(0.00234922015188389,-0.104528174829568,-0.994519151063205));
#963=DIRECTION('',(-0.00234922015188394,0.104528174829568,0.994519151063205));
#964=DIRECTION('',(-0.00130506410224838,0.638767219554094,0.769398944651487));
#965=DIRECTION('center_axis',(-5.22022885927858E-5,0.769399555303587,-0.638767815073337));
#966=DIRECTION('ref_axis',(-0.999999995574049,9.83451348832345E-6,9.35691455578772E-5));
#967=DIRECTION('',(0.999999995574049,-9.83451348832345E-6,-9.35691455578772E-5));
#968=DIRECTION('',(-0.999999995574049,9.83451348830877E-6,9.35691455578595E-5));
#969=DIRECTION('',(0.00126080220808534,0.638767358883113,0.76939890278274));
#970=DIRECTION('center_axis',(-0.00162949658518228,0.769399805162729,-0.638765437822393));
#971=DIRECTION('ref_axis',(-0.999995687437591,0.000306984742970958,0.00292076472651154));
#972=DIRECTION('',(0.999995687437591,-0.000306984742970958,-0.00292076472651154));
#973=DIRECTION('',(-0.999995687437591,0.000306984742970943,0.00292076472651152));
#974=DIRECTION('',(-0.831953143982753,0.551958269006566,-0.0565334900080412));
#975=DIRECTION('center_axis',(0.554844418468452,0.827386156121506,-0.0870621614301154));
#976=DIRECTION('ref_axis',(-0.000179910560666851,-0.104528461575975,-0.994521879273025));
#977=DIRECTION('',(0.000179910560666851,0.104528461575975,0.994521879273025));
#978=DIRECTION('',(-0.000179910560666928,-0.104528461575975,-0.994521879273025));
#979=DIRECTION('',(0.0010529500710573,0.464841593671066,-0.885393236979757));
#980=DIRECTION('center_axis',(0.000184301908067329,0.885393622554836,0.464842015282646));
#981=DIRECTION('ref_axis',(0.999999944832002,-3.47210754484505E-5,-0.000330348966059118));
#982=DIRECTION('',(-0.999999944832002,3.47210754484505E-5,0.000330348966059118));
#983=DIRECTION('',(0.999999944832002,-3.47210754484398E-5,-0.000330348966059138));
#984=DIRECTION('center_axis',(0.,0.994521895368273,-0.104528463267653));
#985=DIRECTION('ref_axis',(1.,0.,0.));
#986=DIRECTION('center_axis',(0.,0.994521895368273,-0.104528463267653));
#987=DIRECTION('ref_axis',(1.,0.,0.));
#988=DIRECTION('center_axis',(-1.,9.33513135820606E-16,8.88178419700126E-15));
#989=DIRECTION('ref_axis',(-8.88178419700126E-15,-1.38777878078145E-16,
-1.));
#990=DIRECTION('',(0.,1.,7.70988211545247E-18));
#991=DIRECTION('center_axis',(-1.27508399974188E-17,0.994521895368273,-0.104528463267653));
#992=DIRECTION('ref_axis',(0.,0.104528463267653,0.994521895368273));
#993=CARTESIAN_POINT('',(0.,0.,0.));
#994=CARTESIAN_POINT('Origin',(-20.,1.8307496015095,7.85164669967853));
#995=CARTESIAN_POINT('',(-21.5,1.8307496015095,7.85164669967853));
#996=CARTESIAN_POINT('Origin',(-20.,1.8307496015095,7.85164669967853));
#997=CARTESIAN_POINT('',(-21.5,4.31705433993018,7.5903255415094));
#998=CARTESIAN_POINT('',(-21.5,1.8307496015095,7.85164669967853));
#999=CARTESIAN_POINT('Origin',(-20.,4.31705433993018,7.5903255415094));
#1000=CARTESIAN_POINT('Origin',(-20.,1.8307496015095,7.85164669967853));
#1001=CARTESIAN_POINT('Origin',(-25.5,5.17566042607441,39.6763473514633));
#1002=CARTESIAN_POINT('',(-27.,5.17566042607441,39.6763473514633));
#1003=CARTESIAN_POINT('Origin',(-25.5,5.17566042607441,39.6763473514633));
#1004=CARTESIAN_POINT('',(-27.,7.6619651644951,39.4150261932941));
#1005=CARTESIAN_POINT('',(-27.,5.17566042607441,39.6763473514633));
#1006=CARTESIAN_POINT('Origin',(-25.5,7.6619651644951,39.4150261932941));
#1007=CARTESIAN_POINT('Origin',(-25.5,5.17566042607441,39.6763473514633));
#1008=CARTESIAN_POINT('Origin',(24.5,5.17566042607441,39.6763473514633));
#1009=CARTESIAN_POINT('',(23.,5.17566042607441,39.6763473514633));
#1010=CARTESIAN_POINT('Origin',(24.5,5.17566042607441,39.6763473514633));
#1011=CARTESIAN_POINT('',(23.,7.6619651644951,39.4150261932941));
#1012=CARTESIAN_POINT('',(23.,5.17566042607441,39.6763473514633));
#1013=CARTESIAN_POINT('Origin',(24.5,7.6619651644951,39.4150261932941));
#1014=CARTESIAN_POINT('Origin',(24.5,5.17566042607441,39.6763473514633));
#1015=CARTESIAN_POINT('Origin',(-20.,7.44392807898249,61.2574724809548));
#1016=CARTESIAN_POINT('',(-21.5,7.44392807898249,61.2574724809548));
#1017=CARTESIAN_POINT('Origin',(-20.,7.44392807898249,61.2574724809548));
#1018=CARTESIAN_POINT('',(-21.5,9.93023281740317,60.9961513227857));
#1019=CARTESIAN_POINT('',(-21.5,7.44392807898249,61.2574724809548));
#1020=CARTESIAN_POINT('Origin',(-20.,9.93023281740317,60.9961513227857));
#1021=CARTESIAN_POINT('Origin',(-20.,7.44392807898249,61.2574724809548));
#1022=CARTESIAN_POINT('Origin',(20.,7.44392807898249,61.2574724809548));
#1023=CARTESIAN_POINT('',(18.5,7.44392807898249,61.2574724809548));
#1024=CARTESIAN_POINT('Origin',(20.,7.44392807898249,61.2574724809548));
#1025=CARTESIAN_POINT('',(18.5,9.93023281740317,60.9961513227857));
#1026=CARTESIAN_POINT('',(18.5,7.44392807898249,61.2574724809548));
#1027=CARTESIAN_POINT('Origin',(20.,9.93023281740317,60.9961513227857));
#1028=CARTESIAN_POINT('Origin',(20.,7.44392807898249,61.2574724809548));
#1029=CARTESIAN_POINT('Origin',(20.,1.8307496015095,7.85164669967853));
#1030=CARTESIAN_POINT('',(18.5,1.8307496015095,7.85164669967853));
#1031=CARTESIAN_POINT('Origin',(20.,1.8307496015095,7.85164669967853));
#1032=CARTESIAN_POINT('',(18.5,4.31705433993018,7.5903255415094));
#1033=CARTESIAN_POINT('',(18.5,1.8307496015095,7.85164669967853));
#1034=CARTESIAN_POINT('Origin',(20.,4.31705433993018,7.5903255415094));
#1035=CARTESIAN_POINT('Origin',(20.,1.8307496015095,7.85164669967853));
#1036=CARTESIAN_POINT('Origin',(-0.2,1.33796432982596,12.7298802607139));
#1037=CARTESIAN_POINT('',(-0.2,1.33796432982596,12.7298802607139));
#1038=CARTESIAN_POINT('',(20.2,1.33796432982596,12.7298802607139));
#1039=CARTESIAN_POINT('',(1.05909090909091,1.33796432982597,12.7298802607139));
#1040=CARTESIAN_POINT('',(-0.2,2.82974717287837,12.5730875658124));
#1041=CARTESIAN_POINT('',(-0.2,1.33796432982596,12.7298802607139));
#1042=CARTESIAN_POINT('',(20.2,2.82974717287837,12.5730875658124));
#1043=CARTESIAN_POINT('',(20.2,2.82974717287837,12.5730875658124));
#1044=CARTESIAN_POINT('',(20.2,1.33796432982596,12.7298802607139));
#1045=CARTESIAN_POINT('Origin',(-0.200000000000003,1.25434155921184,11.9342627444193));
#1046=CARTESIAN_POINT('',(-0.2,1.17071878859772,11.1386452281247));
#1047=CARTESIAN_POINT('Origin',(-0.200000000000003,1.25434155921185,11.9342627444193));
#1048=CARTESIAN_POINT('',(-0.2,2.66250163165013,10.9818525332232));
#1049=CARTESIAN_POINT('',(-0.2,1.17071878859772,11.1386452281247));
#1050=CARTESIAN_POINT('Origin',(-0.200000000000003,2.74612440226425,11.7774700495178));
#1051=CARTESIAN_POINT('Origin',(20.2,1.17071878859772,11.1386452281247));
#1052=CARTESIAN_POINT('',(20.2,1.17071878859772,11.1386452281247));
#1053=CARTESIAN_POINT('',(11.2590909090909,1.17071878859772,11.1386452281247));
#1054=CARTESIAN_POINT('',(20.2,2.66250163165013,10.9818525332232));
#1055=CARTESIAN_POINT('',(20.2,1.17071878859772,11.1386452281247));
#1056=CARTESIAN_POINT('',(-0.2,2.66250163165013,10.9818525332232));
#1057=CARTESIAN_POINT('Origin',(20.2,1.25434155921184,11.9342627444193));
#1058=CARTESIAN_POINT('Origin',(20.2,1.25434155921185,11.9342627444193));
#1059=CARTESIAN_POINT('Origin',(20.2,2.74612440226425,11.7774700495178));
#1060=CARTESIAN_POINT('Origin',(10.,2.74612440226425,11.7774700495178));
#1061=CARTESIAN_POINT('Origin',(9.73226999999997,2.68077774701485,25.505896505869));
#1062=CARTESIAN_POINT('',(9.73226999999997,4.66982153775139,25.2968395793337));
#1063=CARTESIAN_POINT('',(7.53981614383993,4.67049459053748,25.3032432488375));
#1064=CARTESIAN_POINT('',(4.83000241121592,4.67132646559721,25.311158011336));
#1065=CARTESIAN_POINT('',(9.73226999999997,6.16160438080381,25.1400468844322));
#1066=CARTESIAN_POINT('',(9.73226999999997,2.68077774701485,25.505896505869));
#1067=CARTESIAN_POINT('',(7.53981614383993,6.1622774335899,25.146450553936));
#1068=CARTESIAN_POINT('',(4.84509983987481,6.16310467394937,25.1543212202073));
#1069=CARTESIAN_POINT('',(7.53981614383993,2.68145079980094,25.5123001753728));
#1070=CARTESIAN_POINT('Origin',(7.53981614383993,2.68145079980094,25.5123001753728));
#1071=CARTESIAN_POINT('',(-9.70227,4.67066415806698,25.3048565761127));
#1072=CARTESIAN_POINT('',(3.75414057932267,4.67053182081505,25.303597471267));
#1073=CARTESIAN_POINT('',(-9.70227,6.16244700111939,25.1480638812112));
#1074=CARTESIAN_POINT('',(3.76923318172875,6.16231451543906,25.1468033641636));
#1075=CARTESIAN_POINT('',(-9.70227,2.68162036733044,25.513913502648));
#1076=CARTESIAN_POINT('Ctrl Pts',(-9.70227,2.68162036733044,25.513913502648));
#1077=CARTESIAN_POINT('Ctrl Pts',(-9.70227,7.15696889648767,25.0435354179436));
#1078=CARTESIAN_POINT('Ctrl Pts',(-9.73305129616458,2.68160960601905,25.5138111156095));
#1079=CARTESIAN_POINT('Ctrl Pts',(-9.73305129616458,7.15695813517628,25.0434330309051));
#1080=CARTESIAN_POINT('Ctrl Pts',(-9.7946152891107,2.68159151020769,25.5136389454651));
#1081=CARTESIAN_POINT('Ctrl Pts',(-9.7946152891107,7.15694003936492,25.0432608607606));
#1082=CARTESIAN_POINT('Ctrl Pts',(-9.88696548038776,2.6815746469382,25.5134785021733));
#1083=CARTESIAN_POINT('Ctrl Pts',(-9.88696548038776,7.15692317609543,25.0431004174688));
#1084=CARTESIAN_POINT('Ctrl Pts',(-10.0101074748454,2.68157272931077,25.513460257167));
#1085=CARTESIAN_POINT('Ctrl Pts',(-10.0101074748454,7.156921258468,25.0430821724626));
#1086=CARTESIAN_POINT('Ctrl Pts',(-10.164048593905,2.6816039499856,25.5137573020458));
#1087=CARTESIAN_POINT('Ctrl Pts',(-10.164048593905,7.15695247914283,25.0433792173414));
#1088=CARTESIAN_POINT('Ctrl Pts',(-10.3180021606264,2.68166674543663,25.514354760853));
#1089=CARTESIAN_POINT('Ctrl Pts',(-10.3180021606264,7.15701527459386,25.0439766761485));
#1090=CARTESIAN_POINT('Ctrl Pts',(-10.47196580097,2.68175698692076,25.5152133512219));
#1091=CARTESIAN_POINT('Ctrl Pts',(-10.47196580097,7.15710551607799,25.0448352665175));
#1092=CARTESIAN_POINT('Ctrl Pts',(-10.6259355351914,2.68186774080176,25.5162671040105));
#1093=CARTESIAN_POINT('Ctrl Pts',(-10.6259355351914,7.15721626995899,25.045889019306));
#1094=CARTESIAN_POINT('Ctrl Pts',(-10.7799053860477,2.68198858465027,25.5174168564273));
#1095=CARTESIAN_POINT('Ctrl Pts',(-10.7799053860477,7.1573371138075,25.0470387717228));
#1096=CARTESIAN_POINT('Ctrl Pts',(-10.9338684539188,2.68210779922658,25.5185511073546));
#1097=CARTESIAN_POINT('Ctrl Pts',(-10.9338684539188,7.15745632838381,25.0481730226501));
#1098=CARTESIAN_POINT('Ctrl Pts',(-11.0878179770238,2.68221452773084,25.5195665612417));
#1099=CARTESIAN_POINT('Ctrl Pts',(-11.0878179770238,7.15756305688807,25.0491884765373));
#1100=CARTESIAN_POINT('Ctrl Pts',(-11.2417483889785,2.68230093946542,25.5203887139776));
#1101=CARTESIAN_POINT('Ctrl Pts',(-11.2417483889785,7.15764946862265,25.0500106292732));
#1102=CARTESIAN_POINT('Ctrl Pts',(-11.3956563972228,2.68236441331142,25.5209926272818));
#1103=CARTESIAN_POINT('Ctrl Pts',(-11.3956563972228,7.15771294246865,25.0506145425773));
#1104=CARTESIAN_POINT('Ctrl Pts',(-11.5495420032145,2.68240966611658,25.5214231789627));
#1105=CARTESIAN_POINT('Ctrl Pts',(-11.5495420032145,7.15775819527381,25.0510450942582));
#1106=CARTESIAN_POINT('Ctrl Pts',(-11.7034071621536,2.68244843623418,25.5217920519914));
#1107=CARTESIAN_POINT('Ctrl Pts',(-11.7034071621536,7.15779696539141,25.051413967287));
#1108=CARTESIAN_POINT('Ctrl Pts',(-11.857254496755,2.68249923610663,25.5222753804922));
#1109=CARTESIAN_POINT('Ctrl Pts',(-11.857254496755,7.15784776526386,25.0518972957877));
#1110=CARTESIAN_POINT('Ctrl Pts',(-12.0110860013419,2.68258708005594,25.523111159841));
#1111=CARTESIAN_POINT('Ctrl Pts',(-12.0110860013419,7.15793560921317,25.0527330751366));
#1112=CARTESIAN_POINT('Ctrl Pts',(-12.1649017286127,2.68274324724992,25.5245969914403));
#1113=CARTESIAN_POINT('Ctrl Pts',(-12.1649017286127,7.15809177640715,25.0542189067359));
#1114=CARTESIAN_POINT('Ctrl Pts',(-12.3186985404196,2.6830049906905,25.5270873139275));
#1115=CARTESIAN_POINT('Ctrl Pts',(-12.3186985404196,7.15835351984773,25.056709229223));
#1116=CARTESIAN_POINT('Ctrl Pts',(-12.4724703528219,2.68341390878195,25.5309779096815));
#1117=CARTESIAN_POINT('Ctrl Pts',(-12.4724703528219,7.15876243793918,25.0605998249771));
#1118=CARTESIAN_POINT('Ctrl Pts',(-12.6262083625033,2.68401436858098,25.5366909030495));
#1119=CARTESIAN_POINT('Ctrl Pts',(-12.6262083625033,7.15936289773821,25.0663128183451));
#1120=CARTESIAN_POINT('Ctrl Pts',(-12.7799011981669,2.68485191385368,25.5446596140209));
#1121=CARTESIAN_POINT('Ctrl Pts',(-12.7799011981669,7.16020044301091,25.0742815293165));
#1122=CARTESIAN_POINT('Ctrl Pts',(-12.9335352832013,2.68597167806137,25.5553134587957));
#1123=CARTESIAN_POINT('Ctrl Pts',(-12.9335352832013,7.1613202072186,25.0849353740913));
#1124=CARTESIAN_POINT('Ctrl Pts',(-13.0870945915331,2.6874168017606,25.5690628923516));
#1125=CARTESIAN_POINT('Ctrl Pts',(-13.0870945915331,7.16276533091783,25.0986848076471));
#1126=CARTESIAN_POINT('Ctrl Pts',(-13.2405502661335,2.68922705720598,25.5862863224142));
#1127=CARTESIAN_POINT('Ctrl Pts',(-13.2405502661335,7.16457558636321,25.1159082377097));
#1128=CARTESIAN_POINT('Ctrl Pts',(-13.39385064208,2.69143744336453,25.6073167419112));
#1129=CARTESIAN_POINT('Ctrl Pts',(-13.39385064208,7.16678597252177,25.1369386572068));
#1130=CARTESIAN_POINT('Ctrl Pts',(-13.5469112811578,2.69407681342461,25.6324286705923));
#1131=CARTESIAN_POINT('Ctrl Pts',(-13.5469112811578,7.16942534258184,25.1620505858879));
#1132=CARTESIAN_POINT('Ctrl Pts',(-13.6996045306045,2.6971664132408,25.6618242492613));
#1133=CARTESIAN_POINT('Ctrl Pts',(-13.6996045306045,7.17251494239803,25.1914461645569));
#1134=CARTESIAN_POINT('Ctrl Pts',(-13.8517504693698,2.70071863372103,25.695621369532));
#1135=CARTESIAN_POINT('Ctrl Pts',(-13.8517504693698,7.17606716287826,25.2252432848275));
#1136=CARTESIAN_POINT('Ctrl Pts',(-14.0031313402671,2.70473933075485,25.7338757464717));
#1137=CARTESIAN_POINT('Ctrl Pts',(-14.0031313402671,7.18008785991208,25.2634976617673));
#1138=CARTESIAN_POINT('Ctrl Pts',(-14.1535047477255,2.70922995326184,25.7766011656296));
#1139=CARTESIAN_POINT('Ctrl Pts',(-14.1535047477255,7.18457848241907,25.3062230809251));
#1140=CARTESIAN_POINT('Ctrl Pts',(-14.3026172017646,2.71418972620705,25.8237902530405));
#1141=CARTESIAN_POINT('Ctrl Pts',(-14.3026172017646,7.18953825536429,25.3534121683361));
#1142=CARTESIAN_POINT('Ctrl Pts',(-14.4502177105402,2.71961782485657,25.8754351618855));
#1143=CARTESIAN_POINT('Ctrl Pts',(-14.4502177105402,7.1949663540138,25.4050570771811));
#1144=CARTESIAN_POINT('Ctrl Pts',(-14.5960707717281,2.72551549116116,25.9315477085367));
#1145=CARTESIAN_POINT('Ctrl Pts',(-14.5960707717281,7.20086402031839,25.4611696238323));
#1146=CARTESIAN_POINT('Ctrl Pts',(-14.7399456108697,2.7318857908233,25.992157061205));
#1147=CARTESIAN_POINT('Ctrl Pts',(-14.7399456108697,7.20723431998053,25.5217789765006));
#1148=CARTESIAN_POINT('Ctrl Pts',(-14.8816060959567,2.73873343625185,26.0573080554655));
#1149=CARTESIAN_POINT('Ctrl Pts',(-14.8816060959567,7.21408196540908,25.586929970761));
#1150=CARTESIAN_POINT('Ctrl Pts',(-15.0208003965527,2.74606458456521,26.1270592723867));
#1151=CARTESIAN_POINT('Ctrl Pts',(-15.0208003965527,7.22141311372244,25.6566811876823));
#1152=CARTESIAN_POINT('Ctrl Pts',(-15.1572507680798,2.75388664448635,26.2014812012593));
#1153=CARTESIAN_POINT('Ctrl Pts',(-15.1572507680798,7.22923517364358,25.7311031165548));
#1154=CARTESIAN_POINT('Ctrl Pts',(-15.2906432114766,2.76220808072397,26.2806543784066));
#1155=CARTESIAN_POINT('Ctrl Pts',(-15.2906432114766,7.2375566098812,25.8102762937021));
#1156=CARTESIAN_POINT('Ctrl Pts',(-15.4206421906748,2.77103717571933,26.3646576059933));
#1157=CARTESIAN_POINT('Ctrl Pts',(-15.4206421906748,7.24638570487656,25.8942795212889));
#1158=CARTESIAN_POINT('Ctrl Pts',(-15.5469053975136,2.78038078631355,26.453556122505));
#1159=CARTESIAN_POINT('Ctrl Pts',(-15.5469053975136,7.25572931547078,25.9831780378006));
#1160=CARTESIAN_POINT('Ctrl Pts',(-15.6690985113972,2.79024309706696,26.5473897413738));
#1161=CARTESIAN_POINT('Ctrl Pts',(-15.6690985113972,7.26559162622419,26.0770116566693));
#1162=CARTESIAN_POINT('Ctrl Pts',(-15.7869099706076,2.80062437214269,26.6461609759439));
#1163=CARTESIAN_POINT('Ctrl Pts',(-15.7869099706076,7.27597290129992,26.1757828912395));
#1164=CARTESIAN_POINT('Ctrl Pts',(-15.9000658252557,2.81151969261995,26.7498230258101));
#1165=CARTESIAN_POINT('Ctrl Pts',(-15.9000658252557,7.28686822177718,26.2794449411057));
#1166=CARTESIAN_POINT('Ctrl Pts',(-16.0083378980204,2.82291910043659,26.8582811463399));
#1167=CARTESIAN_POINT('Ctrl Pts',(-16.0083378980204,7.29826762959382,26.3879030616354));
#1168=CARTESIAN_POINT('Ctrl Pts',(-16.1115519941895,2.83480774327195,26.9713940271416));
#1169=CARTESIAN_POINT('Ctrl Pts',(-16.1115519941895,7.31015627242918,26.5010159424371));
#1170=CARTESIAN_POINT('Ctrl Pts',(-16.2095961116546,2.84716601410832,27.0889751199028));
#1171=CARTESIAN_POINT('Ctrl Pts',(-16.2095961116546,7.32251454326555,26.6185970351984));
#1172=CARTESIAN_POINT('Ctrl Pts',(-16.3024289129238,2.85996967597644,27.2107938252647));
#1173=CARTESIAN_POINT('Ctrl Pts',(-16.3024289129238,7.33531820513367,26.7404157405603));
#1174=CARTESIAN_POINT('Ctrl Pts',(-16.3900877541249,2.87319000774171,27.3365768798852));
#1175=CARTESIAN_POINT('Ctrl Pts',(-16.3900877541249,7.34853853689894,26.8661987951808));
#1176=CARTESIAN_POINT('Ctrl Pts',(-16.4726679758354,2.88679542498858,27.4660237781237));
#1177=CARTESIAN_POINT('Ctrl Pts',(-16.4726679758354,7.36214395414581,26.9956456934193));
#1178=CARTESIAN_POINT('Ctrl Pts',(-16.5503027022011,2.90075307642077,27.5988219607746));
#1179=CARTESIAN_POINT('Ctrl Pts',(-16.5503027022011,7.376101605578,27.1284438760701));
#1180=CARTESIAN_POINT('Ctrl Pts',(-16.6231426408294,2.91503043519118,27.7346619555599));
#1181=CARTESIAN_POINT('Ctrl Pts',(-16.6231426408294,7.39037896434841,27.2642838708555));
#1182=CARTESIAN_POINT('Ctrl Pts',(-16.6913356828587,2.92959691336662,27.8732527377356));
#1183=CARTESIAN_POINT('Ctrl Pts',(-16.6913356828587,7.40494544252385,27.4028746530311));
#1184=CARTESIAN_POINT('Ctrl Pts',(-16.7550073391824,2.94442540140878,28.0143363772738));
#1185=CARTESIAN_POINT('Ctrl Pts',(-16.7550073391824,7.41977393056601,27.5439582925694));
#1186=CARTESIAN_POINT('Ctrl Pts',(-16.8142675585913,2.95949142595856,28.1576800257167));
#1187=CARTESIAN_POINT('Ctrl Pts',(-16.8142675585913,7.43483995511579,27.6873019410122));
#1188=CARTESIAN_POINT('Ctrl Pts',(-16.8692167651341,2.9747723794305,28.3030685862567));
#1189=CARTESIAN_POINT('Ctrl Pts',(-16.8692167651341,7.45012090858773,27.8326905015523));
#1190=CARTESIAN_POINT('Ctrl Pts',(-16.9199521887291,2.99024672507418,28.4502971504012));
#1191=CARTESIAN_POINT('Ctrl Pts',(-16.9199521887291,7.46559525423141,27.9799190656968));
#1192=CARTESIAN_POINT('Ctrl Pts',(-16.9665741134077,3.00589320996055,28.5991635100377));
#1193=CARTESIAN_POINT('Ctrl Pts',(-16.9665741134077,7.48124173911778,28.1287854253333));
#1194=CARTESIAN_POINT('Ctrl Pts',(-17.0091921195876,3.02169008211213,28.7494607089246));
#1195=CARTESIAN_POINT('Ctrl Pts',(-17.0091921195876,7.49703861126936,28.2790826242201));
#1196=CARTESIAN_POINT('Ctrl Pts',(-17.0479209728331,3.03761560052538,28.9009818952307));
#1197=CARTESIAN_POINT('Ctrl Pts',(-17.0479209728331,7.51296412968261,28.4306038105262));
#1198=CARTESIAN_POINT('Ctrl Pts',(-17.0828766438389,3.05364852916784,29.0535250216036));
#1199=CARTESIAN_POINT('Ctrl Pts',(-17.0828766438389,7.52899705832507,28.5831469368991));
#1200=CARTESIAN_POINT('Ctrl Pts',(-17.1141722649594,3.06976864527099,29.2068976812533));
#1201=CARTESIAN_POINT('Ctrl Pts',(-17.1141722649594,7.54511717442822,28.7365195965489));
#1202=CARTESIAN_POINT('Ctrl Pts',(-17.1419142205546,3.08595722228099,29.3609217029217));
#1203=CARTESIAN_POINT('Ctrl Pts',(-17.1419142205546,7.56130575143822,28.8905436182172));
#1204=CARTESIAN_POINT('Ctrl Pts',(-17.1661979569661,3.10219757800812,29.5154383661759));
#1205=CARTESIAN_POINT('Ctrl Pts',(-17.1661979569661,7.57754610716535,29.0450602814715));
#1206=CARTESIAN_POINT('Ctrl Pts',(-17.1871104560465,3.11847415614799,29.6702996626662));
#1207=CARTESIAN_POINT('Ctrl Pts',(-17.1871104560465,7.59382268530522,29.1999215779618));
#1208=CARTESIAN_POINT('Ctrl Pts',(-17.2047329861488,3.13477155569826,29.8253590616435));
#1209=CARTESIAN_POINT('Ctrl Pts',(-17.2047329861488,7.61012008485549,29.3549809769391));
#1210=CARTESIAN_POINT('Ctrl Pts',(-17.219143837305,3.15107354967099,29.9804621736307));
#1211=CARTESIAN_POINT('Ctrl Pts',(-17.219143837305,7.62642207882823,29.5100840889263));
#1212=CARTESIAN_POINT('Ctrl Pts',(-17.2304209062846,3.16736217610156,30.1354381019497));
#1213=CARTESIAN_POINT('Ctrl Pts',(-17.2304209062846,7.64271070525879,29.6650600172453));
#1214=CARTESIAN_POINT('Ctrl Pts',(-17.2386448179476,3.18361661343469,30.2900887427355));
#1215=CARTESIAN_POINT('Ctrl Pts',(-17.2386448179476,7.65896514259192,29.8197106580311));
#1216=CARTESIAN_POINT('Ctrl Pts',(-17.2438956248003,3.19981463803018,30.4442026521754));
#1217=CARTESIAN_POINT('Ctrl Pts',(-17.2438956248003,7.67516316718741,29.973824567471));
#1218=CARTESIAN_POINT('Ctrl Pts',(-17.2462488595392,3.21593434319441,30.5975714020026));
#1219=CARTESIAN_POINT('Ctrl Pts',(-17.2462488595392,7.69128287235164,30.1271933172981));
#1220=CARTESIAN_POINT('Ctrl Pts',(-17.2457717535183,3.23195579777887,30.7500053600059));
#1221=CARTESIAN_POINT('Ctrl Pts',(-17.2457717535183,7.7073043269361,30.2796272753014));
#1222=CARTESIAN_POINT('Ctrl Pts',(-17.242519569094,3.24786265749451,30.9013490206626));
#1223=CARTESIAN_POINT('Ctrl Pts',(-17.242519569094,7.72321118665174,30.4309709359582));
#1224=CARTESIAN_POINT('Ctrl Pts',(-17.2365314157442,3.26364400081696,31.0514984726096));
#1225=CARTESIAN_POINT('Ctrl Pts',(-17.2365314157442,7.73899252997419,30.5811203879052));
#1226=CARTESIAN_POINT('Ctrl Pts',(-17.2278325396438,3.27929341445848,31.20039269749));
#1227=CARTESIAN_POINT('Ctrl Pts',(-17.2278325396438,7.75464194361571,30.7300146127855));
#1228=CARTESIAN_POINT('Ctrl Pts',(-17.2187163928945,3.29170489640698,31.318480060165));
#1229=CARTESIAN_POINT('Ctrl Pts',(-17.2187163928945,7.76705342556421,30.8481019754606));
#1230=CARTESIAN_POINT('Ctrl Pts',(-17.2106688021141,3.30095229885032,31.4064632172658));
#1231=CARTESIAN_POINT('Ctrl Pts',(-17.2106688021141,7.77630082800755,30.9360851325613));
#1232=CARTESIAN_POINT('Ctrl Pts',(-17.2047659065711,3.30709003736513,31.4648598984204));
#1233=CARTESIAN_POINT('Ctrl Pts',(-17.2047659065711,7.78243856652236,30.9944818137159));
#1234=CARTESIAN_POINT('Ctrl Pts',(-17.2016800000002,3.31015210752863,31.4939935499403));
#1235=CARTESIAN_POINT('Ctrl Pts',(-17.2016800000002,7.78550063668586,31.0236154652359));
#1236=CARTESIAN_POINT('',(-17.2016800000002,5.29919589826517,31.284936623405));
#1237=CARTESIAN_POINT('Ctrl Pts',(-9.70227,4.67066415806698,25.3048565761127));
#1238=CARTESIAN_POINT('Ctrl Pts',(-9.82250943814289,4.67062212169439,25.3044566267435));
#1239=CARTESIAN_POINT('Ctrl Pts',(-9.94276185243375,4.67061172337513,25.3043576933444));
#1240=CARTESIAN_POINT('Ctrl Pts',(-10.0630265615189,4.6706317909026,25.3045486231144));
#1241=CARTESIAN_POINT('Ctrl Pts',(-10.1612606693396,4.67064818237499,25.3047045775566));
#1242=CARTESIAN_POINT('Ctrl Pts',(-10.2595030567059,4.67068503527007,25.3050552094316));
#1243=CARTESIAN_POINT('Ctrl Pts',(-10.3577511602535,4.67073789210534,25.3055581086263));
#1244=CARTESIAN_POINT('Ctrl Pts',(-10.455667369548,4.67079057038368,25.3060593089652));
#1245=CARTESIAN_POINT('Ctrl Pts',(-10.5535893211487,4.67085924809581,25.3067127337484));
#1246=CARTESIAN_POINT('Ctrl Pts',(-10.6515108730462,4.67093325266459,25.307416840187));
#1247=CARTESIAN_POINT('Ctrl Pts',(-10.761909797609,4.6710166870531,25.3082106653673));
#1248=CARTESIAN_POINT('Ctrl Pts',(-10.8723078104241,4.67110603149034,25.3090607209052));
#1249=CARTESIAN_POINT('Ctrl Pts',(-10.9826938899338,4.67118342642008,25.3097970844736));
#1250=CARTESIAN_POINT('Ctrl Pts',(-11.0612824084923,4.67123852714382,25.310321332841));
#1251=CARTESIAN_POINT('Ctrl Pts',(-11.1398648046248,4.67128746425744,25.3107869383753));
#1252=CARTESIAN_POINT('Ctrl Pts',(-11.2184385782063,4.67132744767395,25.3111673551721));
#1253=CARTESIAN_POINT('Ctrl Pts',(-11.2936657103203,4.67136572810289,25.3115315691245));
#1254=CARTESIAN_POINT('Ctrl Pts',(-11.3688849410822,4.67139573939662,25.3118171075108));
#1255=CARTESIAN_POINT('Ctrl Pts',(-11.444096255771,4.67142023743116,25.3120501907398));
#1256=CARTESIAN_POINT('Ctrl Pts',(-11.5203698623736,4.67144508147831,25.3122865660589));
#1257=CARTESIAN_POINT('Ctrl Pts',(-11.5966354276168,4.67146426341833,25.3124690700272));
#1258=CARTESIAN_POINT('Ctrl Pts',(-11.672894186592,4.67148627850539,25.312678529589));
#1259=CARTESIAN_POINT('Ctrl Pts',(-11.7502524821232,4.67150861101688,25.3128910092425));
#1260=CARTESIAN_POINT('Ctrl Pts',(-11.827603884978,4.6715338676646,25.3131313101938));
#1261=CARTESIAN_POINT('Ctrl Pts',(-11.9049493569842,4.67157653444483,25.313537257491));
#1262=CARTESIAN_POINT('Ctrl Pts',(-11.9851541782422,4.67162077855367,25.3139582120674));
#1263=CARTESIAN_POINT('Ctrl Pts',(-12.0653527477841,4.6716837465728,25.3145573127504));
#1264=CARTESIAN_POINT('Ctrl Pts',(-12.1455438863262,4.67178759108609,25.3155453272964));
#1265=CARTESIAN_POINT('Ctrl Pts',(-12.2395687858525,4.6719093498004,25.3167037840798));
#1266=CARTESIAN_POINT('Ctrl Pts',(-12.3335835607062,4.67208740237247,25.3183978411425));
#1267=CARTESIAN_POINT('Ctrl Pts',(-12.427581165992,4.67236516958848,25.3210406196691));
#1268=CARTESIAN_POINT('Ctrl Pts',(-12.543823441418,4.67270867082056,25.3243088155815));
#1269=CARTESIAN_POINT('Ctrl Pts',(-12.660039675843,4.67320526701539,25.3290336127658));
#1270=CARTESIAN_POINT('Ctrl Pts',(-12.7762063505787,4.6739427971468,25.3360507432319));
#1271=CARTESIAN_POINT('Ctrl Pts',(-12.8642811456635,4.6745019748571,25.3413709637624));
#1272=CARTESIAN_POINT('Ctrl Pts',(-12.9523280952948,4.67519989227251,25.3480112044116));
#1273=CARTESIAN_POINT('Ctrl Pts',(-13.040329206092,4.67607204313983,25.3563091656223));
#1274=CARTESIAN_POINT('Ctrl Pts',(-13.1177774499742,4.67683960791784,25.3636120566626));
#1275=CARTESIAN_POINT('Ctrl Pts',(-13.1951908606852,4.67774218395001,25.3721994939803));
#1276=CARTESIAN_POINT('Ctrl Pts',(-13.2725393083712,4.67879999183158,25.3822638636881));
#1277=CARTESIAN_POINT('Ctrl Pts',(-13.3434227385791,4.67976938492724,25.3914870228996));
#1278=CARTESIAN_POINT('Ctrl Pts',(-13.4142519389841,4.68086917482722,25.401950824831));
#1279=CARTESIAN_POINT('Ctrl Pts',(-13.4849814095916,4.68211079434892,25.413764045474));
#1280=CARTESIAN_POINT('Ctrl Pts',(-13.5549212432692,4.68333855219997,25.4254453811304));
#1281=CARTESIAN_POINT('Ctrl Pts',(-13.6247637846173,4.6847050163541,25.4384464191064));
#1282=CARTESIAN_POINT('Ctrl Pts',(-13.6944371197965,4.68621642632347,25.4528265243947));
#1283=CARTESIAN_POINT('Ctrl Pts',(-13.7736023443385,4.68793374198364,25.4691656914686));
#1284=CARTESIAN_POINT('Ctrl Pts',(-13.8525486595132,4.6898381208409,25.4872846459755));
#1285=CARTESIAN_POINT('Ctrl Pts',(-13.9311357233129,4.69193269618955,25.5072131992193));
#1286=CARTESIAN_POINT('Ctrl Pts',(-14.0807883433951,4.69592137668896,25.5451629591822));
#1287=CARTESIAN_POINT('Ctrl Pts',(-14.2291321725942,4.70059914339565,25.5896689364615));
#1288=CARTESIAN_POINT('Ctrl Pts',(-14.375081643625,4.70596455147379,25.6407173843625));
#1289=CARTESIAN_POINT('Ctrl Pts',(-14.4777745140342,4.70973975636196,25.6766360595579));
#1290=CARTESIAN_POINT('Ctrl Pts',(-14.5792847181862,4.71385521760586,25.7157920577296));
#1291=CARTESIAN_POINT('Ctrl Pts',(-14.6792586339675,4.71831561661629,25.7582299195261));
#1292=CARTESIAN_POINT('Ctrl Pts',(-14.7670174656915,4.72223103198357,25.7954826083201));
#1293=CARTESIAN_POINT('Ctrl Pts',(-14.8535948813798,4.72641237052039,25.8352653870658));
#1294=CARTESIAN_POINT('Ctrl Pts',(-14.9387304136061,4.73086590245669,25.8776379130164));
#1295=CARTESIAN_POINT('Ctrl Pts',(-15.0255912277434,4.73540968575913,25.9208691233567));
#1296=CARTESIAN_POINT('Ctrl Pts',(-15.110952833855,4.74023688969557,25.9667969009029));
#1297=CARTESIAN_POINT('Ctrl Pts',(-15.1944813011673,4.74535637065733,26.0155055085895));
#1298=CARTESIAN_POINT('Ctrl Pts',(-15.2838563963365,4.75083419292436,26.0676235060535));
#1299=CARTESIAN_POINT('Ctrl Pts',(-15.3711285377432,4.75664705431423,26.1229291878386));
#1300=CARTESIAN_POINT('Ctrl Pts',(-15.4558455615766,4.76280428678601,26.1815113416045));
#1301=CARTESIAN_POINT('Ctrl Pts',(-15.522401598406,4.76764157889821,26.2275351017316));
#1302=CARTESIAN_POINT('Ctrl Pts',(-15.5873788182643,4.77269146519124,26.2755815603758));
#1303=CARTESIAN_POINT('Ctrl Pts',(-15.6505698470621,4.77795515753785,26.3256622477364));
#1304=CARTESIAN_POINT('Ctrl Pts',(-15.709828862704,4.78289132067741,26.3726267028516));
#1305=CARTESIAN_POINT('Ctrl Pts',(-15.7675163050647,4.78801553161361,26.4213803132389));
#1306=CARTESIAN_POINT('Ctrl Pts',(-15.8234888020968,4.7933249277586,26.4718958431942));
#1307=CARTESIAN_POINT('Ctrl Pts',(-15.8780215452021,4.79849775283114,26.5211119861923));
#1308=CARTESIAN_POINT('Ctrl Pts',(-15.9309260079209,4.80384633282332,26.5720003255504));
#1309=CARTESIAN_POINT('Ctrl Pts',(-15.9821043512206,4.80936443424789,26.6245015535992));
#1310=CARTESIAN_POINT('Ctrl Pts',(-16.0319268306855,4.81473634504424,26.6756118707312));
#1311=CARTESIAN_POINT('Ctrl Pts',(-16.0801131032279,4.82026889162648,26.7282505352746));
#1312=CARTESIAN_POINT('Ctrl Pts',(-16.1266117511923,4.82595323123488,26.7823334139905));
#1313=CARTESIAN_POINT('Ctrl Pts',(-16.1730320691745,4.83162799520528,26.8363251865966));
#1314=CARTESIAN_POINT('Ctrl Pts',(-16.2177700147186,4.83745403012721,26.8917562061669));
#1315=CARTESIAN_POINT('Ctrl Pts',(-16.2608198058565,4.84341963125109,26.948515109448));
#1316=CARTESIAN_POINT('Ctrl Pts',(-16.3090484851949,4.85010289395829,27.0121021065876));
#1317=CARTESIAN_POINT('Ctrl Pts',(-16.3551588872361,4.85696125040844,27.0773550094113));
#1318=CARTESIAN_POINT('Ctrl Pts',(-16.3992043328044,4.86397498999002,27.1440862839774));
#1319=CARTESIAN_POINT('Ctrl Pts',(-16.4585193169244,4.87342023107078,27.2339517499778));
#1320=CARTESIAN_POINT('Ctrl Pts',(-16.514091654363,4.88314687958517,27.3264946288618));
#1321=CARTESIAN_POINT('Ctrl Pts',(-16.5661429593417,4.89310447698955,27.4212348396556));
#1322=CARTESIAN_POINT('Ctrl Pts',(-16.6104728267252,4.90158493627055,27.5019210199942));
#1323=CARTESIAN_POINT('Ctrl Pts',(-16.6522533317755,4.91023265008857,27.5841985209546));
#1324=CARTESIAN_POINT('Ctrl Pts',(-16.6916131810329,4.919020288219,27.6678073128193));
#1325=CARTESIAN_POINT('Ctrl Pts',(-16.7356259180489,4.9288467487701,27.7612998397976));
#1326=CARTESIAN_POINT('Ctrl Pts',(-16.7766108017713,4.93884828123856,27.8564580648032));
#1327=CARTESIAN_POINT('Ctrl Pts',(-16.8147097252456,4.94899320343673,27.9529805519563));
#1328=CARTESIAN_POINT('Ctrl Pts',(-16.8666216889968,4.96281624055655,28.0844979649785));
#1329=CARTESIAN_POINT('Ctrl Pts',(-16.9131694868635,4.97690603094939,28.2185533658596));
#1330=CARTESIAN_POINT('Ctrl Pts',(-16.9546981861705,4.99118955982369,28.3544520652622));
#1331=CARTESIAN_POINT('Ctrl Pts',(-16.9912542335877,5.0037627770813,28.4740782366131));
#1332=CARTESIAN_POINT('Ctrl Pts',(-17.0239239047316,5.0164858680982,28.5951303615322));
#1333=CARTESIAN_POINT('Ctrl Pts',(-17.0529732583041,5.02930912855547,28.7171355350141));
#1334=CARTESIAN_POINT('Ctrl Pts',(-17.0784637976981,5.04056142114199,28.8241939476277));
#1335=CARTESIAN_POINT('Ctrl Pts',(-17.1011687460749,5.05189064487481,28.9319843112052));
#1336=CARTESIAN_POINT('Ctrl Pts',(-17.1212568707014,5.06326691559626,29.040222296979));
#1337=CARTESIAN_POINT('Ctrl Pts',(-17.1449568745553,5.07668865928593,29.1679216580537));
#1338=CARTESIAN_POINT('Ctrl Pts',(-17.1650152825766,5.09017609167105,29.2962460053174));
#1339=CARTESIAN_POINT('Ctrl Pts',(-17.1816575086462,5.10368852163944,29.4248081886988));
#1340=CARTESIAN_POINT('Ctrl Pts',(-17.1951528172068,5.11464585457463,29.5290602476906));
#1341=CARTESIAN_POINT('Ctrl Pts',(-17.2063998563215,5.12562007031279,29.6334729358227));
#1342=CARTESIAN_POINT('Ctrl Pts',(-17.2155063536748,5.13658808933912,29.73782666618));
#1343=CARTESIAN_POINT('Ctrl Pts',(-17.2257194359482,5.14888889790969,29.854861042002));
#1344=CARTESIAN_POINT('Ctrl Pts',(-17.233239901617,5.16118207197178,29.971822780328));
#1345=CARTESIAN_POINT('Ctrl Pts',(-17.2382224241796,5.17342658221686,30.0883215133631));
#1346=CARTESIAN_POINT('Ctrl Pts',(-17.2425965661029,5.18417600179736,30.1905954089233));
#1347=CARTESIAN_POINT('Ctrl Pts',(-17.2450160339545,5.1948872286369,30.2925059248265));
#1348=CARTESIAN_POINT('Ctrl Pts',(-17.2455733549643,5.20553319268649,30.3937955067609));
#1349=CARTESIAN_POINT('Ctrl Pts',(-17.2460236552719,5.21413484380322,30.4756347503935));
#1350=CARTESIAN_POINT('Ctrl Pts',(-17.2452583591022,5.22269378544527,30.5570676405184));
#1351=CARTESIAN_POINT('Ctrl Pts',(-17.2433116887657,5.23120007129679,30.6379995442616));
#1352=CARTESIAN_POINT('Ctrl Pts',(-17.2412386219403,5.24025866672275,30.7241863225875));
#1353=CARTESIAN_POINT('Ctrl Pts',(-17.2378257135908,5.24925758912681,30.8098053500351));
#1354=CARTESIAN_POINT('Ctrl Pts',(-17.2330945476238,5.25819127880012,30.8948037295078));
#1355=CARTESIAN_POINT('Ctrl Pts',(-17.2271493269238,5.26941742414017,31.0016133676891));
#1356=CARTESIAN_POINT('Ctrl Pts',(-17.2191224768195,5.28054068564777,31.107444131592));
#1357=CARTESIAN_POINT('Ctrl Pts',(-17.2090264618727,5.29155882034183,31.2122746806771));
#1358=CARTESIAN_POINT('Ctrl Pts',(-17.2066886766697,5.29411012720769,31.2365487440334));
#1359=CARTESIAN_POINT('Ctrl Pts',(-17.2042398513361,5.29665581993857,31.2607693924635));
#1360=CARTESIAN_POINT('Ctrl Pts',(-17.2016800000002,5.29919589826517,31.284936623405));
#1361=CARTESIAN_POINT('',(-17.2016800000002,6.79097874131758,31.1281439285036));
#1362=CARTESIAN_POINT('Ctrl Pts',(-17.2016800000002,6.79097874131758,31.1281439285036));
#1363=CARTESIAN_POINT('Ctrl Pts',(-17.2130778745266,6.77966890716904,31.0205380444975));
#1364=CARTESIAN_POINT('Ctrl Pts',(-17.2222762133016,6.76824746936557,30.911870322644));
#1365=CARTESIAN_POINT('Ctrl Pts',(-17.2292665090792,6.75671571283798,30.8021529882432));
#1366=CARTESIAN_POINT('Ctrl Pts',(-17.2346266730128,6.74787315346755,30.7180216556849));
#1367=CARTESIAN_POINT('Ctrl Pts',(-17.2386885603828,6.73896563604183,30.6332722885142));
#1368=CARTESIAN_POINT('Ctrl Pts',(-17.2414351913656,6.72999731223319,30.5479443872553));
#1369=CARTESIAN_POINT('Ctrl Pts',(-17.2440098299791,6.72159057943178,30.4679596675134));
#1370=CARTESIAN_POINT('Ctrl Pts',(-17.2454289445256,6.71313033617035,30.3874658297528));
#1371=CARTESIAN_POINT('Ctrl Pts',(-17.2456637473054,6.70462476754145,30.306540749927));
#1372=CARTESIAN_POINT('Ctrl Pts',(-17.2459399318196,6.694620174142,30.2113534021083));
#1373=CARTESIAN_POINT('Ctrl Pts',(-17.2445775603392,6.68455295766066,30.1155702354653));
#1374=CARTESIAN_POINT('Ctrl Pts',(-17.2415044035468,6.67444442095533,30.019393933152));
#1375=CARTESIAN_POINT('Ctrl Pts',(-17.2380117563434,6.66295605415851,29.9100894244632));
#1376=CARTESIAN_POINT('Ctrl Pts',(-17.2323082891735,6.65141490956133,29.8002827685468));
#1377=CARTESIAN_POINT('Ctrl Pts',(-17.2242669148973,6.63985613559495,29.6903083803866));
#1378=CARTESIAN_POINT('Ctrl Pts',(-17.216766794597,6.62907536699821,29.5877362188606));
#1379=CARTESIAN_POINT('Ctrl Pts',(-17.2072320946643,6.61827958067981,29.4850211732575));
#1380=CARTESIAN_POINT('Ctrl Pts',(-17.1955602327672,6.60749253217388,29.3823892623866));
#1381=CARTESIAN_POINT('Ctrl Pts',(-17.1813095047106,6.59432211462209,29.2570811097846));
#1382=CARTESIAN_POINT('Ctrl Pts',(-17.1638750974463,6.58116423336067,29.131892232018));
#1383=CARTESIAN_POINT('Ctrl Pts',(-17.1430598037555,6.56805600502129,29.0071757702481));
#1384=CARTESIAN_POINT('Ctrl Pts',(-17.1259747074148,6.5572968321093,28.9048090779374));
#1385=CARTESIAN_POINT('Ctrl Pts',(-17.1066122231321,6.54657077639216,28.8027574746882));
#1386=CARTESIAN_POINT('Ctrl Pts',(-17.0848409037089,6.53590093632909,28.7012407276599));
#1387=CARTESIAN_POINT('Ctrl Pts',(-17.0579863633123,6.5227398758794,28.5760216019374));
#1388=CARTESIAN_POINT('Ctrl Pts',(-17.0274652500731,6.50966441205618,28.4516168737154));
#1389=CARTESIAN_POINT('Ctrl Pts',(-16.9929956607347,6.49672581979553,28.328514391423));
#1390=CARTESIAN_POINT('Ctrl Pts',(-16.9573754793171,6.48335533838112,28.2013027583179));
#1391=CARTESIAN_POINT('Ctrl Pts',(-16.917534437582,6.47013154053543,28.075486726145));
#1392=CARTESIAN_POINT('Ctrl Pts',(-16.8731796693495,6.45711320273357,27.95162551571));
#1393=CARTESIAN_POINT('Ctrl Pts',(-16.8365828657461,6.44637186486251,27.8494285124787));
#1394=CARTESIAN_POINT('Ctrl Pts',(-16.7969164673934,6.43577007403514,27.7485592106797));
#1395=CARTESIAN_POINT('Ctrl Pts',(-16.7540285737267,6.42534162564288,27.6493391519837));
#1396=CARTESIAN_POINT('Ctrl Pts',(-16.717594160563,6.41648237971369,27.5650490574238));
#1397=CARTESIAN_POINT('Ctrl Pts',(-16.6788359186914,6.40774812959655,27.481948218575));
#1398=CARTESIAN_POINT('Ctrl Pts',(-16.637644653529,6.39916283226303,27.400264570796));
#1399=CARTESIAN_POINT('Ctrl Pts',(-16.5921477152397,6.38968012418308,27.3100426301104));
#1400=CARTESIAN_POINT('Ctrl Pts',(-16.5436821206106,6.38037905628724,27.2215488803359));
#1401=CARTESIAN_POINT('Ctrl Pts',(-16.4920632916582,6.37129864613209,27.1351545487259));
#1402=CARTESIAN_POINT('Ctrl Pts',(-16.4495548215339,6.36382086425229,27.0640082066123));
#1403=CARTESIAN_POINT('Ctrl Pts',(-16.4049050249728,6.35649303222534,26.9942885420486));
#1404=CARTESIAN_POINT('Ctrl Pts',(-16.3580236981377,6.34933808900844,26.9262138046337));
#1405=CARTESIAN_POINT('Ctrl Pts',(-16.3157778600287,6.34289060568777,26.8648700985084));
#1406=CARTESIAN_POINT('Ctrl Pts',(-16.2717188720022,6.33658362340301,26.8048631704449));
#1407=CARTESIAN_POINT('Ctrl Pts',(-16.2258156897667,6.33043252847657,26.7463394115222));
#1408=CARTESIAN_POINT('Ctrl Pts',(-16.1813469819761,6.32447365526659,26.6896445200659));
#1409=CARTESIAN_POINT('Ctrl Pts',(-16.1351470693961,6.31866113820273,26.634342114324));
#1410=CARTESIAN_POINT('Ctrl Pts',(-16.0872354432079,6.31300629151294,26.5805398419845));
#1411=CARTESIAN_POINT('Ctrl Pts',(-16.0385306290505,6.30725782753819,26.5258468606768));
#1412=CARTESIAN_POINT('Ctrl Pts',(-15.9880573752664,6.30167231529526,26.4727042615341));
#1413=CARTESIAN_POINT('Ctrl Pts',(-15.9358843163713,6.29625837237327,26.4211940354399));
#1414=CARTESIAN_POINT('Ctrl Pts',(-15.882355286877,6.29070372182203,26.3683450656795));
#1415=CARTESIAN_POINT('Ctrl Pts',(-15.827037373089,6.28532970081514,26.3172146712353));
#1416=CARTESIAN_POINT('Ctrl Pts',(-15.7700485622688,6.28014186263972,26.2678556881049));
#1417=CARTESIAN_POINT('Ctrl Pts',(-15.709842656742,6.27466116405026,26.2157103242609));
#1418=CARTESIAN_POINT('Ctrl Pts',(-15.6477722923194,6.26938831338015,26.1655425012729));
#1419=CARTESIAN_POINT('Ctrl Pts',(-15.584018773359,6.26432506420777,26.1173689033243));
#1420=CARTESIAN_POINT('Ctrl Pts',(-15.509150860323,6.25837911949916,26.060797018342));
#1421=CARTESIAN_POINT('Ctrl Pts',(-15.4319632508126,6.25272219674305,26.006974993551));
#1422=CARTESIAN_POINT('Ctrl Pts',(-15.3527942136907,6.24734996205791,25.9558615948229));
#1423=CARTESIAN_POINT('Ctrl Pts',(-15.2640824746662,6.24133018085692,25.898587202542));
#1424=CARTESIAN_POINT('Ctrl Pts',(-15.1728878840375,6.23566752883083,25.8447106673884));
#1425=CARTESIAN_POINT('Ctrl Pts',(-15.0796845947718,6.23035052231404,25.7941227295821));
#1426=CARTESIAN_POINT('Ctrl Pts',(-14.9985631678972,6.22572275478843,25.7500924627341));
#1427=CARTESIAN_POINT('Ctrl Pts',(-14.9159213042375,6.22135658784414,25.7085511591581));
#1428=CARTESIAN_POINT('Ctrl Pts',(-14.8320241221688,6.21724502847464,25.6694322848415));
#1429=CARTESIAN_POINT('Ctrl Pts',(-14.732996265604,6.21239195830636,25.6232584065386));
#1430=CARTESIAN_POINT('Ctrl Pts',(-14.6322174396384,6.20789343865552,25.580457851076));
#1431=CARTESIAN_POINT('Ctrl Pts',(-14.5300593191117,6.20374199576246,25.5409595103806));
#1432=CARTESIAN_POINT('Ctrl Pts',(-14.4326853384205,6.19978496798998,25.5033109059977));
#1433=CARTESIAN_POINT('Ctrl Pts',(-14.3340542476767,6.19614323602397,25.4686621408285));
#1434=CARTESIAN_POINT('Ctrl Pts',(-14.2344848614071,6.19281507591984,25.4369968126358));
#1435=CARTESIAN_POINT('Ctrl Pts',(-14.1427753950157,6.18974963785047,25.4078311176319));
#1436=CARTESIAN_POINT('Ctrl Pts',(-14.0502720249506,6.18695065714482,25.381200595098));
#1437=CARTESIAN_POINT('Ctrl Pts',(-13.9572381899464,6.18441859538794,25.3571096367225));
#1438=CARTESIAN_POINT('Ctrl Pts',(-13.8786515529143,6.18227973678642,25.3367597564716));
#1439=CARTESIAN_POINT('Ctrl Pts',(-13.7996877552346,6.18033153590671,25.318223863272));
#1440=CARTESIAN_POINT('Ctrl Pts',(-13.7204904904953,6.17857136673149,25.3014769722379));
#1441=CARTESIAN_POINT('Ctrl Pts',(-13.6510566805468,6.17702819156766,25.2867946413125));
#1442=CARTESIAN_POINT('Ctrl Pts',(-13.5814437880027,6.1756295976531,25.2734879090859));
#1443=CARTESIAN_POINT('Ctrl Pts',(-13.5117265572827,6.17436998356678,25.261503481597));
#1444=CARTESIAN_POINT('Ctrl Pts',(-13.4409540526218,6.17309130334851,25.2493376519799));
#1445=CARTESIAN_POINT('Ctrl Pts',(-13.3700739798315,6.17195584351659,25.2385344733159));
#1446=CARTESIAN_POINT('Ctrl Pts',(-13.2991353071401,6.17095272482165,25.2289904364615));
#1447=CARTESIAN_POINT('Ctrl Pts',(-13.21818937894,6.16980809706396,25.2181000308103));
#1448=CARTESIAN_POINT('Ctrl Pts',(-13.1371669493974,6.16883578659659,25.2088491146611));
#1449=CARTESIAN_POINT('Ctrl Pts',(-13.056105170812,6.16801311103008,25.2010218794938));
#1450=CARTESIAN_POINT('Ctrl Pts',(-12.9660051509516,6.16709870863016,25.1923219218031));
#1451=CARTESIAN_POINT('Ctrl Pts',(-12.8758554210958,6.16636905729259,25.185379753053));
#1452=CARTESIAN_POINT('Ctrl Pts',(-12.7856761905894,6.16578629895585,25.1798351778484));
#1453=CARTESIAN_POINT('Ctrl Pts',(-12.6573849653591,6.16495725239363,25.171947326706));
#1454=CARTESIAN_POINT('Ctrl Pts',(-12.5290325723392,6.16442493742456,25.1668826880858));
#1455=CARTESIAN_POINT('Ctrl Pts',(-12.4006503312356,6.16407113271708,25.1635164611533));
#1456=CARTESIAN_POINT('Ctrl Pts',(-12.3121012942484,6.16382710312343,25.1611946746616));
#1457=CARTESIAN_POINT('Ctrl Pts',(-12.223537774611,6.16366770783008,25.1596781297484));
#1458=CARTESIAN_POINT('Ctrl Pts',(-12.1349653709747,6.16355697307745,25.1586245589542));
#1459=CARTESIAN_POINT('Ctrl Pts',(-12.0562756129347,6.16345859377946,25.1576885424583));
#1460=CARTESIAN_POINT('Ctrl Pts',(-11.9775788018859,6.16339853929212,25.1571171621787));
#1461=CARTESIAN_POINT('Ctrl Pts',(-11.8988759535966,6.1633560635885,25.1567130328539));
#1462=CARTESIAN_POINT('Ctrl Pts',(-11.8218274360715,6.16331448072249,25.1563173983117));
#1463=CARTESIAN_POINT('Ctrl Pts',(-11.7447730228764,6.16328973226496,25.1560819324671));
#1464=CARTESIAN_POINT('Ctrl Pts',(-11.6677117353213,6.16326763037611,25.1558716470414));
#1465=CARTESIAN_POINT('Ctrl Pts',(-11.5917076250009,6.16324583169545,25.155664246449));
#1466=CARTESIAN_POINT('Ctrl Pts',(-11.5156967215234,6.16322659871638,25.1554812568766));
#1467=CARTESIAN_POINT('Ctrl Pts',(-11.4396778122262,6.16320163544052,25.1552437471721));
#1468=CARTESIAN_POINT('Ctrl Pts',(-11.3630726425172,6.16317647964702,25.1550044057846));
#1469=CARTESIAN_POINT('Ctrl Pts',(-11.2864592352292,6.16314547571971,25.1547094231207));
#1470=CARTESIAN_POINT('Ctrl Pts',(-11.2098376669383,6.16310588002856,25.1543326952842));
#1471=CARTESIAN_POINT('Ctrl Pts',(-11.1244841008302,6.16306177190707,25.153913034541));
#1472=CARTESIAN_POINT('Ctrl Pts',(-11.0391203886333,6.16300703667828,25.1533922636258));
#1473=CARTESIAN_POINT('Ctrl Pts',(-10.9537499406173,6.16294572432244,25.1528089155268));
#1474=CARTESIAN_POINT('Ctrl Pts',(-10.8302724666332,6.16285704381297,25.1519651768397));
#1475=CARTESIAN_POINT('Ctrl Pts',(-10.7067812111681,6.16275509303178,25.1509951799511));
#1476=CARTESIAN_POINT('Ctrl Pts',(-10.5832916939427,6.16266548727874,25.1501426381594));
#1477=CARTESIAN_POINT('Ctrl Pts',(-10.4891584636583,6.16259718286573,25.1494927650802));
#1478=CARTESIAN_POINT('Ctrl Pts',(-10.3950264699113,6.16253658231204,25.1489161893263));
#1479=CARTESIAN_POINT('Ctrl Pts',(-10.3009004494389,6.16249193534935,25.1484914018515));
#1480=CARTESIAN_POINT('Ctrl Pts',(-10.1968614981116,6.16244258636854,25.1480218776627));
#1481=CARTESIAN_POINT('Ctrl Pts',(-10.0928297871041,6.16241262955121,25.1477368575847));
#1482=CARTESIAN_POINT('Ctrl Pts',(-9.988807637821,6.16240609740253,25.1476747083414));
#1483=CARTESIAN_POINT('Ctrl Pts',(-9.89328709589313,6.16240009911864,25.1476176384824));
#1484=CARTESIAN_POINT('Ctrl Pts',(-9.79777447899666,6.16241361222533,25.1477462071043));
#1485=CARTESIAN_POINT('Ctrl Pts',(-9.70227,6.16244700111939,25.1480638812112));
#1486=CARTESIAN_POINT('',(-17.2016800000002,3.31015210752863,31.4939935499403));
#1487=CARTESIAN_POINT('Origin',(-17.2016800000002,3.31015210752863,31.4939935499403));
#1488=CARTESIAN_POINT('',(-17.2066799999998,5.52167009834552,33.401637244631));
#1489=CARTESIAN_POINT('',(-17.2114241576799,5.73276063535296,35.4100295465574));
#1490=CARTESIAN_POINT('',(-17.2066799999998,7.01345294139793,33.2448445497296));
#1491=CARTESIAN_POINT('',(-17.211419978576,7.22435752984603,35.2514676692927));
#1492=CARTESIAN_POINT('',(-17.2066799999998,3.53262630760897,33.6106941711664));
#1493=CARTESIAN_POINT('Origin',(-17.2066799999998,3.53262630760897,33.6106941711664));
#1494=CARTESIAN_POINT('',(-17.20668,6.81988643472932,45.7533406094122));
#1495=CARTESIAN_POINT('',(-17.2066799999998,5.8461084533646,36.4884619972111));
#1496=CARTESIAN_POINT('',(-17.20668,8.31166927778173,45.5965479145107));
#1497=CARTESIAN_POINT('',(-17.2066799999998,7.3377090529465,36.3299353715117));
#1498=CARTESIAN_POINT('',(-17.20668,4.83084264399278,45.9623975359475));
#1499=CARTESIAN_POINT('Origin',(-17.20668,4.83084264399278,45.9623975359475));
#1500=CARTESIAN_POINT('',(-17.2016800000004,7.04236063480967,47.8700412306382));
#1501=CARTESIAN_POINT('',(-17.2139293595612,6.49732734080538,42.6843958317961));
#1502=CARTESIAN_POINT('',(-17.2016800000004,8.53414347786208,47.7132485357367));
#1503=CARTESIAN_POINT('',(-17.2139333720798,7.98893164748764,42.5259044768006));
#1504=CARTESIAN_POINT('',(-17.2016800000004,5.05331684407312,48.0790981571735));
#1505=CARTESIAN_POINT('Ctrl Pts',(17.23624,3.46515829009117,32.9687788634981));
#1506=CARTESIAN_POINT('Ctrl Pts',(17.23624,7.9405068192484,32.4984007787937));
#1507=CARTESIAN_POINT('Ctrl Pts',(17.2361231630175,3.46152103248413,32.9341726690109));
#1508=CARTESIAN_POINT('Ctrl Pts',(17.2361231630175,7.93686956164136,32.4637945843064));
#1509=CARTESIAN_POINT('Ctrl Pts',(17.2358998950663,3.45424723132808,32.8649670738447));
#1510=CARTESIAN_POINT('Ctrl Pts',(17.2358998950663,7.92959576048531,32.3945889891402));
#1511=CARTESIAN_POINT('Ctrl Pts',(17.2355962112359,3.44333867176764,32.7611790625161));
#1512=CARTESIAN_POINT('Ctrl Pts',(17.2355962112359,7.91868720092488,32.2908009778116));
#1513=CARTESIAN_POINT('Ctrl Pts',(17.235253753265,3.4287982112783,32.6228358220882));
#1514=CARTESIAN_POINT('Ctrl Pts',(17.235253753265,7.90414674043553,32.1524577373838));
#1515=CARTESIAN_POINT('Ctrl Pts',(17.2349244177454,3.41062972699001,32.4499742409886));
#1516=CARTESIAN_POINT('Ctrl Pts',(17.2349244177454,7.88597825614724,31.9795961562842));
#1517=CARTESIAN_POINT('Ctrl Pts',(17.2346775663049,3.39246816763586,32.2771785462363));
#1518=CARTESIAN_POINT('Ctrl Pts',(17.2346775663049,7.86781669679309,31.8068004615318));
#1519=CARTESIAN_POINT('Ctrl Pts',(17.2344805583082,3.37431319080891,32.1044454800467));
#1520=CARTESIAN_POINT('Ctrl Pts',(17.2344805583082,7.84966171996614,31.6340673953423));
#1521=CARTESIAN_POINT('Ctrl Pts',(17.2342788055805,3.35616421740892,31.9317695326492));
#1522=CARTESIAN_POINT('Ctrl Pts',(17.2342788055805,7.83151274656615,31.4613914479448));
#1523=CARTESIAN_POINT('Ctrl Pts',(17.2339903467076,3.33802036956387,31.7591423516494));
#1524=CARTESIAN_POINT('Ctrl Pts',(17.2339903467076,7.8133688987211,31.2887642669449));
#1525=CARTESIAN_POINT('Ctrl Pts',(17.2335129727122,3.31988034222385,31.5865515203269));
#1526=CARTESIAN_POINT('Ctrl Pts',(17.2335129727122,7.79522887138108,31.1161734356225));
#1527=CARTESIAN_POINT('Ctrl Pts',(17.2327312375446,3.30174227296784,31.4139793189293));
#1528=CARTESIAN_POINT('Ctrl Pts',(17.2327312375446,7.77709080212507,30.9436012342249));
#1529=CARTESIAN_POINT('Ctrl Pts',(17.2315234103172,3.28360361602485,31.2414015260636));
#1530=CARTESIAN_POINT('Ctrl Pts',(17.2315234103172,7.75895214518208,30.7710234413591));
#1531=CARTESIAN_POINT('Ctrl Pts',(17.2297686372314,3.26546100402009,31.0687861032988));
#1532=CARTESIAN_POINT('Ctrl Pts',(17.2297686372314,7.74080953317732,30.5984080185943));
#1533=CARTESIAN_POINT('Ctrl Pts',(17.2273534737358,3.24731014097569,30.8960921771357));
#1534=CARTESIAN_POINT('Ctrl Pts',(17.2273534737358,7.72265867013292,30.4257140924312));
#1535=CARTESIAN_POINT('Ctrl Pts',(17.2241563686419,3.22914678815199,30.7232794186603));
#1536=CARTESIAN_POINT('Ctrl Pts',(17.2241563686419,7.70449531730922,30.2529013339559));
#1537=CARTESIAN_POINT('Ctrl Pts',(17.220032676873,3.21096772456412,30.5503171822488));
#1538=CARTESIAN_POINT('Ctrl Pts',(17.220032676873,7.68631625372135,30.0799390975444));
#1539=CARTESIAN_POINT('Ctrl Pts',(17.2147995636752,3.1927717107088,30.3771936748152));
#1540=CARTESIAN_POINT('Ctrl Pts',(17.2147995636752,7.66812023986603,29.9068155901108));
#1541=CARTESIAN_POINT('Ctrl Pts',(17.2082206685778,3.17456046981722,30.2039252918091));
#1542=CARTESIAN_POINT('Ctrl Pts',(17.2082206685778,7.64990899897445,29.7335472071047));
#1543=CARTESIAN_POINT('Ctrl Pts',(17.1999915208129,3.15633961805201,30.0305654674486));
#1544=CARTESIAN_POINT('Ctrl Pts',(17.1999915208129,7.63168814720924,29.5601873827441));
#1545=CARTESIAN_POINT('Ctrl Pts',(17.1897455253457,3.13811824097224,29.8572006450538));
#1546=CARTESIAN_POINT('Ctrl Pts',(17.1897455253457,7.61346677012947,29.3868225603494));
#1547=CARTESIAN_POINT('Ctrl Pts',(17.1770590985223,3.1199085218531,29.6839467407453));
#1548=CARTESIAN_POINT('Ctrl Pts',(17.1770590985223,7.59525705101033,29.2135686560408));
#1549=CARTESIAN_POINT('Ctrl Pts',(17.1614571386325,3.10172535722649,29.5109454855566));
#1550=CARTESIAN_POINT('Ctrl Pts',(17.1614571386325,7.57707388638372,29.0405674008521));
#1551=CARTESIAN_POINT('Ctrl Pts',(17.1424181294186,3.08358597464086,29.3383607886623));
#1552=CARTESIAN_POINT('Ctrl Pts',(17.1424181294186,7.55893450379809,28.8679827039579));
#1553=CARTESIAN_POINT('Ctrl Pts',(17.1193798418962,3.0655095709513,29.1663752959382));
#1554=CARTESIAN_POINT('Ctrl Pts',(17.1193798418962,7.54085810010853,28.6959972112337));
#1555=CARTESIAN_POINT('Ctrl Pts',(17.0917599191528,3.04751750693318,28.9951922415861));
#1556=CARTESIAN_POINT('Ctrl Pts',(17.0917599191528,7.52286603609041,28.5248141568817));
#1557=CARTESIAN_POINT('Ctrl Pts',(17.0589759344321,3.02963348678176,28.8250371559588));
#1558=CARTESIAN_POINT('Ctrl Pts',(17.0589759344321,7.50498201593899,28.3546590712544));
#1559=CARTESIAN_POINT('Ctrl Pts',(17.020465687732,3.01188373915022,28.6561595880219));
#1560=CARTESIAN_POINT('Ctrl Pts',(17.020465687732,7.48723226830745,28.1857815033174));
#1561=CARTESIAN_POINT('Ctrl Pts',(16.9757073916995,2.99429721500164,28.4888349877893));
#1562=CARTESIAN_POINT('Ctrl Pts',(16.9757073916995,7.46964574415887,28.0184569030848));
#1563=CARTESIAN_POINT('Ctrl Pts',(16.9242401258714,2.97690573879872,28.3233661447978));
#1564=CARTESIAN_POINT('Ctrl Pts',(16.9242401258714,7.45225426795595,27.8529880600933));
#1565=CARTESIAN_POINT('Ctrl Pts',(16.8656871595988,2.9597430414094,28.1600739868182));
#1566=CARTESIAN_POINT('Ctrl Pts',(16.8656871595988,7.43509157056663,27.6896959021138));
#1567=CARTESIAN_POINT('Ctrl Pts',(16.7997795263389,2.94284383349683,27.9992887637503));
#1568=CARTESIAN_POINT('Ctrl Pts',(16.7997795263389,7.41819236265406,27.5289106790459));
#1569=CARTESIAN_POINT('Ctrl Pts',(16.7263791557908,2.92624287277681,27.8413411731698));
#1570=CARTESIAN_POINT('Ctrl Pts',(16.7263791557908,7.40159140193404,27.3709630884654));
#1571=CARTESIAN_POINT('Ctrl Pts',(16.6455035597038,2.90997401244127,27.6865533066827));
#1572=CARTESIAN_POINT('Ctrl Pts',(16.6455035597038,7.3853225415985,27.2161752219783));
#1573=CARTESIAN_POINT('Ctrl Pts',(16.5573467706923,2.89406931293987,27.5352301990915));
#1574=CARTESIAN_POINT('Ctrl Pts',(16.5573467706923,7.36941784209711,27.0648521143871));
#1575=CARTESIAN_POINT('Ctrl Pts',(16.462225318473,2.87855947308762,27.3876639301105));
#1576=CARTESIAN_POINT('Ctrl Pts',(16.462225318473,7.35390800224485,26.9172858454061));
#1577=CARTESIAN_POINT('Ctrl Pts',(16.3605276394171,2.86347419748873,27.2441371201703));
#1578=CARTESIAN_POINT('Ctrl Pts',(16.3605276394171,7.33882272664596,26.7737590354658));
#1579=CARTESIAN_POINT('Ctrl Pts',(16.2526625701154,2.84884258547684,27.1049266309364));
#1580=CARTESIAN_POINT('Ctrl Pts',(16.2526625701154,7.32419111463407,26.634548546232));
#1581=CARTESIAN_POINT('Ctrl Pts',(16.1390077647821,2.83469350557886,26.9703071280952));
#1582=CARTESIAN_POINT('Ctrl Pts',(16.1390077647821,7.3100420347361,26.4999290433907));
#1583=CARTESIAN_POINT('Ctrl Pts',(16.0198596889425,2.82105597927508,26.8405547325869));
#1584=CARTESIAN_POINT('Ctrl Pts',(16.0198596889425,7.29640450843231,26.3701766478825));
#1585=CARTESIAN_POINT('Ctrl Pts',(15.8954578007122,2.80795988024857,26.7159536735201));
#1586=CARTESIAN_POINT('Ctrl Pts',(15.8954578007122,7.2833084094058,26.2455755888156));
#1587=CARTESIAN_POINT('Ctrl Pts',(15.7660069378796,2.79543662223007,26.5968028325779));
#1588=CARTESIAN_POINT('Ctrl Pts',(15.7660069378796,7.2707851513873,26.1264247478734));
#1589=CARTESIAN_POINT('Ctrl Pts',(15.6317003919578,2.78351985678715,26.4834223830384));
#1590=CARTESIAN_POINT('Ctrl Pts',(15.6317003919578,7.25886838594438,26.013044298334));
#1591=CARTESIAN_POINT('Ctrl Pts',(15.4927426190436,2.77224615008415,26.376160228716));
#1592=CARTESIAN_POINT('Ctrl Pts',(15.4927426190436,7.24759467924138,25.9057821440116));
#1593=CARTESIAN_POINT('Ctrl Pts',(15.3493723542623,2.76165571289897,26.2753989496067));
#1594=CARTESIAN_POINT('Ctrl Pts',(15.3493723542623,7.2370042420562,25.8050208649023));
#1595=CARTESIAN_POINT('Ctrl Pts',(15.2018569972273,2.75178739614218,26.1815081874329));
#1596=CARTESIAN_POINT('Ctrl Pts',(15.2018569972273,7.22713592529941,25.7111301027284));
#1597=CARTESIAN_POINT('Ctrl Pts',(15.0504867996367,2.74267363997313,26.0947965896936));
#1598=CARTESIAN_POINT('Ctrl Pts',(15.0504867996367,7.21802216913036,25.6244185049892));
#1599=CARTESIAN_POINT('Ctrl Pts',(14.8955691792255,2.73433541171918,26.015463647183));
#1600=CARTESIAN_POINT('Ctrl Pts',(14.8955691792255,7.20968394087641,25.5450855624786));
#1601=CARTESIAN_POINT('Ctrl Pts',(14.7374230193414,2.72677717459759,25.9435518245768));
#1602=CARTESIAN_POINT('Ctrl Pts',(14.7374230193414,7.20212570375482,25.4731737398723));
#1603=CARTESIAN_POINT('Ctrl Pts',(14.5763730293142,2.71998170318114,25.8788972328824));
#1604=CARTESIAN_POINT('Ctrl Pts',(14.5763730293142,7.19533023233837,25.408519148178));
#1605=CARTESIAN_POINT('Ctrl Pts',(14.4127424452773,2.71391550343005,25.8211811975984));
#1606=CARTESIAN_POINT('Ctrl Pts',(14.4127424452773,7.18926403258728,25.350803112894));
#1607=CARTESIAN_POINT('Ctrl Pts',(14.2468457161222,2.70853436387039,25.7699830746489));
#1608=CARTESIAN_POINT('Ctrl Pts',(14.2468457161222,7.18388289302762,25.2996049899444));
#1609=CARTESIAN_POINT('Ctrl Pts',(14.0789812112644,2.70378883433817,25.724832377151));
#1610=CARTESIAN_POINT('Ctrl Pts',(14.0789812112644,7.1791373634954,25.2544542924465));
#1611=CARTESIAN_POINT('Ctrl Pts',(13.9094238918517,2.69962973569378,25.6852611968472));
#1612=CARTESIAN_POINT('Ctrl Pts',(13.9094238918517,7.17497826485101,25.2148831121428));
#1613=CARTESIAN_POINT('Ctrl Pts',(13.7384180478654,2.69601361563901,25.6508561127359));
#1614=CARTESIAN_POINT('Ctrl Pts',(13.7384180478654,7.17136214479624,25.1804780280315));
#1615=CARTESIAN_POINT('Ctrl Pts',(13.5661836669108,2.69290079484773,25.621239601247));
#1616=CARTESIAN_POINT('Ctrl Pts',(13.5661836669108,7.16824932400496,25.1508615165426));
#1617=CARTESIAN_POINT('Ctrl Pts',(13.3929227129342,2.69025345340526,25.5960518299285));
#1618=CARTESIAN_POINT('Ctrl Pts',(13.3929227129342,7.16560198256249,25.1256737452241));
#1619=CARTESIAN_POINT('Ctrl Pts',(13.2188254196885,2.68803370309134,25.5749323164445));
#1620=CARTESIAN_POINT('Ctrl Pts',(13.2188254196885,7.16338223224857,25.1045542317401));
#1621=CARTESIAN_POINT('Ctrl Pts',(13.0440765723586,2.68620166206449,25.55750161042));
#1622=CARTESIAN_POINT('Ctrl Pts',(13.0440765723586,7.16155019122172,25.0871235257155));
#1623=CARTESIAN_POINT('Ctrl Pts',(12.8688617757142,2.68471352868552,25.543342967096));
#1624=CARTESIAN_POINT('Ctrl Pts',(12.8688617757142,7.16006205784275,25.0729648823916));
#1625=CARTESIAN_POINT('Ctrl Pts',(12.6933606156291,2.68352378014171,25.5320232658413));
#1626=CARTESIAN_POINT('Ctrl Pts',(12.6933606156291,7.15887230929894,25.0616451811369));
#1627=CARTESIAN_POINT('Ctrl Pts',(12.5177398524235,2.68258735585681,25.523113783911));
#1628=CARTESIAN_POINT('Ctrl Pts',(12.5177398524235,7.15793588501404,25.0527356992066));
#1629=CARTESIAN_POINT('Ctrl Pts',(12.3421465633197,2.68186185560484,25.5162111101021));
#1630=CARTESIAN_POINT('Ctrl Pts',(12.3421465633197,7.15721038476207,25.0458330253977));
#1631=CARTESIAN_POINT('Ctrl Pts',(12.1667013495827,2.68130970736039,25.5109577704717));
#1632=CARTESIAN_POINT('Ctrl Pts',(12.1667013495827,7.15665823651762,25.0405796857673));
#1633=CARTESIAN_POINT('Ctrl Pts',(11.9914913101343,2.68090042045654,25.5070636657021));
#1634=CARTESIAN_POINT('Ctrl Pts',(11.9914913101343,7.15624894961377,25.0366855809977));
#1635=CARTESIAN_POINT('Ctrl Pts',(11.8165722575656,2.68060929840068,25.504293824362));
#1636=CARTESIAN_POINT('Ctrl Pts',(11.8165722575656,7.15595782755791,25.0339157396575));
#1637=CARTESIAN_POINT('Ctrl Pts',(11.6419711435507,2.68041607426066,25.5024554194725));
#1638=CARTESIAN_POINT('Ctrl Pts',(11.6419711435507,7.15576460341789,25.0320773347681));
#1639=CARTESIAN_POINT('Ctrl Pts',(11.4676883459742,2.68030357169661,25.5013850290761));
#1640=CARTESIAN_POINT('Ctrl Pts',(11.4676883459742,7.15565210085384,25.0310069443716));
#1641=CARTESIAN_POINT('Ctrl Pts',(11.2937000362398,2.68025637683208,25.5009359999345));
#1642=CARTESIAN_POINT('Ctrl Pts',(11.2937000362398,7.15560490598931,25.0305579152301));
#1643=CARTESIAN_POINT('Ctrl Pts',(11.1199603241538,2.68025945867654,25.5009653217259));
#1644=CARTESIAN_POINT('Ctrl Pts',(11.1199603241538,7.15560798783377,25.0305872370215));
#1645=CARTESIAN_POINT('Ctrl Pts',(10.9464091572633,2.68029862350855,25.5013379502114));
#1646=CARTESIAN_POINT('Ctrl Pts',(10.9464091572633,7.15564715266578,25.030959865507));
#1647=CARTESIAN_POINT('Ctrl Pts',(10.7729803896554,2.68036103311631,25.5019317379651));
#1648=CARTESIAN_POINT('Ctrl Pts',(10.7729803896554,7.15570956227354,25.0315536532607));
#1649=CARTESIAN_POINT('Ctrl Pts',(10.5996098054856,2.68043570337225,25.502642177994));
#1650=CARTESIAN_POINT('Ctrl Pts',(10.5996098054856,7.15578423252948,25.0322640932896));
#1651=CARTESIAN_POINT('Ctrl Pts',(10.4262430971057,2.68051400719911,25.503387189141));
#1652=CARTESIAN_POINT('Ctrl Pts',(10.4262430971057,7.15586253635635,25.0330091044366));
#1653=CARTESIAN_POINT('Ctrl Pts',(10.2528440449321,2.68059019444124,25.5041120623294));
#1654=CARTESIAN_POINT('Ctrl Pts',(10.2528440449321,7.15593872359847,25.0337339776249));
#1655=CARTESIAN_POINT('Ctrl Pts',(10.0793910065223,2.68066082526702,25.5047840697475));
#1656=CARTESIAN_POINT('Ctrl Pts',(10.0793910065223,7.15600935442425,25.034405985043));
#1657=CARTESIAN_POINT('Ctrl Pts',(9.94057676054324,2.68071151271446,25.5052663285957));
#1658=CARTESIAN_POINT('Ctrl Pts',(9.94057676054324,7.15606004187169,25.0348882438912));
#1659=CARTESIAN_POINT('Ctrl Pts',(9.83643533273636,2.68074600115371,25.5055944641762));
#1660=CARTESIAN_POINT('Ctrl Pts',(9.83643533273636,7.15609453031094,25.0352163794717));
#1661=CARTESIAN_POINT('Ctrl Pts',(9.76699405423131,2.68076742625834,25.5057983104301));
#1662=CARTESIAN_POINT('Ctrl Pts',(9.76699405423131,7.15611595541557,25.0354202257256));
#1663=CARTESIAN_POINT('Ctrl Pts',(9.73226999999997,2.68077774701485,25.505896505869));
#1664=CARTESIAN_POINT('Ctrl Pts',(9.73226999999997,7.15612627617208,25.0355184211645));
#1665=CARTESIAN_POINT('',(17.23624,5.45420208082771,32.7597219369628));
#1666=CARTESIAN_POINT('Ctrl Pts',(17.23624,5.45420208082771,32.7597219369628));
#1667=CARTESIAN_POINT('Ctrl Pts',(17.235783605537,5.43999404330023,32.624541489747));
#1668=CARTESIAN_POINT('Ctrl Pts',(17.2354246004556,5.42579256439207,32.4894234436258));
#1669=CARTESIAN_POINT('Ctrl Pts',(17.2351535042659,5.41159755250365,32.3543669270874));
#1670=CARTESIAN_POINT('Ctrl Pts',(17.2349209753893,5.39942198422472,32.2385241330444));
#1671=CARTESIAN_POINT('Ctrl Pts',(17.2347546738947,5.38725119137905,32.1227267742139));
#1672=CARTESIAN_POINT('Ctrl Pts',(17.2346125369076,5.37508473302547,32.0069706553207));
#1673=CARTESIAN_POINT('Ctrl Pts',(17.2344778807393,5.36355860813955,31.8973069024113));
#1674=CARTESIAN_POINT('Ctrl Pts',(17.2343655676791,5.35203638942585,31.7876803142478));
#1675=CARTESIAN_POINT('Ctrl Pts',(17.2341883157074,5.34051711323332,31.6780817223032));
#1676=CARTESIAN_POINT('Ctrl Pts',(17.233975025506,5.3266557794751,31.5461999411059));
#1677=CARTESIAN_POINT('Ctrl Pts',(17.2336660725088,5.312798831963,31.4143598922528));
#1678=CARTESIAN_POINT('Ctrl Pts',(17.2330353794204,5.29894258738701,31.28252653139));
#1679=CARTESIAN_POINT('Ctrl Pts',(17.2323420292769,5.28370977551438,31.1375960075711));
#1680=CARTESIAN_POINT('Ctrl Pts',(17.2312539816328,5.26847797334806,30.9926750904662));
#1681=CARTESIAN_POINT('Ctrl Pts',(17.2294558123305,5.25323751276947,30.8476717940713));
#1682=CARTESIAN_POINT('Ctrl Pts',(17.2281301633391,5.24200191822996,30.7407722527625));
#1683=CARTESIAN_POINT('Ctrl Pts',(17.2264226690491,5.23076127564076,30.6338246824692));
#1684=CARTESIAN_POINT('Ctrl Pts',(17.224189845834,5.21951168869296,30.5267920122883));
#1685=CARTESIAN_POINT('Ctrl Pts',(17.2223626153017,5.21030559095659,30.4392018432234));
#1686=CARTESIAN_POINT('Ctrl Pts',(17.2201841476681,5.20109344976917,30.3515541745624));
#1687=CARTESIAN_POINT('Ctrl Pts',(17.2175406192793,5.19187492523512,30.2638457724154));
#1688=CARTESIAN_POINT('Ctrl Pts',(17.215045471742,5.18317383509882,30.1810604297095));
#1689=CARTESIAN_POINT('Ctrl Pts',(17.2121365056371,5.17446702324154,30.098220648465));
#1690=CARTESIAN_POINT('Ctrl Pts',(17.2086752220281,5.16575660346457,30.0153465401577));
#1691=CARTESIAN_POINT('Ctrl Pts',(17.2051075171669,5.15677837154483,29.9299243695186));
#1692=CARTESIAN_POINT('Ctrl Pts',(17.2009528627179,5.14779632083998,29.8444658655664));
#1693=CARTESIAN_POINT('Ctrl Pts',(17.1960103144468,5.13881552480337,29.7590192989851));
#1694=CARTESIAN_POINT('Ctrl Pts',(17.1908741910445,5.12948299547552,29.6702262136803));
#1695=CARTESIAN_POINT('Ctrl Pts',(17.1848870817396,5.12015183841923,29.581446184667));
#1696=CARTESIAN_POINT('Ctrl Pts',(17.1777734290976,5.11083043813318,29.4927589851219));
#1697=CARTESIAN_POINT('Ctrl Pts',(17.170279728359,5.10101104045897,29.3993336569285));
#1698=CARTESIAN_POINT('Ctrl Pts',(17.1615357037184,5.09120248958843,29.3060115291784));
#1699=CARTESIAN_POINT('Ctrl Pts',(17.1511672049799,5.08141722728348,29.212910977329));
#1700=CARTESIAN_POINT('Ctrl Pts',(17.1388979254447,5.06983810463782,29.102742984418));
#1701=CARTESIAN_POINT('Ctrl Pts',(17.1243512931483,5.05829145277212,28.9928839303417));
#1702=CARTESIAN_POINT('Ctrl Pts',(17.1068505254082,5.04680227086325,28.8835716663799));
#1703=CARTESIAN_POINT('Ctrl Pts',(17.0918418511703,5.03694913806988,28.7898253699679));
#1704=CARTESIAN_POINT('Ctrl Pts',(17.0746573132829,5.02713832997898,28.6964817662007));
#1705=CARTESIAN_POINT('Ctrl Pts',(17.0548793011198,5.01738877995785,28.603720994035));
#1706=CARTESIAN_POINT('Ctrl Pts',(17.036987085975,5.00856883156745,28.5198047905812));
#1707=CARTESIAN_POINT('Ctrl Pts',(17.0169710868127,4.99979904278849,28.4363658239516));
#1708=CARTESIAN_POINT('Ctrl Pts',(16.9945572484837,4.99109574993943,28.3535595238339));
#1709=CARTESIAN_POINT('Ctrl Pts',(16.9741498958417,4.98317157543123,28.278166039564));
#1710=CARTESIAN_POINT('Ctrl Pts',(16.9517541615128,4.97530259424853,28.2032976847084));
#1711=CARTESIAN_POINT('Ctrl Pts',(16.9272060710756,4.96750249804963,28.1290847266941));
#1712=CARTESIAN_POINT('Ctrl Pts',(16.9043071793455,4.96022643074006,28.0598575705173));
#1713=CARTESIAN_POINT('Ctrl Pts',(16.8795350439852,4.9530103461073,27.9912011113887));
#1714=CARTESIAN_POINT('Ctrl Pts',(16.8528025917831,4.94586583280805,27.9232256080116));
#1715=CARTESIAN_POINT('Ctrl Pts',(16.8274831759538,4.93909896751061,27.8588431853591));
#1716=CARTESIAN_POINT('Ctrl Pts',(16.800404933376,4.93239633471053,27.7950718940964));
#1717=CARTESIAN_POINT('Ctrl Pts',(16.7715410883874,4.92576774474038,27.7320050733027));
#1718=CARTESIAN_POINT('Ctrl Pts',(16.7432351716219,4.91926728314067,27.6701573125225));
#1719=CARTESIAN_POINT('Ctrl Pts',(16.7132117159506,4.91283804973878,27.6089872427756));
#1720=CARTESIAN_POINT('Ctrl Pts',(16.6814970412434,4.9064889120347,27.548579232689));
#1721=CARTESIAN_POINT('Ctrl Pts',(16.6463960880357,4.89946185634146,27.4817212637833));
#1722=CARTESIAN_POINT('Ctrl Pts',(16.6092241578168,4.89253291273568,27.4157967690352));
#1723=CARTESIAN_POINT('Ctrl Pts',(16.5700816486508,4.88571341923285,27.3509136224561));
#1724=CARTESIAN_POINT('Ctrl Pts',(16.5163262941895,4.87634804388257,27.2618080281229));
#1725=CARTESIAN_POINT('Ctrl Pts',(16.4588562050226,4.86718911024821,27.1746665955136));
#1726=CARTESIAN_POINT('Ctrl Pts',(16.3980365554832,4.85826454075778,27.0897549887846));
#1727=CARTESIAN_POINT('Ctrl Pts',(16.3468813373971,4.85075811311367,27.0183361004293));
#1728=CARTESIAN_POINT('Ctrl Pts',(16.2933619322884,4.84341743156538,26.9484941808365));
#1729=CARTESIAN_POINT('Ctrl Pts',(16.2376889674078,4.83625873887419,26.8803837695567));
#1730=CARTESIAN_POINT('Ctrl Pts',(16.178955308122,4.82870648764493,26.8085288989116));
#1731=CARTESIAN_POINT('Ctrl Pts',(16.1178258025048,4.82135672411732,26.7386005700576));
#1732=CARTESIAN_POINT('Ctrl Pts',(16.0544813270226,4.81422883151942,26.6707832020906));
#1733=CARTESIAN_POINT('Ctrl Pts',(15.9790994057656,4.80574641479004,26.5900783978747));
#1734=CARTESIAN_POINT('Ctrl Pts',(15.9005780594458,4.79757799324594,26.5123610582885));
#1735=CARTESIAN_POINT('Ctrl Pts',(15.8191467833439,4.78975892299179,26.4379675741973));
#1736=CARTESIAN_POINT('Ctrl Pts',(15.745425556279,4.78268017535039,26.3706177892575));
#1737=CARTESIAN_POINT('Ctrl Pts',(15.6693151193114,4.77588769584301,26.3059916636765));
#1738=CARTESIAN_POINT('Ctrl Pts',(15.5909865200786,4.76941155684011,26.2443753169467));
#1739=CARTESIAN_POINT('Ctrl Pts',(15.5144845446816,4.7630864414733,26.1841958641319));
#1740=CARTESIAN_POINT('Ctrl Pts',(15.4358663460871,4.75706357088686,26.1268920783118));
#1741=CARTESIAN_POINT('Ctrl Pts',(15.355328480499,4.75137286807474,26.0727486577567));
#1742=CARTESIAN_POINT('Ctrl Pts',(15.2925151794686,4.74693456037684,26.0305209807589));
#1743=CARTESIAN_POINT('Ctrl Pts',(15.228535137767,4.7426984679622,25.9902172536642));
#1744=CARTESIAN_POINT('Ctrl Pts',(15.1634944296561,4.73867575889135,25.9519437334708));
#1745=CARTESIAN_POINT('Ctrl Pts',(15.1051183726918,4.73506525247634,25.9175920595741));
#1746=CARTESIAN_POINT('Ctrl Pts',(15.0458881418019,4.73162670414685,25.8848764575739));
#1747=CARTESIAN_POINT('Ctrl Pts',(14.9858856070976,4.72836412866263,25.8538351253576));
#1748=CARTESIAN_POINT('Ctrl Pts',(14.9270263133243,4.72516371571624,25.8233852301816));
#1749=CARTESIAN_POINT('Ctrl Pts',(14.8674240011339,4.72213272004628,25.7945472327185));
#1750=CARTESIAN_POINT('Ctrl Pts',(14.8071585723425,4.7192696313979,25.767306763853));
#1751=CARTESIAN_POINT('Ctrl Pts',(14.7415115296541,4.71615087315639,25.7376337612987));
#1752=CARTESIAN_POINT('Ctrl Pts',(14.6750778548279,4.71323130265745,25.709855903522));
#1753=CARTESIAN_POINT('Ctrl Pts',(14.6079614038979,4.71050193629683,25.683887717238));
#1754=CARTESIAN_POINT('Ctrl Pts',(14.5286476233733,4.70727655173764,25.6532002330368));
#1755=CARTESIAN_POINT('Ctrl Pts',(14.4483809331358,4.70431666557948,25.6250387973851));
#1756=CARTESIAN_POINT('Ctrl Pts',(14.3673270934276,4.70159920852374,25.599183920568));
#1757=CARTESIAN_POINT('Ctrl Pts',(14.2752574837598,4.69851243050913,25.5698151895478));
#1758=CARTESIAN_POINT('Ctrl Pts',(14.1821735564761,4.69573787761424,25.5434170821083));
#1759=CARTESIAN_POINT('Ctrl Pts',(14.0882956670932,4.693237577535,25.5196283159094));
#1760=CARTESIAN_POINT('Ctrl Pts',(13.9980986102457,4.69083531103896,25.4967722769499));
#1761=CARTESIAN_POINT('Ctrl Pts',(13.9071685794962,4.68868596628603,25.4763226276328));
#1762=CARTESIAN_POINT('Ctrl Pts',(13.8156702433531,4.68676010593143,25.4579992903312));
#1763=CARTESIAN_POINT('Ctrl Pts',(13.6931422211633,4.68418113160021,25.433461988626));
#1764=CARTESIAN_POINT('Ctrl Pts',(13.569595541912,4.68200326033774,25.4127409277004));
#1765=CARTESIAN_POINT('Ctrl Pts',(13.4453640024539,4.680163296336,25.3952348396051));
#1766=CARTESIAN_POINT('Ctrl Pts',(13.3394233262446,4.67859423399164,25.3803062086095));
#1767=CARTESIAN_POINT('Ctrl Pts',(13.2329823142547,4.67727139079063,25.3677201962793));
#1768=CARTESIAN_POINT('Ctrl Pts',(13.1262316470891,4.67615309172698,25.3570802914189));
#1769=CARTESIAN_POINT('Ctrl Pts',(12.9921590045689,4.67474857300525,25.3437171884176));
#1770=CARTESIAN_POINT('Ctrl Pts',(12.8576011341346,4.67366618223899,25.3334189281856));
#1771=CARTESIAN_POINT('Ctrl Pts',(12.7229159019124,4.67281435251249,25.3253143097147));
#1772=CARTESIAN_POINT('Ctrl Pts',(12.6309911494035,4.6722329655594,25.3197827823541));
#1773=CARTESIAN_POINT('Ctrl Pts',(12.5390067775888,4.67175871960914,25.3152706335423));
#1774=CARTESIAN_POINT('Ctrl Pts',(12.447055259354,4.67136476225177,25.3115223796649));
#1775=CARTESIAN_POINT('Ctrl Pts',(12.361787000836,4.67099943867215,25.3080465579847));
#1776=CARTESIAN_POINT('Ctrl Pts',(12.2765472020939,4.67070305684757,25.305226673288));
#1777=CARTESIAN_POINT('Ctrl Pts',(12.1913871390135,4.67045853601545,25.3029002129746));
#1778=CARTESIAN_POINT('Ctrl Pts',(12.1008874243845,4.67019868339526,25.3004278804417));
#1779=CARTESIAN_POINT('Ctrl Pts',(12.0104778582871,4.66999745638412,25.2985133333197));
#1780=CARTESIAN_POINT('Ctrl Pts',(11.9201907700788,4.66983983678984,25.2970136830545));
#1781=CARTESIAN_POINT('Ctrl Pts',(11.8151637417256,4.66965648479648,25.2952692053663));
#1782=CARTESIAN_POINT('Ctrl Pts',(11.7103031113339,4.66953222361886,25.294086939235));
#1783=CARTESIAN_POINT('Ctrl Pts',(11.6056145011379,4.66944958498796,25.2933006851826));
#1784=CARTESIAN_POINT('Ctrl Pts',(11.4881117332641,4.66935683117409,25.2924181915929));
#1785=CARTESIAN_POINT('Ctrl Pts',(11.3708258678984,4.66931680435852,25.2920373618817));
#1786=CARTESIAN_POINT('Ctrl Pts',(11.2537034499477,4.66930868941402,25.2919601533421));
#1787=CARTESIAN_POINT('Ctrl Pts',(11.1266813029983,4.66929988855683,25.2918764187793));
#1788=CARTESIAN_POINT('Ctrl Pts',(10.9998480301681,4.66932834591217,25.2921471724294));
#1789=CARTESIAN_POINT('Ctrl Pts',(10.8730917597846,4.66937125323575,25.2925554083437));
#1790=CARTESIAN_POINT('Ctrl Pts',(10.7677241525812,4.66940692044183,25.2928947591414));
#1791=CARTESIAN_POINT('Ctrl Pts',(10.6624076633827,4.66945255997836,25.2933289903255));
#1792=CARTESIAN_POINT('Ctrl Pts',(10.5570869875471,4.66949914642533,25.2937722307606));
#1793=CARTESIAN_POINT('Ctrl Pts',(10.4467597885169,4.66954794740545,25.2942365410712));
#1794=CARTESIAN_POINT('Ctrl Pts',(10.3364276791472,4.66959780276594,25.2947108831409));
#1795=CARTESIAN_POINT('Ctrl Pts',(10.2260600132766,4.66964384429089,25.2951489389893));
#1796=CARTESIAN_POINT('Ctrl Pts',(10.0869393285492,4.66970188056833,25.2957011172844));
#1797=CARTESIAN_POINT('Ctrl Pts',(9.94776282483261,4.66975396370782,25.2961966552554));
#1798=CARTESIAN_POINT('Ctrl Pts',(9.80851809487115,4.66979811746785,25.2966167502204));
#1799=CARTESIAN_POINT('Ctrl Pts',(9.7831042585107,4.6698061760596,25.2966934225993));
#1800=CARTESIAN_POINT('Ctrl Pts',(9.75768822732168,4.66981398289235,25.2967676996513));
#1801=CARTESIAN_POINT('Ctrl Pts',(9.73226999999997,4.66982153775139,25.2968395793337));
#1802=CARTESIAN_POINT('',(17.23624,6.94598492388012,32.6029292420613));
#1803=CARTESIAN_POINT('',(17.23624,3.46515829009117,32.9687788634981));
#1804=CARTESIAN_POINT('Ctrl Pts',(9.73226999999997,6.16160438080381,25.1400468844322));
#1805=CARTESIAN_POINT('Ctrl Pts',(9.86791083684114,6.16156406534868,25.139663308499));
#1806=CARTESIAN_POINT('Ctrl Pts',(10.0034877377358,6.16151635200282,25.1392093463371));
#1807=CARTESIAN_POINT('Ctrl Pts',(10.1390069913567,6.16146224398173,25.1386945429046));
#1808=CARTESIAN_POINT('Ctrl Pts',(10.250080291099,6.16141789636112,25.1382726034795));
#1809=CARTESIAN_POINT('Ctrl Pts',(10.3611141565502,6.16136914087198,25.1378087259867));
#1810=CARTESIAN_POINT('Ctrl Pts',(10.4721322523022,6.16131973825101,25.1373386914457));
#1811=CARTESIAN_POINT('Ctrl Pts',(10.5770723680443,6.1612730403075,25.1368943901919));
#1812=CARTESIAN_POINT('Ctrl Pts',(10.6819980725224,6.16122569512406,25.1364439308615));
#1813=CARTESIAN_POINT('Ctrl Pts',(10.7869570684182,6.16118534081088,25.1360599852186));
#1814=CARTESIAN_POINT('Ctrl Pts',(10.9119616334742,6.16113727943868,25.1356027118073));
#1815=CARTESIAN_POINT('Ctrl Pts',(11.0370158652441,6.16109913057117,25.1352397495783));
#1816=CARTESIAN_POINT('Ctrl Pts',(11.1622284071288,6.16109136862632,25.1351658996062));
#1817=CARTESIAN_POINT('Ctrl Pts',(11.2830153682461,6.16108388102391,25.1350946598279));
#1818=CARTESIAN_POINT('Ctrl Pts',(11.4039532126842,6.16110492734791,25.1352949022249));
#1819=CARTESIAN_POINT('Ctrl Pts',(11.5251141735361,6.16117687835758,25.1359794703537));
#1820=CARTESIAN_POINT('Ctrl Pts',(11.6272024108522,6.16123750309758,25.136556276225));
#1821=CARTESIAN_POINT('Ctrl Pts',(11.7294489134908,6.16133414846306,25.137475795455));
#1822=CARTESIAN_POINT('Ctrl Pts',(11.8318595252196,6.16148201575147,25.1388826587278));
#1823=CARTESIAN_POINT('Ctrl Pts',(11.9230280699275,6.16161365099187,25.14013508438));
#1824=CARTESIAN_POINT('Ctrl Pts',(12.0143263807249,6.16178578136996,25.1417727955308));
#1825=CARTESIAN_POINT('Ctrl Pts',(12.1057303346324,6.16201245412664,25.1439294427497));
#1826=CARTESIAN_POINT('Ctrl Pts',(12.19082805905,6.1622234880585,25.1459372964896));
#1827=CARTESIAN_POINT('Ctrl Pts',(12.2760172527695,6.16248173917258,25.1483943917097));
#1828=CARTESIAN_POINT('Ctrl Pts',(12.3612548187777,6.16280264580082,25.1514476143265));
#1829=CARTESIAN_POINT('Ctrl Pts',(12.4526991401451,6.16314691993036,25.1547231638671));
#1830=CARTESIAN_POINT('Ctrl Pts',(12.5441991489714,6.16356332212106,25.158684966069));
#1831=CARTESIAN_POINT('Ctrl Pts',(12.6356718318197,6.16407686272895,25.1635709785745));
#1832=CARTESIAN_POINT('Ctrl Pts',(12.7582601493505,6.16476509092063,25.1701190324178));
#1833=CARTESIAN_POINT('Ctrl Pts',(12.8807998189348,6.16562807652887,25.1783297920134));
#1834=CARTESIAN_POINT('Ctrl Pts',(13.0030327026796,6.16673448581654,25.1888565732118));
#1835=CARTESIAN_POINT('Ctrl Pts',(13.1088235361356,6.16769206741898,25.197967353572));
#1836=CARTESIAN_POINT('Ctrl Pts',(13.2143823275281,6.16883252466121,25.2088180794191));
#1837=CARTESIAN_POINT('Ctrl Pts',(13.3195257509587,6.17019841169079,25.2218136264218));
#1838=CARTESIAN_POINT('Ctrl Pts',(13.4451273376119,6.17183006465116,25.2373377673496));
#1839=CARTESIAN_POINT('Ctrl Pts',(13.5701384358922,6.17378305847924,25.2559192624068));
#1840=CARTESIAN_POINT('Ctrl Pts',(13.6942319895656,6.17612207261886,25.2781734953947));
#1841=CARTESIAN_POINT('Ctrl Pts',(13.7878075546483,6.17788585940207,25.2949548056697));
#1842=CARTESIAN_POINT('Ctrl Pts',(13.8808615021487,6.17986883593486,25.3138215671068));
#1843=CARTESIAN_POINT('Ctrl Pts',(13.9732323542219,6.18210019350053,25.3350515162143));
#1844=CARTESIAN_POINT('Ctrl Pts',(14.0659237301693,6.18433929380489,25.3563551325596));
#1845=CARTESIAN_POINT('Ctrl Pts',(14.1579279015774,6.18682835772754,25.3800369938695));
#1846=CARTESIAN_POINT('Ctrl Pts',(14.2490503886452,6.18960189557919,25.4064254438177));
#1847=CARTESIAN_POINT('Ctrl Pts',(14.3341724684003,6.19219279622083,25.4310762167869));
#1848=CARTESIAN_POINT('Ctrl Pts',(14.4185241722402,6.19503249392235,25.458094135659));
#1849=CARTESIAN_POINT('Ctrl Pts',(14.5019247891945,6.19814939700059,25.4877494875139));
#1850=CARTESIAN_POINT('Ctrl Pts',(14.57143489765,6.200747174798,25.5124656922495));
#1851=CARTESIAN_POINT('Ctrl Pts',(14.6402837772908,6.20353765747412,25.5390153614333));
#1852=CARTESIAN_POINT('Ctrl Pts',(14.7083606629843,6.20653349537115,25.5675188550314));
#1853=CARTESIAN_POINT('Ctrl Pts',(14.7693687588701,6.20921825927918,25.593062677326));
#1854=CARTESIAN_POINT('Ctrl Pts',(14.8297566522288,6.2120680003339,25.6201761523208));
#1855=CARTESIAN_POINT('Ctrl Pts',(14.8894437007078,6.21508728816826,25.6489027571691));
#1856=CARTESIAN_POINT('Ctrl Pts',(14.949841992541,6.21814255446799,25.6779716742494));
#1857=CARTESIAN_POINT('Ctrl Pts',(15.0095224864312,6.2213714543455,25.7086926044701));
#1858=CARTESIAN_POINT('Ctrl Pts',(15.0684032095559,6.22477282985654,25.7410545307279));
#1859=CARTESIAN_POINT('Ctrl Pts',(15.133067847679,6.22850832604053,25.7765954028398));
#1860=CARTESIAN_POINT('Ctrl Pts',(15.1967676144563,6.23245178129427,25.8141148733328));
#1861=CARTESIAN_POINT('Ctrl Pts',(15.2593990617674,6.23659513401637,25.8535362411932));
#1862=CARTESIAN_POINT('Ctrl Pts',(15.3354276928482,6.24162477086926,25.9013900392839));
#1863=CARTESIAN_POINT('Ctrl Pts',(15.4098811637151,6.24694882690087,25.9520450487434));
#1864=CARTESIAN_POINT('Ctrl Pts',(15.4825915223412,6.25254508316108,26.0052898703823));
#1865=CARTESIAN_POINT('Ctrl Pts',(15.5637121224596,6.25878864563035,26.0646933992077));
#1866=CARTESIAN_POINT('Ctrl Pts',(15.6426616439969,6.26537035486162,26.1273141795657));
#1867=CARTESIAN_POINT('Ctrl Pts',(15.7192460978714,6.27225731745544,26.1928392516659));
#1868=CARTESIAN_POINT('Ctrl Pts',(15.8039094915807,6.27987078985152,26.2652766028043));
#1869=CARTESIAN_POINT('Ctrl Pts',(15.8856867415018,6.28785724723327,26.3412626690324));
#1870=CARTESIAN_POINT('Ctrl Pts',(15.9643502821061,6.29617822643057,26.4204314977315));
#1871=CARTESIAN_POINT('Ctrl Pts',(16.0290840176593,6.30302571972623,26.4855810445443));
#1872=CARTESIAN_POINT('Ctrl Pts',(16.0917115319485,6.31009992426545,26.5528876047541));
#1873=CARTESIAN_POINT('Ctrl Pts',(16.1520815051634,6.31738153061581,26.6221674613836));
#1874=CARTESIAN_POINT('Ctrl Pts',(16.2074454289779,6.3240593255155,26.6857024358098));
#1875=CARTESIAN_POINT('Ctrl Pts',(16.2609117295532,6.33091161373823,26.7508976033063));
#1876=CARTESIAN_POINT('Ctrl Pts',(16.3123201026593,6.33792408849309,26.81761684385));
#1877=CARTESIAN_POINT('Ctrl Pts',(16.3893980019316,6.34843807269734,26.9176507214352));
#1878=CARTESIAN_POINT('Ctrl Pts',(16.4618429097423,6.35931229478355,27.0211120335196));
#1879=CARTESIAN_POINT('Ctrl Pts',(16.5289954919433,6.37049813624782,27.1275382059377));
#1880=CARTESIAN_POINT('Ctrl Pts',(16.5695672854372,6.37725632238258,27.1918380518734));
#1881=CARTESIAN_POINT('Ctrl Pts',(16.6082053094181,6.38412824035721,27.2572199839835));
#1882=CARTESIAN_POINT('Ctrl Pts',(16.6447919245695,6.391102672307,27.323577271415));
#1883=CARTESIAN_POINT('Ctrl Pts',(16.6778894948561,6.39741199473849,27.3836064644874));
#1884=CARTESIAN_POINT('Ctrl Pts',(16.7093074566505,6.40380521469867,27.4444338892246));
#1885=CARTESIAN_POINT('Ctrl Pts',(16.7389996760234,6.41027356903195,27.5059761697705));
#1886=CARTESIAN_POINT('Ctrl Pts',(16.7692116621744,6.41685515288336,27.5685957572188));
#1887=CARTESIAN_POINT('Ctrl Pts',(16.797636751465,6.42351451304262,27.6319553368059));
#1888=CARTESIAN_POINT('Ctrl Pts',(16.8242823993693,6.43024191181133,27.6959622605203));
#1889=CARTESIAN_POINT('Ctrl Pts',(16.8523046364544,6.43731686693869,27.7632759620993));
#1890=CARTESIAN_POINT('Ctrl Pts',(16.8783591181466,6.44446704345127,27.831305347352));
#1891=CARTESIAN_POINT('Ctrl Pts',(16.9025139031122,6.45168090421949,27.8999406478229));
#1892=CARTESIAN_POINT('Ctrl Pts',(16.9282283423019,6.45936055793243,27.97300767213));
#1893=CARTESIAN_POINT('Ctrl Pts',(16.9517902533214,6.46711234111959,28.0467609625427));
#1894=CARTESIAN_POINT('Ctrl Pts',(16.973341906271,6.4749226843499,28.1210714145484));
#1895=CARTESIAN_POINT('Ctrl Pts',(16.9966961685136,6.48338629521218,28.201597292891));
#1896=CARTESIAN_POINT('Ctrl Pts',(17.0176905530397,6.49191859438947,28.2827766968961));
#1897=CARTESIAN_POINT('Ctrl Pts',(17.0365658261713,6.5005036905634,28.3644584307695));
#1898=CARTESIAN_POINT('Ctrl Pts',(17.0579883461468,6.51024735853555,28.4571632389774));
#1899=CARTESIAN_POINT('Ctrl Pts',(17.0766823855321,6.52005897098213,28.5505144956778));
#1900=CARTESIAN_POINT('Ctrl Pts',(17.0930588114225,6.52991845463705,28.6443212165012));
#1901=CARTESIAN_POINT('Ctrl Pts',(17.1119481811593,6.54129086479647,28.7525224714808));
#1902=CARTESIAN_POINT('Ctrl Pts',(17.1277578763148,6.55272689429837,28.8613290240711));
#1903=CARTESIAN_POINT('Ctrl Pts',(17.1411528116282,6.56420081652547,28.9704961018591));
#1904=CARTESIAN_POINT('Ctrl Pts',(17.1525611755769,6.57397306832249,29.0634728669944));
#1905=CARTESIAN_POINT('Ctrl Pts',(17.1622204501079,6.5837729137235,29.1567121677346));
#1906=CARTESIAN_POINT('Ctrl Pts',(17.1705187575429,6.59358717591019,29.2500886350281));
#1907=CARTESIAN_POINT('Ctrl Pts',(17.1783759403295,6.60287972773722,29.3385013598201));
#1908=CARTESIAN_POINT('Ctrl Pts',(17.1850133821348,6.61218519361476,29.4270369535954));
#1909=CARTESIAN_POINT('Ctrl Pts',(17.1907195805977,6.62149447828064,29.5156088807147));
#1910=CARTESIAN_POINT('Ctrl Pts',(17.1962152731232,6.6304603364589,29.6009133230676));
#1911=CARTESIAN_POINT('Ctrl Pts',(17.2008473331747,6.63942971946689,29.6862513019351));
#1912=CARTESIAN_POINT('Ctrl Pts',(17.2048313038097,6.6483967312186,29.7715667198061));
#1913=CARTESIAN_POINT('Ctrl Pts',(17.2087047391486,6.65711495315962,29.8545150607459));
#1914=CARTESIAN_POINT('Ctrl Pts',(17.2119657204863,6.66583091787076,29.9374419255778));
#1915=CARTESIAN_POINT('Ctrl Pts',(17.2147691578213,6.6745415945157,30.0203184778206));
#1916=CARTESIAN_POINT('Ctrl Pts',(17.21771186674,6.68368500768619,30.1073122430802));
#1917=CARTESIAN_POINT('Ctrl Pts',(17.2201504105815,6.69282259789973,30.1942506066051));
#1918=CARTESIAN_POINT('Ctrl Pts',(17.222210904349,6.70195385812033,30.2811287442703));
#1919=CARTESIAN_POINT('Ctrl Pts',(17.2246082163599,6.71257775815192,30.382208401096));
#1920=CARTESIAN_POINT('Ctrl Pts',(17.226493034569,6.72319315304327,30.4832071369179));
#1921=CARTESIAN_POINT('Ctrl Pts',(17.2279998252736,6.73380267275275,30.5841499741181));
#1922=CARTESIAN_POINT('Ctrl Pts',(17.2303505821899,6.75035467414187,30.741631747781));
#1923=CARTESIAN_POINT('Ctrl Pts',(17.2317741394543,6.76689305040013,30.8989838869832));
#1924=CARTESIAN_POINT('Ctrl Pts',(17.2326720232085,6.7834312110847,31.0563339751386));
#1925=CARTESIAN_POINT('Ctrl Pts',(17.2334067009726,6.79696327340134,31.1850829478364));
#1926=CARTESIAN_POINT('Ctrl Pts',(17.2337926256375,6.81049508893522,31.3138295725531));
#1927=CARTESIAN_POINT('Ctrl Pts',(17.2340476036791,6.824030596856,31.4426113279844));
#1928=CARTESIAN_POINT('Ctrl Pts',(17.2342649900248,6.83557054981142,31.5524066461868));
#1929=CARTESIAN_POINT('Ctrl Pts',(17.2343887125878,6.8471131034072,31.6622267078295));
#1930=CARTESIAN_POINT('Ctrl Pts',(17.2345187943786,6.85865942072974,31.7720825789402));
#1931=CARTESIAN_POINT('Ctrl Pts',(17.234654622991,6.87071583732366,31.8867917204267));
#1932=CARTESIAN_POINT('Ctrl Pts',(17.2347975230404,6.88277633480758,32.0015396889879));
#1933=CARTESIAN_POINT('Ctrl Pts',(17.2350003481864,6.89484147071304,32.1163317891822));
#1934=CARTESIAN_POINT('Ctrl Pts',(17.2352575533517,6.91014142408576,32.2619011217029));
#1935=CARTESIAN_POINT('Ctrl Pts',(17.2356097185803,6.9254488199258,32.40754126457));
#1936=CARTESIAN_POINT('Ctrl Pts',(17.2360765666454,6.94076385431314,32.5532540833602));
#1937=CARTESIAN_POINT('Ctrl Pts',(17.2361296149283,6.94250411273661,32.5698115362456));
#1938=CARTESIAN_POINT('Ctrl Pts',(17.2361840926412,6.94424446925912,32.586369922481));
#1939=CARTESIAN_POINT('Ctrl Pts',(17.23624,6.94598492388012,32.6029292420613));
#1940=CARTESIAN_POINT('Origin',(17.238705238739,4.89746783242017,46.596293860477));
#1941=CARTESIAN_POINT('',(17.238705238739,6.88651162315671,46.3872369339417));
#1942=CARTESIAN_POINT('',(17.2380888130691,6.52836684993384,42.9797170341244));
#1943=CARTESIAN_POINT('',(17.238705238739,8.37829446620912,46.2304442390402));
#1944=CARTESIAN_POINT('',(17.238705238739,4.89746783242017,46.596293860477));
#1945=CARTESIAN_POINT('',(17.2380884998869,8.01996773334663,42.8211931088956));
#1946=CARTESIAN_POINT('Ctrl Pts',(9.73227,5.68184858427042,54.0591782044574));
#1947=CARTESIAN_POINT('Ctrl Pts',(9.73227,10.1571971134277,53.588800119753));
#1948=CARTESIAN_POINT('Ctrl Pts',(9.76699405829153,5.68185890505559,54.059276400169));
#1949=CARTESIAN_POINT('Ctrl Pts',(9.76699405829153,10.1572074342128,53.5888983154645));
#1950=CARTESIAN_POINT('Ctrl Pts',(9.83643534251639,5.68188033020956,54.0594802468923));
#1951=CARTESIAN_POINT('Ctrl Pts',(9.83643534251639,10.1572288593668,53.5891021621879));
#1952=CARTESIAN_POINT('Ctrl Pts',(9.94057677170152,5.68191481869896,54.05980838295));
#1953=CARTESIAN_POINT('Ctrl Pts',(9.94057677170152,10.1572633478562,53.5894302982455));
#1954=CARTESIAN_POINT('Ctrl Pts',(10.0793910051093,5.68196550616567,54.0602906419815));
#1955=CARTESIAN_POINT('Ctrl Pts',(10.0793910051093,10.1573140353229,53.5899125572771));
#1956=CARTESIAN_POINT('Ctrl Pts',(10.2528440049838,5.68203613694108,54.0609626489205));
#1957=CARTESIAN_POINT('Ctrl Pts',(10.2528440049838,10.1573846660983,53.590584564216));
#1958=CARTESIAN_POINT('Ctrl Pts',(10.4262429994509,5.68211232407165,54.0616875210474));
#1959=CARTESIAN_POINT('Ctrl Pts',(10.4262429994509,10.1574608532289,53.5913094363429));
#1960=CARTESIAN_POINT('Ctrl Pts',(10.5996096382878,5.68219062775161,54.0624325307967));
#1961=CARTESIAN_POINT('Ctrl Pts',(10.5996096382878,10.1575391569088,53.5920544460922));
#1962=CARTESIAN_POINT('Ctrl Pts',(10.7729801533772,5.68226529786692,54.0631429694875));
#1963=CARTESIAN_POINT('Ctrl Pts',(10.7729801533772,10.1576138270241,53.5927648847831));
#1964=CARTESIAN_POINT('Ctrl Pts',(10.9464088707897,5.68232770740413,54.0637367565699));
#1965=CARTESIAN_POINT('Ctrl Pts',(10.9464088707897,10.1576762365614,53.5933586718655));
#1966=CARTESIAN_POINT('Ctrl Pts',(11.1199600277763,5.68236687229209,54.0641093855879));
#1967=CARTESIAN_POINT('Ctrl Pts',(11.1199600277763,10.1577154014493,53.5937313008834));
#1968=CARTESIAN_POINT('Ctrl Pts',(11.2936997916035,5.68236995433633,54.06413870928));
#1969=CARTESIAN_POINT('Ctrl Pts',(11.2936997916035,10.1577184834936,53.5937606245756));
#1970=CARTESIAN_POINT('Ctrl Pts',(11.4676882329758,5.68232275976145,54.0636896828944));
#1971=CARTESIAN_POINT('Ctrl Pts',(11.4676882329758,10.1576712889187,53.5933115981899));
#1972=CARTESIAN_POINT('Ctrl Pts',(11.64197125413,5.68221025742228,54.0626192946375));
#1973=CARTESIAN_POINT('Ctrl Pts',(11.64197125413,10.1575587865795,53.5922412099331));
#1974=CARTESIAN_POINT('Ctrl Pts',(11.8165726865775,5.68201703314896,54.0607808884797));
#1975=CARTESIAN_POINT('Ctrl Pts',(11.8165726865775,10.1573655623062,53.5904028037753));
#1976=CARTESIAN_POINT('Ctrl Pts',(11.9914921480573,5.68172591021437,54.058011038779));
#1977=CARTESIAN_POINT('Ctrl Pts',(11.9914921480573,10.1570744393716,53.5876329540746));
#1978=CARTESIAN_POINT('Ctrl Pts',(12.1667026768766,5.68131662125712,54.0541169144727));
#1979=CARTESIAN_POINT('Ctrl Pts',(12.1667026768766,10.1566651504143,53.5837388297682));
#1980=CARTESIAN_POINT('Ctrl Pts',(12.3421484464877,5.68076446936264,54.0488635401145));
#1981=CARTESIAN_POINT('Ctrl Pts',(12.3421484464877,10.1561129985199,53.5784854554101));
#1982=CARTESIAN_POINT('Ctrl Pts',(12.5177423417704,5.6800389634994,54.041960812918));
#1983=CARTESIAN_POINT('Ctrl Pts',(12.5177423417704,10.1553874926566,53.5715827282136));
#1984=CARTESIAN_POINT('Ctrl Pts',(12.6933637446568,5.6791025313855,54.0330512564997));
#1985=CARTESIAN_POINT('Ctrl Pts',(12.6933637446568,10.1544510605427,53.5626731717953));
#1986=CARTESIAN_POINT('Ctrl Pts',(12.8688655590499,5.67791277262883,54.0217314580762));
#1987=CARTESIAN_POINT('Ctrl Pts',(12.8688655590499,10.1532613017861,53.5513533733717));
#1988=CARTESIAN_POINT('Ctrl Pts',(13.0440810022722,5.67642462655599,54.007572693978));
#1989=CARTESIAN_POINT('Ctrl Pts',(13.0440810022722,10.1517731557132,53.5371946092736));
#1990=CARTESIAN_POINT('Ctrl Pts',(13.2188304611872,5.67459257031082,53.9901418431608));
#1991=CARTESIAN_POINT('Ctrl Pts',(13.2188304611872,10.1499410994681,53.5197637584564));
#1992=CARTESIAN_POINT('Ctrl Pts',(13.3929282974032,5.6723728022358,53.9690221606912));
#1993=CARTESIAN_POINT('Ctrl Pts',(13.3929282974032,10.147721331393,53.4986440759868));
#1994=CARTESIAN_POINT('Ctrl Pts',(13.5661896843906,5.66972544050352,53.9438341963282));
#1995=CARTESIAN_POINT('Ctrl Pts',(13.5661896843906,10.1450739696608,53.4734561116238));
#1996=CARTESIAN_POINT('Ctrl Pts',(13.7384243457111,5.66661259723564,53.9142174709887));
#1997=CARTESIAN_POINT('Ctrl Pts',(13.7384243457111,10.1419611263929,53.4438393862842));
#1998=CARTESIAN_POINT('Ctrl Pts',(13.9094302796758,5.6629964534526,53.879812161118));
#1999=CARTESIAN_POINT('Ctrl Pts',(13.9094302796758,10.1383449826098,53.4094340764135));
#2000=CARTESIAN_POINT('Ctrl Pts',(14.0789874721949,5.65883733162418,53.8402407602329));
#2001=CARTESIAN_POINT('Ctrl Pts',(14.0789874721949,10.1341858607814,53.3698626755284));
#2002=CARTESIAN_POINT('Ctrl Pts',(14.2468516243971,5.65409178239879,53.795089875367));
#2003=CARTESIAN_POINT('Ctrl Pts',(14.2468516243971,10.129440311556,53.3247117906626));
#2004=CARTESIAN_POINT('Ctrl Pts',(14.4127477901266,5.64871063095439,53.7438916393417));
#2005=CARTESIAN_POINT('Ctrl Pts',(14.4127477901266,10.1240591601116,53.2735135546372));
#2006=CARTESIAN_POINT('Ctrl Pts',(14.5763776306743,5.64264443183675,53.6861756100846));
#2007=CARTESIAN_POINT('Ctrl Pts',(14.5763776306743,10.117992960994,53.2157975253802));
#2008=CARTESIAN_POINT('Ctrl Pts',(14.7374267354643,5.63584897777402,53.6215211834999));
#2009=CARTESIAN_POINT('Ctrl Pts',(14.7374267354643,10.1111975069313,53.1511430987954));
#2010=CARTESIAN_POINT('Ctrl Pts',(14.8955719062171,5.62829077748749,53.5496097113558));
#2011=CARTESIAN_POINT('Ctrl Pts',(14.8955719062171,10.1036393066447,53.0792316266513));
#2012=CARTESIAN_POINT('Ctrl Pts',(15.0504884628114,5.61995260595814,53.4702773085437));
#2013=CARTESIAN_POINT('Ctrl Pts',(15.0504884628114,10.0953011351154,52.9998992238393));
#2014=CARTESIAN_POINT('Ctrl Pts',(15.2018575345989,5.61083892351088,53.3835664122205));
#2015=CARTESIAN_POINT('Ctrl Pts',(15.2018575345989,10.0861874526681,52.913188327516));
#2016=CARTESIAN_POINT('Ctrl Pts',(15.3493717156341,5.60097069224404,53.2896764634291));
#2017=CARTESIAN_POINT('Ctrl Pts',(15.3493717156341,10.0763192214013,52.8192983787247));
#2018=CARTESIAN_POINT('Ctrl Pts',(15.4927407805003,5.59038034572278,53.1889160469293));
#2019=CARTESIAN_POINT('Ctrl Pts',(15.4927407805003,10.06572887488,52.7185379622249));
#2020=CARTESIAN_POINT('Ctrl Pts',(15.631697385637,5.57910672788916,53.0816547381427));
#2021=CARTESIAN_POINT('Ctrl Pts',(15.631697385637,10.0544552570464,52.6112766534382));
#2022=CARTESIAN_POINT('Ctrl Pts',(15.7660028975894,5.56719004310435,52.9682750560139));
#2023=CARTESIAN_POINT('Ctrl Pts',(15.7660028975894,10.0425385722616,52.4978969713095));
#2024=CARTESIAN_POINT('Ctrl Pts',(15.8954530218508,5.55466685277699,52.8491248591098));
#2025=CARTESIAN_POINT('Ctrl Pts',(15.8954530218508,10.0300153819342,52.3787467744054));
#2026=CARTESIAN_POINT('Ctrl Pts',(16.0198546332891,5.54157080489042,52.724524286607));
#2027=CARTESIAN_POINT('Ctrl Pts',(16.0198546332891,10.0169193340476,52.2541462019026));
#2028=CARTESIAN_POINT('Ctrl Pts',(16.1390030118349,5.52793331010471,52.5947721909733));
#2029=CARTESIAN_POINT('Ctrl Pts',(16.1390030118349,10.0032818392619,52.1243941062688));
#2030=CARTESIAN_POINT('Ctrl Pts',(16.2526587141024,5.51378423894191,52.4601527712416));
#2031=CARTESIAN_POINT('Ctrl Pts',(16.2526587141024,9.98913276809914,51.9897746865372));
#2032=CARTESIAN_POINT('Ctrl Pts',(16.3605251327194,5.49915260902649,52.320942111667));
#2033=CARTESIAN_POINT('Ctrl Pts',(16.3605251327194,9.97450113818372,51.8505640269626));
#2034=CARTESIAN_POINT('Ctrl Pts',(16.4622242596625,5.48406728366962,52.1774148283113));
#2035=CARTESIAN_POINT('Ctrl Pts',(16.4622242596625,9.95941581282685,51.7070367436068));
#2036=CARTESIAN_POINT('Ctrl Pts',(16.5573468298062,5.46855735740921,52.0298477372116));
#2037=CARTESIAN_POINT('Ctrl Pts',(16.5573468298062,9.94390588656644,51.5594696525072));
#2038=CARTESIAN_POINT('Ctrl Pts',(16.6455040404979,5.45265253231633,51.8785234346973));
#2039=CARTESIAN_POINT('Ctrl Pts',(16.6455040404979,9.92800106147356,51.4081453499928));
#2040=CARTESIAN_POINT('Ctrl Pts',(16.7263791977072,5.43638350878668,51.7237340155218));
#2041=CARTESIAN_POINT('Ctrl Pts',(16.7263791977072,9.91173203794391,51.2533559308174));
#2042=CARTESIAN_POINT('Ctrl Pts',(16.7997784392245,5.41978235474913,51.5657845856479));
#2043=CARTESIAN_POINT('Ctrl Pts',(16.7997784392245,9.89513088390636,51.0954065009435));
#2044=CARTESIAN_POINT('Ctrl Pts',(16.8656849107851,5.40288293877669,51.4049973830226));
#2045=CARTESIAN_POINT('Ctrl Pts',(16.8656849107851,9.87823146793392,50.9346192983181));
#2046=CARTESIAN_POINT('Ctrl Pts',(16.9242375262183,5.38572003847066,51.2417032944195));
#2047=CARTESIAN_POINT('Ctrl Pts',(16.9242375262183,9.86106856762789,50.7713252097151));
#2048=CARTESIAN_POINT('Ctrl Pts',(16.9757059624397,5.36832838526547,51.0762327673639));
#2049=CARTESIAN_POINT('Ctrl Pts',(16.9757059624397,9.8436769144227,50.6058546826594));
#2050=CARTESIAN_POINT('Ctrl Pts',(17.0204672089771,5.35074172811813,50.9089069017326));
#2051=CARTESIAN_POINT('Ctrl Pts',(17.0204672089771,9.82609025727536,50.4385288170282));
#2052=CARTESIAN_POINT('Ctrl Pts',(17.0589816876058,5.33299190338103,50.7400286001853));
#2053=CARTESIAN_POINT('Ctrl Pts',(17.0589816876058,9.80834043253826,50.2696505154809));
#2054=CARTESIAN_POINT('Ctrl Pts',(17.0917695818467,5.31510786396028,50.5698733312226));
#2055=CARTESIAN_POINT('Ctrl Pts',(17.0917695818467,9.79045639311751,50.0994952465182));
#2056=CARTESIAN_POINT('Ctrl Pts',(17.119391086969,5.29711583273313,50.3986905888557));
#2057=CARTESIAN_POINT('Ctrl Pts',(17.119391086969,9.77246436189036,49.9283125041513));
#2058=CARTESIAN_POINT('Ctrl Pts',(17.1424269681236,5.27903950288675,50.2267057987025));
#2059=CARTESIAN_POINT('Ctrl Pts',(17.1424269681236,9.75438803204398,49.7563277139981));
#2060=CARTESIAN_POINT('Ctrl Pts',(17.1614590053636,5.26090022135151,50.0541220632385));
#2061=CARTESIAN_POINT('Ctrl Pts',(17.1614590053636,9.73624875050874,49.5837439785341));
#2062=CARTESIAN_POINT('Ctrl Pts',(17.1770506518816,5.24271717070583,49.881121892506));
#2063=CARTESIAN_POINT('Ctrl Pts',(17.1770506518816,9.71806569986306,49.4107438078015));
#2064=CARTESIAN_POINT('Ctrl Pts',(17.1897272526609,5.22450756625496,49.7078690791932));
#2065=CARTESIAN_POINT('Ctrl Pts',(17.1897272526609,9.69985609541219,49.2374909944887));
#2066=CARTESIAN_POINT('Ctrl Pts',(17.1999686884345,5.20628629450615,49.5345052589555));
#2067=CARTESIAN_POINT('Ctrl Pts',(17.1999686884345,9.68163482366337,49.064127174251));
#2068=CARTESIAN_POINT('Ctrl Pts',(17.2082025374421,5.18806553102174,49.3611462745307));
#2069=CARTESIAN_POINT('Ctrl Pts',(17.2082025374421,9.66341406017898,48.8907681898263));
#2070=CARTESIAN_POINT('Ctrl Pts',(17.2147968714222,5.16985435609646,49.187878519152));
#2071=CARTESIAN_POINT('Ctrl Pts',(17.2147968714222,9.64520288525369,48.7175004344475));
#2072=CARTESIAN_POINT('Ctrl Pts',(17.2200534472149,5.15165838318254,49.0147554012497));
#2073=CARTESIAN_POINT('Ctrl Pts',(17.2200534472149,9.62700691233977,48.5443773165453));
#2074=CARTESIAN_POINT('Ctrl Pts',(17.2241998441028,5.13347933551956,48.8417933163535));
#2075=CARTESIAN_POINT('Ctrl Pts',(17.2241998441028,9.60882786467679,48.371415231649));
#2076=CARTESIAN_POINT('Ctrl Pts',(17.227407724335,5.11531597587088,48.6689804929428));
#2077=CARTESIAN_POINT('Ctrl Pts',(17.227407724335,9.59066450502811,48.1986024082384));
#2078=CARTESIAN_POINT('Ctrl Pts',(17.2298120552755,5.09716508726145,48.4962863235447));
#2079=CARTESIAN_POINT('Ctrl Pts',(17.2298120552755,9.57251361641868,48.0259082388403));
#2080=CARTESIAN_POINT('Ctrl Pts',(17.2315300445392,5.07902243620761,48.3236705292527));
#2081=CARTESIAN_POINT('Ctrl Pts',(17.2315300445392,9.55437096536484,47.8532924445483));
#2082=CARTESIAN_POINT('Ctrl Pts',(17.2326799238599,5.06088373274012,48.1510922937359));
#2083=CARTESIAN_POINT('Ctrl Pts',(17.2326799238599,9.53623226189735,47.6807142090315));
#2084=CARTESIAN_POINT('Ctrl Pts',(17.2334004751769,5.04274561572651,47.9785196379551));
#2085=CARTESIAN_POINT('Ctrl Pts',(17.2334004751769,9.51809414488374,47.5081415532506));
#2086=CARTESIAN_POINT('Ctrl Pts',(17.2338402258984,5.02460554553465,47.8059283989245));
#2087=CARTESIAN_POINT('Ctrl Pts',(17.2338402258984,9.49995407469187,47.3355503142201));
#2088=CARTESIAN_POINT('Ctrl Pts',(17.2341457874618,5.00646166547725,47.6333009114447));
#2089=CARTESIAN_POINT('Ctrl Pts',(17.2341457874618,9.48181019463448,47.1629228267403));
#2090=CARTESIAN_POINT('Ctrl Pts',(17.2344504842791,4.98831267551741,47.4606248064908));
#2091=CARTESIAN_POINT('Ctrl Pts',(17.2344504842791,9.46366120467464,46.9902467217864));
#2092=CARTESIAN_POINT('Ctrl Pts',(17.2348629129435,4.97015770176614,47.2878917695644));
#2093=CARTESIAN_POINT('Ctrl Pts',(17.2348629129435,9.44550623092337,46.81751368486));
#2094=CARTESIAN_POINT('Ctrl Pts',(17.2354553280738,4.95199616775879,47.1150963159707));
#2095=CARTESIAN_POINT('Ctrl Pts',(17.2354553280738,9.42734469691602,46.6447182312662));
#2096=CARTESIAN_POINT('Ctrl Pts',(17.2362708506221,4.93382773264922,46.9422352027753));
#2097=CARTESIAN_POINT('Ctrl Pts',(17.2362708506221,9.40917626180644,46.4718571180709));
#2098=CARTESIAN_POINT('Ctrl Pts',(17.2371188730112,4.91928733117834,46.8038925238706));
#2099=CARTESIAN_POINT('Ctrl Pts',(17.2371188730112,9.39463586033557,46.3335144391662));
#2100=CARTESIAN_POINT('Ctrl Pts',(17.2378680584046,4.90837882705632,46.7001050400034));
#2101=CARTESIAN_POINT('Ctrl Pts',(17.2378680584046,9.38372735621356,46.229726955299));
#2102=CARTESIAN_POINT('Ctrl Pts',(17.2384177981647,4.90110506782408,46.6308998437156));
#2103=CARTESIAN_POINT('Ctrl Pts',(17.2384177981647,9.37645359698131,46.1605217590112));
#2104=CARTESIAN_POINT('Ctrl Pts',(17.238705238739,4.89746783242017,46.596293860477));
#2105=CARTESIAN_POINT('Ctrl Pts',(17.238705238739,9.3728163615774,46.1259157757725));
#2106=CARTESIAN_POINT('',(9.73227,7.67089237500697,53.8501212779221));
#2107=CARTESIAN_POINT('Ctrl Pts',(9.73227,7.67089237500697,53.8501212779221));
#2108=CARTESIAN_POINT('Ctrl Pts',(9.86791085270127,7.67093269057403,53.8505048549202));
#2109=CARTESIAN_POINT('Ctrl Pts',(10.0034877470039,7.67098040395716,53.8509588174367));
#2110=CARTESIAN_POINT('Ctrl Pts',(10.1390069736979,7.67103451194942,53.851473620595));
#2111=CARTESIAN_POINT('Ctrl Pts',(10.250077531431,7.67107885846042,53.8518955494629));
#2112=CARTESIAN_POINT('Ctrl Pts',(10.3611086430205,7.6711276125603,53.8523594137377));
#2113=CARTESIAN_POINT('Ctrl Pts',(10.4721239789879,7.67117701387278,53.8528294358292));
#2114=CARTESIAN_POINT('Ctrl Pts',(10.5770618190949,7.67122371072763,53.8532737267252));
#2115=CARTESIAN_POINT('Ctrl Pts',(10.6819852424306,7.67127105489713,53.8537241764086));
#2116=CARTESIAN_POINT('Ctrl Pts',(10.7869419637668,7.6713114089908,53.854108119963));
#2117=CARTESIAN_POINT('Ctrl Pts',(10.9119406320666,7.6713594688759,53.8545653792255));
#2118=CARTESIAN_POINT('Ctrl Pts',(11.0369889745071,7.67139761788673,53.854928342818));
#2119=CARTESIAN_POINT('Ctrl Pts',(11.1621956545877,7.67140538492364,53.855002241238));
#2120=CARTESIAN_POINT('Ctrl Pts',(11.2829829540957,7.67141287780991,53.8550735312888));
#2121=CARTESIAN_POINT('Ctrl Pts',(11.4039211785237,7.67139183862761,53.8548733568405));
#2122=CARTESIAN_POINT('Ctrl Pts',(11.5250825856951,7.67131989642244,53.8541888724809));
#2123=CARTESIAN_POINT('Ctrl Pts',(11.6271679324034,7.67125928104062,53.8536121556467));
#2124=CARTESIAN_POINT('Ctrl Pts',(11.7294115809202,7.67116264845035,53.8526927579648));
#2125=CARTESIAN_POINT('Ctrl Pts',(11.8318193772534,7.67101479875086,53.8512860620393));
#2126=CARTESIAN_POINT('Ctrl Pts',(11.9229883919177,7.67088317487159,53.850033744481));
#2127=CARTESIAN_POINT('Ctrl Pts',(12.0142872117004,7.67071105703292,53.8483961526349));
#2128=CARTESIAN_POINT('Ctrl Pts',(12.1056917103144,7.67048439820267,53.8462396379172));
#2129=CARTESIAN_POINT('Ctrl Pts',(12.1907900036693,7.67027337708315,53.8442319060784));
#2130=CARTESIAN_POINT('Ctrl Pts',(12.2759797972651,7.6700151399168,53.8417749435622));
#2131=CARTESIAN_POINT('Ctrl Pts',(12.3612179891536,7.6696942487149,53.8387218677172));
#2132=CARTESIAN_POINT('Ctrl Pts',(12.4526603951815,7.66935000087335,53.8354465682901));
#2133=CARTESIAN_POINT('Ctrl Pts',(12.5441585155194,7.66893363078821,53.8314850715522));
#2134=CARTESIAN_POINT('Ctrl Pts',(12.6356293356166,7.66842013054272,53.8265994430693));
#2135=CARTESIAN_POINT('Ctrl Pts',(12.7581999900487,7.66773204158634,53.8200527139614));
#2136=CARTESIAN_POINT('Ctrl Pts',(12.8807220549301,7.66686925334737,53.8118438322091));
#2137=CARTESIAN_POINT('Ctrl Pts',(13.002937479645,7.66576313045318,53.8013197758626));
#2138=CARTESIAN_POINT('Ctrl Pts',(13.1087330353198,7.66480561722186,53.79220964601));
#2139=CARTESIAN_POINT('Ctrl Pts',(13.2142965724726,7.6636652265963,53.7813595539783));
#2140=CARTESIAN_POINT('Ctrl Pts',(13.3194447096933,7.66229939778481,53.7683645608836));
#2141=CARTESIAN_POINT('Ctrl Pts',(13.4450780078316,7.66066747559564,53.752837858415));
#2142=CARTESIAN_POINT('Ctrl Pts',(13.5701205254416,7.65871406663745,53.7342524136586));
#2143=CARTESIAN_POINT('Ctrl Pts',(13.6942448976181,7.65637444382471,53.7119923895328));
#2144=CARTESIAN_POINT('Ctrl Pts',(13.787820492728,7.65461063553149,53.6952108746037));
#2145=CARTESIAN_POINT('Ctrl Pts',(13.8808743861306,7.65262763642619,53.6763438984034));
#2146=CARTESIAN_POINT('Ctrl Pts',(13.9732450820505,7.65039625659784,53.6551137374807));
#2147=CARTESIAN_POINT('Ctrl Pts',(14.0659511741854,7.64815677467237,53.6338064902532));
#2148=CARTESIAN_POINT('Ctrl Pts',(14.157969738678,7.64566724930438,53.6101202385841));
#2149=CARTESIAN_POINT('Ctrl Pts',(14.2491062043869,7.64289315600071,53.583726503863));
#2150=CARTESIAN_POINT('Ctrl Pts',(14.3342272271115,7.64030216613398,53.5590748819737));
#2151=CARTESIAN_POINT('Ctrl Pts',(14.4185777676333,7.63746237947724,53.5320561167492));
#2152=CARTESIAN_POINT('Ctrl Pts',(14.501977134416,7.63434539162887,53.5023999583605));
#2153=CARTESIAN_POINT('Ctrl Pts',(14.571486791993,7.63174752108897,53.477682871239));
#2154=CARTESIAN_POINT('Ctrl Pts',(14.6403351496976,7.62895694535419,53.4511323166612));
#2155=CARTESIAN_POINT('Ctrl Pts',(14.7084114538414,7.62596101627232,53.4226279554972));
#2156=CARTESIAN_POINT('Ctrl Pts',(14.7694201363506,7.62327612189571,53.397082891877));
#2157=CARTESIAN_POINT('Ctrl Pts',(14.8298085461073,7.62042624589001,53.3699681329095));
#2158=CARTESIAN_POINT('Ctrl Pts',(14.8894960431834,7.61740681987801,53.3412402133887));
#2159=CARTESIAN_POINT('Ctrl Pts',(14.9498970860267,7.61435129755177,53.3121688603789));
#2160=CARTESIAN_POINT('Ctrl Pts',(15.0095802068111,7.61112212518478,53.2814453375939));
#2161=CARTESIAN_POINT('Ctrl Pts',(15.0684634229383,7.60772046188723,53.2490806732305));
#2162=CARTESIAN_POINT('Ctrl Pts',(15.1331314664398,7.60398461108676,53.2135364271681));
#2163=CARTESIAN_POINT('Ctrl Pts',(15.1968344565818,7.60004077848201,53.1760133664202));
#2164=CARTESIAN_POINT('Ctrl Pts',(15.259468931861,7.59589702730345,53.1365882074997));
#2165=CARTESIAN_POINT('Ctrl Pts',(15.3354965833355,7.5908672147442,53.0887327376746));
#2166=CARTESIAN_POINT('Ctrl Pts',(15.4099489777862,7.58554298808484,53.0380761048005));
#2167=CARTESIAN_POINT('Ctrl Pts',(15.4826581951761,7.57994656427123,52.9848296889976));
#2168=CARTESIAN_POINT('Ctrl Pts',(15.5637665733432,7.57370365758964,52.9254323995752));
#2169=CARTESIAN_POINT('Ctrl Pts',(15.6427043764681,7.56712269902751,52.8628187613569));
#2170=CARTESIAN_POINT('Ctrl Pts',(15.7192778011762,7.56023656382631,52.7973015613717));
#2171=CARTESIAN_POINT('Ctrl Pts',(15.8039295354166,7.55262395815772,52.7248724565945));
#2172=CARTESIAN_POINT('Ctrl Pts',(15.8856959407687,7.5446384564401,52.6488954829032));
#2173=CARTESIAN_POINT('Ctrl Pts',(15.9643497089543,7.53631850326297,52.5697364161339));
#2174=CARTESIAN_POINT('Ctrl Pts',(16.0290393904479,7.52947566364465,52.5046311461034));
#2175=CARTESIAN_POINT('Ctrl Pts',(16.091625917902,7.52240641266319,52.4373717158474));
#2176=CARTESIAN_POINT('Ctrl Pts',(16.151958309066,7.51513001886404,52.3681414533299));
#2177=CARTESIAN_POINT('Ctrl Pts',(16.2072868066343,7.50845712012997,52.3046530628078));
#2178=CARTESIAN_POINT('Ctrl Pts',(16.2607206096463,7.50160995217423,52.2395066113976));
#2179=CARTESIAN_POINT('Ctrl Pts',(16.31209969585,7.49460279005114,52.1728379171687));
#2180=CARTESIAN_POINT('Ctrl Pts',(16.3891917628057,7.48408885040222,52.0728044634992));
#2181=CARTESIAN_POINT('Ctrl Pts',(16.4616511077917,7.47321456239294,51.9693425241987));
#2182=CARTESIAN_POINT('Ctrl Pts',(16.5288176195135,7.46202854466654,51.8629146747584));
#2183=CARTESIAN_POINT('Ctrl Pts',(16.5693761861225,7.45527385645338,51.7986481093238));
#2184=CARTESIAN_POINT('Ctrl Pts',(16.6080028520854,7.44840551748549,51.7333002291881));
#2185=CARTESIAN_POINT('Ctrl Pts',(16.6445800067264,7.44143472918624,51.6669776087757));
#2186=CARTESIAN_POINT('Ctrl Pts',(16.677666152956,7.43512924907801,51.6069849729672));
#2187=CARTESIAN_POINT('Ctrl Pts',(16.7090745344239,7.42873993886274,51.546194746968));
#2188=CARTESIAN_POINT('Ctrl Pts',(16.7387590390795,7.4222755480023,51.4846901763472));
#2189=CARTESIAN_POINT('Ctrl Pts',(16.7689692179341,7.41569668113737,51.4220964392985));
#2190=CARTESIAN_POINT('Ctrl Pts',(16.797393714155,7.40904006238444,51.3587629424504));
#2191=CARTESIAN_POINT('Ctrl Pts',(16.8240400182624,7.4023154225431,51.2947822681765));
#2192=CARTESIAN_POINT('Ctrl Pts',(16.8520809381885,7.3952388281095,51.2274529696405));
#2193=CARTESIAN_POINT('Ctrl Pts',(16.8781529617028,7.38808693511419,51.1594072531454));
#2194=CARTESIAN_POINT('Ctrl Pts',(16.9023243091681,7.38087129718236,51.0907550440923));
#2195=CARTESIAN_POINT('Ctrl Pts',(16.9280839388987,7.3731815247499,51.0175917465999));
#2196=CARTESIAN_POINT('Ctrl Pts',(16.9516853218585,7.36541939968992,50.9437400598399));
#2197=CARTESIAN_POINT('Ctrl Pts',(16.9732713365251,7.35759855505177,50.8693296936127));
#2198=CARTESIAN_POINT('Ctrl Pts',(16.996701706083,7.34910948085453,50.7885615478212));
#2199=CARTESIAN_POINT('Ctrl Pts',(17.0177583475827,7.34055130323339,50.7071359268698));
#2200=CARTESIAN_POINT('Ctrl Pts',(17.0366838419617,7.33194006147203,50.6252054343488));
#2201=CARTESIAN_POINT('Ctrl Pts',(17.0581129553482,7.32218965430131,50.5324365069495));
#2202=CARTESIAN_POINT('Ctrl Pts',(17.0768109393287,7.31237127808743,50.4390208973019));
#2203=CARTESIAN_POINT('Ctrl Pts',(17.0931881961603,7.30250503628446,50.345149876995));
#2204=CARTESIAN_POINT('Ctrl Pts',(17.1121795558162,7.29106396599655,50.2362953645294));
#2205=CARTESIAN_POINT('Ctrl Pts',(17.1280538577601,7.27955860593636,50.1268291757398));
#2206=CARTESIAN_POINT('Ctrl Pts',(17.1414868821453,7.26801510897046,50.01700013853));
#2207=CARTESIAN_POINT('Ctrl Pts',(17.1529519835859,7.25816272131018,49.9232609315858));
#2208=CARTESIAN_POINT('Ctrl Pts',(17.1626412703143,7.2482824427591,49.8292563605416));
#2209=CARTESIAN_POINT('Ctrl Pts',(17.1709533646446,7.23838773248674,49.7351144808414));
#2210=CARTESIAN_POINT('Ctrl Pts',(17.1787386065672,7.22912018688833,49.646939674422));
#2211=CARTESIAN_POINT('Ctrl Pts',(17.1853161531513,7.21983998841804,49.5586444839682));
#2212=CARTESIAN_POINT('Ctrl Pts',(17.1909740224188,7.21055611260676,49.4703143059518));
#2213=CARTESIAN_POINT('Ctrl Pts',(17.1963816825493,7.20168279957898,49.3858903718892));
#2214=CARTESIAN_POINT('Ctrl Pts',(17.2009494481841,7.19280614105288,49.3014346075362));
#2215=CARTESIAN_POINT('Ctrl Pts',(17.2048872692756,7.18393182226272,49.2170011042836));
#2216=CARTESIAN_POINT('Ctrl Pts',(17.2086988490596,7.17534200233153,49.1352744268621));
#2217=CARTESIAN_POINT('Ctrl Pts',(17.2119204548056,7.16675438738577,49.0535687284757));
#2218=CARTESIAN_POINT('Ctrl Pts',(17.2146992579951,7.15817187750778,48.9719116015645));
#2219=CARTESIAN_POINT('Ctrl Pts',(17.2176315743823,7.14911523238349,48.8857433791195));
#2220=CARTESIAN_POINT('Ctrl Pts',(17.2200707857907,7.14006427216466,48.7996292449369));
#2221=CARTESIAN_POINT('Ctrl Pts',(17.2221349506683,7.13101952265996,48.713574201752));
#2222=CARTESIAN_POINT('Ctrl Pts',(17.2246542607503,7.11998041969695,48.6085441529142));
#2223=CARTESIAN_POINT('Ctrl Pts',(17.2266138996934,7.10895052308909,48.5036016966947));
#2224=CARTESIAN_POINT('Ctrl Pts',(17.2281554168126,7.09792687974575,48.3987187363128));
#2225=CARTESIAN_POINT('Ctrl Pts',(17.2300552111162,7.08434113712405,48.2694590296286));
#2226=CARTESIAN_POINT('Ctrl Pts',(17.2313121449801,7.07076450743421,48.1402860266995));
#2227=CARTESIAN_POINT('Ctrl Pts',(17.2321576809172,7.05718933479664,48.0111268866966));
#2228=CARTESIAN_POINT('Ctrl Pts',(17.2330427288284,7.04297979306092,47.8759321278955));
#2229=CARTESIAN_POINT('Ctrl Pts',(17.2334805098122,7.02877174971849,47.7407516253543));
#2230=CARTESIAN_POINT('Ctrl Pts',(17.2337870796681,7.01456006874693,47.6055365130836));
#2231=CARTESIAN_POINT('Ctrl Pts',(17.2340227554667,7.00363482871195,47.5015897976409));
#2232=CARTESIAN_POINT('Ctrl Pts',(17.2341834997617,6.99270754077829,47.3976235977439));
#2233=CARTESIAN_POINT('Ctrl Pts',(17.2343907184013,6.98177706334992,47.2936270518318));
#2234=CARTESIAN_POINT('Ctrl Pts',(17.2345992247615,6.97077866055959,47.1889842392703));
#2235=CARTESIAN_POINT('Ctrl Pts',(17.2348559795811,6.9597770510758,47.0843109170584));
#2236=CARTESIAN_POINT('Ctrl Pts',(17.2352295006235,6.94877168814488,46.9796018831826));
#2237=CARTESIAN_POINT('Ctrl Pts',(17.2356570345396,6.93617489873218,46.8597514377571));
#2238=CARTESIAN_POINT('Ctrl Pts',(17.2362364261092,6.92357320138922,46.7398542964944));
#2239=CARTESIAN_POINT('Ctrl Pts',(17.2369993238425,6.91096635052941,46.6199081227942));
#2240=CARTESIAN_POINT('Ctrl Pts',(17.237492482961,6.90281691819182,46.5423714534393));
#2241=CARTESIAN_POINT('Ctrl Pts',(17.238060872907,6.89466534405297,46.4648144062067));
#2242=CARTESIAN_POINT('Ctrl Pts',(17.238705238739,6.88651162315672,46.3872369339417));
#2243=CARTESIAN_POINT('',(9.73227,9.16267521805938,53.6933285830207));
#2244=CARTESIAN_POINT('',(9.73227,5.68184858427042,54.0591782044574));
#2245=CARTESIAN_POINT('Ctrl Pts',(17.238705238739,8.37829446620913,46.2304442390402));
#2246=CARTESIAN_POINT('Ctrl Pts',(17.2375824239956,8.39250241700566,46.3656238610661));
#2247=CARTESIAN_POINT('Ctrl Pts',(17.2366925667536,8.40670383200787,46.5007412991628));
#2248=CARTESIAN_POINT('Ctrl Pts',(17.236023289294,8.42089880239114,46.6357974208061));
#2249=CARTESIAN_POINT('Ctrl Pts',(17.2354880752389,8.43225036899634,46.7438003626143));
#2250=CARTESIAN_POINT('Ctrl Pts',(17.235095068464,8.44359780434847,46.8517639981753));
#2251=CARTESIAN_POINT('Ctrl Pts',(17.2348011395821,8.45494144878471,46.9596915655807));
#2252=CARTESIAN_POINT('Ctrl Pts',(17.2345221855006,8.46570716835179,47.0621205451539));
#2253=CARTESIAN_POINT('Ctrl Pts',(17.2343332594315,8.47646946301778,47.1645169389698));
#2254=CARTESIAN_POINT('Ctrl Pts',(17.2341463721999,8.4872290517093,47.2668875871585));
#2255=CARTESIAN_POINT('Ctrl Pts',(17.2339057789906,8.50108063457479,47.3986765948086));
#2256=CARTESIAN_POINT('Ctrl Pts',(17.2336666253521,8.51492760251097,47.5304216943394));
#2257=CARTESIAN_POINT('Ctrl Pts',(17.2331482301969,8.52877330839209,47.6621547862183));
#2258=CARTESIAN_POINT('Ctrl Pts',(17.2326681373846,8.54159600514543,47.7841545964156));
#2259=CARTESIAN_POINT('Ctrl Pts',(17.2319424717851,8.55441758397564,47.9061437702848));
#2260=CARTESIAN_POINT('Ctrl Pts',(17.2307511550806,8.56724321615404,48.0281715091858));
#2261=CARTESIAN_POINT('Ctrl Pts',(17.2296172722646,8.57945051911276,48.1443162385383));
#2262=CARTESIAN_POINT('Ctrl Pts',(17.228066059769,8.59166177151197,48.2604985443069));
#2263=CARTESIAN_POINT('Ctrl Pts',(17.2259318774811,8.60388253409681,48.3767713334475));
#2264=CARTESIAN_POINT('Ctrl Pts',(17.2242591755418,8.61346076618686,48.4679021243794));
#2265=CARTESIAN_POINT('Ctrl Pts',(17.2222301540351,8.62304492563587,48.5590893103646));
#2266=CARTESIAN_POINT('Ctrl Pts',(17.2197372869105,8.63263614298193,48.6503436477547));
#2267=CARTESIAN_POINT('Ctrl Pts',(17.2175042054794,8.6412278441381,48.7320882238362));
#2268=CARTESIAN_POINT('Ctrl Pts',(17.2148995583371,8.64982523996025,48.8138869810454));
#2269=CARTESIAN_POINT('Ctrl Pts',(17.2118070251394,8.65842707559539,48.8957279802535));
#2270=CARTESIAN_POINT('Ctrl Pts',(17.2086507420921,8.6672062305005,48.9792560596207));
#2271=CARTESIAN_POINT('Ctrl Pts',(17.2049861950986,8.67599000623627,49.062828103255));
#2272=CARTESIAN_POINT('Ctrl Pts',(17.2006397383182,8.68477445021945,49.1464065048387));
#2273=CARTESIAN_POINT('Ctrl Pts',(17.1961026077052,8.69394425719726,49.2336513904005));
#2274=CARTESIAN_POINT('Ctrl Pts',(17.1908222113639,8.70311478003585,49.3209030869227));
#2275=CARTESIAN_POINT('Ctrl Pts',(17.1845499960688,8.71227886536269,49.4080935346117));
#2276=CARTESIAN_POINT('Ctrl Pts',(17.1779276993175,8.72195444083855,49.5001504859934));
#2277=CARTESIAN_POINT('Ctrl Pts',(17.1701994989819,8.73162282360701,49.5921390033355));
#2278=CARTESIAN_POINT('Ctrl Pts',(17.1610209599219,8.74127291554439,49.6839534950445));
#2279=CARTESIAN_POINT('Ctrl Pts',(17.1505301669889,8.7523026791743,49.7888946860634));
#2280=CARTESIAN_POINT('Ctrl Pts',(17.1381433501076,8.76330861167631,49.8936091390461));
#2281=CARTESIAN_POINT('Ctrl Pts',(17.1232871102506,8.77427051376472,49.9979046706267));
#2282=CARTESIAN_POINT('Ctrl Pts',(17.1095420783216,8.78441249421591,50.0943991689269));
#2283=CARTESIAN_POINT('Ctrl Pts',(17.0936798379026,8.79451677253176,50.1905349553709));
#2284=CARTESIAN_POINT('Ctrl Pts',(17.0752411291322,8.80456412828276,50.2861291597871));
#2285=CARTESIAN_POINT('Ctrl Pts',(17.0576320487068,8.81415941489875,50.3774222136943));
#2286=CARTESIAN_POINT('Ctrl Pts',(17.0376708863149,8.82370278694231,50.468221333439));
#2287=CARTESIAN_POINT('Ctrl Pts',(17.0149914707136,8.83317450059971,50.5583386691815));
#2288=CARTESIAN_POINT('Ctrl Pts',(16.9953505931957,8.8413772149509,50.6363822830326));
#2289=CARTESIAN_POINT('Ctrl Pts',(16.9736705169226,8.84952610834335,50.713913824667));
#2290=CARTESIAN_POINT('Ctrl Pts',(16.9497549774516,8.85760658100758,50.7907943865569));
#2291=CARTESIAN_POINT('Ctrl Pts',(16.9276431582546,8.86507762094774,50.8618765833996));
#2292=CARTESIAN_POINT('Ctrl Pts',(16.9036199118654,8.87249012014097,50.9324018022406));
#2293=CARTESIAN_POINT('Ctrl Pts',(16.8775752892176,8.87983182552152,51.0022534629467));
#2294=CARTESIAN_POINT('Ctrl Pts',(16.8530331839656,8.88674998704053,51.0680753729917));
#2295=CARTESIAN_POINT('Ctrl Pts',(16.826695911299,8.89360525602036,51.1332989004976));
#2296=CARTESIAN_POINT('Ctrl Pts',(16.7985182666575,8.90038727736983,51.1978255233528));
#2297=CARTESIAN_POINT('Ctrl Pts',(16.7714619461155,8.90689940944787,51.2597843213172));
#2298=CARTESIAN_POINT('Ctrl Pts',(16.7427085584177,8.91334398597727,51.3211003711711));
#2299=CARTESIAN_POINT('Ctrl Pts',(16.7122667402265,8.91971211536207,51.3816890750297));
#2300=CARTESIAN_POINT('Ctrl Pts',(16.6798523954851,8.92649287792824,51.4462037213618));
#2301=CARTESIAN_POINT('Ctrl Pts',(16.6455239997225,8.93318695944654,51.5098936526132));
#2302=CARTESIAN_POINT('Ctrl Pts',(16.6093532789927,8.93978423510112,51.5726625375959));
#2303=CARTESIAN_POINT('Ctrl Pts',(16.565069551532,8.94786126401225,51.6495103343637));
#2304=CARTESIAN_POINT('Ctrl Pts',(16.5180253938127,8.95579318647087,51.7249775354575));
#2305=CARTESIAN_POINT('Ctrl Pts',(16.4684320872373,8.96356238614014,51.7988965326286));
#2306=CARTESIAN_POINT('Ctrl Pts',(16.4143010591489,8.97204245723365,51.87957901961));
#2307=CARTESIAN_POINT('Ctrl Pts',(16.3571390262829,8.98032870200024,51.9584173722763));
#2308=CARTESIAN_POINT('Ctrl Pts',(16.2972479000651,8.98839897021751,52.0352008453387));
#2309=CARTESIAN_POINT('Ctrl Pts',(16.242921067964,8.99571945547364,52.1048506100473));
#2310=CARTESIAN_POINT('Ctrl Pts',(16.1863516033927,9.00286227520145,52.1728100001685));
#2311=CARTESIAN_POINT('Ctrl Pts',(16.1277173374739,9.00981090027845,52.2389217516067));
#2312=CARTESIAN_POINT('Ctrl Pts',(16.0590451166657,9.01794910254164,52.3163515739409));
#2313=CARTESIAN_POINT('Ctrl Pts',(15.9875391290093,9.0258210670869,52.3912483135953));
#2314=CARTESIAN_POINT('Ctrl Pts',(15.9134049327441,9.03339880126112,52.463345638266));
#2315=CARTESIAN_POINT('Ctrl Pts',(15.838003876758,9.04110602933539,52.5366750150964));
#2316=CARTESIAN_POINT('Ctrl Pts',(15.7598794805251,9.04850903370305,52.6071098967066));
#2317=CARTESIAN_POINT('Ctrl Pts',(15.6792224678564,9.05557471457979,52.6743353596851));
#2318=CARTESIAN_POINT('Ctrl Pts',(15.5983344227138,9.06266063426378,52.7417533820519));
#2319=CARTESIAN_POINT('Ctrl Pts',(15.514896005235,9.06940712861293,52.8059419880781));
#2320=CARTESIAN_POINT('Ctrl Pts',(15.4291386975231,9.07577617378504,52.8665394050709));
#2321=CARTESIAN_POINT('Ctrl Pts',(15.3635379667452,9.08064822526141,52.9128938784568));
#2322=CARTESIAN_POINT('Ctrl Pts',(15.2965817386283,9.08529909000652,52.9571439006692));
#2323=CARTESIAN_POINT('Ctrl Pts',(15.2283921175307,9.08971377999104,52.9991468701343));
#2324=CARTESIAN_POINT('Ctrl Pts',(15.168824389979,9.09357027671284,53.035838985462));
#2325=CARTESIAN_POINT('Ctrl Pts',(15.1083158141771,9.09724646563496,53.0708155866696));
#2326=CARTESIAN_POINT('Ctrl Pts',(15.0469546949702,9.10073618433815,53.1040180422544));
#2327=CARTESIAN_POINT('Ctrl Pts',(14.9890534398007,9.10402913426661,53.1353483680034));
#2328=CARTESIAN_POINT('Ctrl Pts',(14.9303932344457,9.10715598001932,53.1650983180867));
#2329=CARTESIAN_POINT('Ctrl Pts',(14.8710515350048,9.11011623087159,53.1932632235712));
#2330=CARTESIAN_POINT('Ctrl Pts',(14.8082729393933,9.11324793072036,53.2230593572936));
#2331=CARTESIAN_POINT('Ctrl Pts',(14.7447317817965,9.11619316989974,53.2510814362511));
#2332=CARTESIAN_POINT('Ctrl Pts',(14.6805212471936,9.11895797620777,53.277386811111));
#2333=CARTESIAN_POINT('Ctrl Pts',(14.6075004943653,9.12210213688615,53.3073015017077));
#2334=CARTESIAN_POINT('Ctrl Pts',(14.5336144408442,9.12501304159014,53.334996909953));
#2335=CARTESIAN_POINT('Ctrl Pts',(14.4589977414894,9.12770717236544,53.3606298520366));
#2336=CARTESIAN_POINT('Ctrl Pts',(14.3610260016855,9.13124456656269,53.3942859096475));
#2337=CARTESIAN_POINT('Ctrl Pts',(14.2617965697892,9.13440865232193,53.4243901747253));
#2338=CARTESIAN_POINT('Ctrl Pts',(14.1615916702991,9.13724594610824,53.451385221872));
#2339=CARTESIAN_POINT('Ctrl Pts',(14.0746947626207,9.13970642516126,53.4747951163143));
#2340=CARTESIAN_POINT('Ctrl Pts',(13.9870642661844,9.14192164530129,53.495871528073));
#2341=CARTESIAN_POINT('Ctrl Pts',(13.8988573092282,9.14391962438322,53.5148810292303));
#2342=CARTESIAN_POINT('Ctrl Pts',(13.7903665364805,9.14637705293548,53.5382619000967));
#2343=CARTESIAN_POINT('Ctrl Pts',(13.6810038482742,9.14850566237624,53.5585142660968));
#2344=CARTESIAN_POINT('Ctrl Pts',(13.5710148774208,9.15035066652217,53.5760683079608));
#2345=CARTESIAN_POINT('Ctrl Pts',(13.4617168187716,9.15218408099806,53.59351208148));
#2346=CARTESIAN_POINT('Ctrl Pts',(13.3517985556883,9.1537369091435,53.6082862543905));
#2347=CARTESIAN_POINT('Ctrl Pts',(13.2414751894994,9.15505352878239,53.6208130534825));
#2348=CARTESIAN_POINT('Ctrl Pts',(13.1182006212605,9.15652471048328,53.6348104123632));
#2349=CARTESIAN_POINT('Ctrl Pts',(12.9944203361047,9.15770080886746,53.6460002410243));
#2350=CARTESIAN_POINT('Ctrl Pts',(12.8704243888946,9.1586523066853,53.6550531380406));
#2351=CARTESIAN_POINT('Ctrl Pts',(12.7690330185009,9.15943034556357,53.662455683488));
#2352=CARTESIAN_POINT('Ctrl Pts',(12.6674983387591,9.16005872236582,53.6684342893992));
#2353=CARTESIAN_POINT('Ctrl Pts',(12.5659588233489,9.16057565219949,53.673352548234));
#2354=CARTESIAN_POINT('Ctrl Pts',(12.4798739488423,9.16101390364949,53.6775222322519));
#2355=CARTESIAN_POINT('Ctrl Pts',(12.3937856639978,9.16137216486555,53.6809308600313));
#2356=CARTESIAN_POINT('Ctrl Pts',(12.3077578742016,9.16167026573972,53.6837671003922));
#2357=CARTESIAN_POINT('Ctrl Pts',(12.2201089019009,9.16197398428607,53.6866567893338));
#2358=CARTESIAN_POINT('Ctrl Pts',(12.1325228776441,9.16221526094047,53.688952383358));
#2359=CARTESIAN_POINT('Ctrl Pts',(12.0450409101074,9.16240978866228,53.6908031909998));
#2360=CARTESIAN_POINT('Ctrl Pts',(11.9501398820069,9.16262081364622,53.6928109596059));
#2361=CARTESIAN_POINT('Ctrl Pts',(11.8553614735308,9.16277674283909,53.6942945267759));
#2362=CARTESIAN_POINT('Ctrl Pts',(11.7607251517259,9.16289224783835,53.6953934834352));
#2363=CARTESIAN_POINT('Ctrl Pts',(11.6496359526252,9.16302783381227,53.696683497806));
#2364=CARTESIAN_POINT('Ctrl Pts',(11.5387433169565,9.16310754827379,53.6974419302451));
#2365=CARTESIAN_POINT('Ctrl Pts',(11.4280263059338,9.16314990400687,53.6978449181264));
#2366=CARTESIAN_POINT('Ctrl Pts',(11.3034271984419,9.16319757045388,53.6982984340755));
#2367=CARTESIAN_POINT('Ctrl Pts',(11.1790490798906,9.16319792208879,53.6983017796581));
#2368=CARTESIAN_POINT('Ctrl Pts',(11.054799585824,9.16317452078672,53.6980791311415));
#2369=CARTESIAN_POINT('Ctrl Pts',(10.9445093634585,9.16315374859099,53.6978814969009));
#2370=CARTESIAN_POINT('Ctrl Pts',(10.8343176069281,9.16311435613505,53.6975067027183));
#2371=CARTESIAN_POINT('Ctrl Pts',(10.7241511253043,9.16306930415464,53.6970780617573));
#2372=CARTESIAN_POINT('Ctrl Pts',(10.6182104345036,9.16302598028828,53.6966658627032));
#2373=CARTESIAN_POINT('Ctrl Pts',(10.5122915827887,9.16297748922636,53.6962045010673));
#2374=CARTESIAN_POINT('Ctrl Pts',(10.4063516021653,9.16293066594086,53.6957590072641));
#2375=CARTESIAN_POINT('Ctrl Pts',(10.2887898970556,9.16287870609294,53.695264642334));
#2376=CARTESIAN_POINT('Ctrl Pts',(10.1712026839759,9.16282871357573,53.6947889953053));
#2377=CARTESIAN_POINT('Ctrl Pts',(10.0535686472954,9.16278407600313,53.6943642971712));
#2378=CARTESIAN_POINT('Ctrl Pts',(9.94650727308811,9.1627434503475,53.6939777698773));
#2379=CARTESIAN_POINT('Ctrl Pts',(9.83940836451445,9.16270706203436,53.6936315582042));
#2380=CARTESIAN_POINT('Ctrl Pts',(9.73227,9.16267521805938,53.6933285830207));
#2381=CARTESIAN_POINT('Origin',(-9.70226276988422,5.68252337218628,54.0655983826182));
#2382=CARTESIAN_POINT('',(-9.70226276988422,7.67156716292282,53.8565414560829));
#2383=CARTESIAN_POINT('',(-4.86383939978414,7.67139916765067,53.854943087837));
#2384=CARTESIAN_POINT('',(-9.70226276988422,9.16335000597524,53.6997487611814));
#2385=CARTESIAN_POINT('',(-9.70226276988422,5.68252337218628,54.0655983826182));
#2386=CARTESIAN_POINT('',(-4.8487463838145,9.1631814866573,53.698145406973));
#2387=CARTESIAN_POINT('Ctrl Pts',(-17.2016800000004,5.05331684407312,48.0790981571735));
#2388=CARTESIAN_POINT('Ctrl Pts',(-17.2016800000004,9.52866537323035,47.6087200724691));
#2389=CARTESIAN_POINT('Ctrl Pts',(-17.2017123010991,5.05650035962619,48.1093872843911));
#2390=CARTESIAN_POINT('Ctrl Pts',(-17.2017123010991,9.53184888878342,47.6390091996867));
#2391=CARTESIAN_POINT('Ctrl Pts',(-17.2017134708706,5.06287199252698,48.1700093219777));
#2392=CARTESIAN_POINT('Ctrl Pts',(-17.2017134708706,9.53822052168421,47.6996312372733));
#2393=CARTESIAN_POINT('Ctrl Pts',(-17.2015249283692,5.07244324727215,48.2610737279076));
#2394=CARTESIAN_POINT('Ctrl Pts',(-17.2015249283692,9.54779177642938,47.7906956432031));
#2395=CARTESIAN_POINT('Ctrl Pts',(-17.2008928329024,5.08523253895908,48.3827557101284));
#2396=CARTESIAN_POINT('Ctrl Pts',(-17.2008928329024,9.56058106811632,47.9123776254239));
#2397=CARTESIAN_POINT('Ctrl Pts',(-17.1994587442475,5.10126472799682,48.5352917996323));
#2398=CARTESIAN_POINT('Ctrl Pts',(-17.1994587442475,9.57661325715405,48.0649137149279));
#2399=CARTESIAN_POINT('Ctrl Pts',(-17.1973533829845,5.11734103913718,48.6882476829013));
#2400=CARTESIAN_POINT('Ctrl Pts',(-17.1973533829845,9.59268956829441,48.2178695981968));
#2401=CARTESIAN_POINT('Ctrl Pts',(-17.1945229832979,5.13345850902595,48.8415951655029));
#2402=CARTESIAN_POINT('Ctrl Pts',(-17.1945229832979,9.60880703818318,48.3712170807985));
#2403=CARTESIAN_POINT('Ctrl Pts',(-17.1908785550286,5.1496121357253,48.9952866571781));
#2404=CARTESIAN_POINT('Ctrl Pts',(-17.1908785550286,9.62496066488253,48.5249085724736));
#2405=CARTESIAN_POINT('Ctrl Pts',(-17.1862874232929,5.16579437790222,49.1492504069358));
#2406=CARTESIAN_POINT('Ctrl Pts',(-17.1862874232929,9.64114290705945,48.6788723222313));
#2407=CARTESIAN_POINT('Ctrl Pts',(-17.1805778971792,5.18199579249956,49.3033965700888));
#2408=CARTESIAN_POINT('Ctrl Pts',(-17.1805778971792,9.65734432165678,48.8330184853843));
#2409=CARTESIAN_POINT('Ctrl Pts',(-17.1735436026912,5.19820564492054,49.4576230137712));
#2410=CARTESIAN_POINT('Ctrl Pts',(-17.1735436026912,9.67355417407777,48.9872449290667));
#2411=CARTESIAN_POINT('Ctrl Pts',(-17.164947900397,5.21441252578801,49.6118211850104));
#2412=CARTESIAN_POINT('Ctrl Pts',(-17.164947900397,9.68976105494524,49.141443100306));
#2413=CARTESIAN_POINT('Ctrl Pts',(-17.1545282441243,5.23060496804208,49.7658819820197));
#2414=CARTESIAN_POINT('Ctrl Pts',(-17.1545282441243,9.70595349719931,49.2955038973152));
#2415=CARTESIAN_POINT('Ctrl Pts',(-17.142000515076,5.24677205176633,49.9197015087341));
#2416=CARTESIAN_POINT('Ctrl Pts',(-17.142000515076,9.72212058092356,49.4493234240296));
#2417=CARTESIAN_POINT('Ctrl Pts',(-17.1270613191101,5.26290302500204,50.0731774670999));
#2418=CARTESIAN_POINT('Ctrl Pts',(-17.1270613191101,9.73825155415927,49.6027993823955));
#2419=CARTESIAN_POINT('Ctrl Pts',(-17.1093903048714,5.27898693861977,50.2262056831092));
#2420=CARTESIAN_POINT('Ctrl Pts',(-17.1093903048714,9.754335467777,49.7558275984048));
#2421=CARTESIAN_POINT('Ctrl Pts',(-17.0886524703148,5.29501227612265,50.3786765846136));
#2422=CARTESIAN_POINT('Ctrl Pts',(-17.0886524703148,9.77036080527988,49.9082984999092));
#2423=CARTESIAN_POINT('Ctrl Pts',(-17.064500459227,5.31096658499472,50.5304716938376));
#2424=CARTESIAN_POINT('Ctrl Pts',(-17.064500459227,9.78631511415195,50.0600936091332));
#2425=CARTESIAN_POINT('Ctrl Pts',(-17.0365768926414,5.32683610748359,50.6814601145112));
#2426=CARTESIAN_POINT('Ctrl Pts',(-17.0365768926414,9.80218463664082,50.2110820298068));
#2427=CARTESIAN_POINT('Ctrl Pts',(-17.0045246577916,5.34260564962655,50.8314972857356));
#2428=CARTESIAN_POINT('Ctrl Pts',(-17.0045246577916,9.81795417878378,50.3611192010312));
#2429=CARTESIAN_POINT('Ctrl Pts',(-16.9679971743166,5.35825844747566,50.9804237092003));
#2430=CARTESIAN_POINT('Ctrl Pts',(-16.9679971743166,9.83360697663289,50.5100456244958));
#2431=CARTESIAN_POINT('Ctrl Pts',(-16.926668703354,5.37377603432444,51.1280636859297));
#2432=CARTESIAN_POINT('Ctrl Pts',(-16.926668703354,9.84912456348167,50.6576856012252));
#2433=CARTESIAN_POINT('Ctrl Pts',(-16.8802446773461,5.389138103189,51.2742240078779));
#2434=CARTESIAN_POINT('Ctrl Pts',(-16.8802446773461,9.86448663234623,50.8038459231735));
#2435=CARTESIAN_POINT('Ctrl Pts',(-16.8284721018797,5.40432237781917,51.4186927306824));
#2436=CARTESIAN_POINT('Ctrl Pts',(-16.8284721018797,9.8796709069764,50.9483146459779));
#2437=CARTESIAN_POINT('Ctrl Pts',(-16.7711510185085,5.41930520623588,51.5612448207941));
#2438=CARTESIAN_POINT('Ctrl Pts',(-16.7711510185085,9.89465373539311,51.0908667360896));
#2439=CARTESIAN_POINT('Ctrl Pts',(-16.7081460793976,5.43406214674381,51.7016477310158));
#2440=CARTESIAN_POINT('Ctrl Pts',(-16.7081460793976,9.90941067590104,51.2312696463113));
#2441=CARTESIAN_POINT('Ctrl Pts',(-16.6393980721647,5.44856855309689,51.83966696798));
#2442=CARTESIAN_POINT('Ctrl Pts',(-16.6393980721647,9.92391708225412,51.3692888832755));
#2443=CARTESIAN_POINT('Ctrl Pts',(-16.5649358438235,5.46280016903656,51.9750717488026));
#2444=CARTESIAN_POINT('Ctrl Pts',(-16.5649358438235,9.93814869819379,51.5046936640981));
#2445=CARTESIAN_POINT('Ctrl Pts',(-16.4848874757178,5.47673369744639,52.107640416227));
#2446=CARTESIAN_POINT('Ctrl Pts',(-16.4848874757178,9.95208222660362,51.6372623315225));
#2447=CARTESIAN_POINT('Ctrl Pts',(-16.3994493951315,5.49034601509864,52.2371529674372));
#2448=CARTESIAN_POINT('Ctrl Pts',(-16.3994493951315,9.96569454425588,51.7667748827327));
#2449=CARTESIAN_POINT('Ctrl Pts',(-16.3088563688243,5.50361341450072,52.3633838407082));
#2450=CARTESIAN_POINT('Ctrl Pts',(-16.3088563688243,9.97896194365795,51.8930057560038));
#2451=CARTESIAN_POINT('Ctrl Pts',(-16.2133512616372,5.51651083733255,52.4860946220505));
#2452=CARTESIAN_POINT('Ctrl Pts',(-16.2133512616372,9.99185936648978,52.0157165373461));
#2453=CARTESIAN_POINT('Ctrl Pts',(-16.1131549238458,5.52901111092205,52.6050267807585));
#2454=CARTESIAN_POINT('Ctrl Pts',(-16.1131549238458,10.0043596400793,52.1346486960541));
#2455=CARTESIAN_POINT('Ctrl Pts',(-16.0084360951539,5.54108418600985,52.719894417227));
#2456=CARTESIAN_POINT('Ctrl Pts',(-16.0084360951539,10.0164327151671,52.2495163325225));
#2457=CARTESIAN_POINT('Ctrl Pts',(-15.8993294793756,5.55269856684887,52.8303978694396));
#2458=CARTESIAN_POINT('Ctrl Pts',(-15.8993294793756,10.0280470960061,52.3600197847351));
#2459=CARTESIAN_POINT('Ctrl Pts',(-15.7859536933256,5.56382273772648,52.9362372854202));
#2460=CARTESIAN_POINT('Ctrl Pts',(-15.7859536933256,10.0391712668837,52.4658592007157));
#2461=CARTESIAN_POINT('Ctrl Pts',(-15.6684293149094,5.57442659314118,53.0371262304555));
#2462=CARTESIAN_POINT('Ctrl Pts',(-15.6684293149094,10.0497751222984,52.5667481457511));
#2463=CARTESIAN_POINT('Ctrl Pts',(-15.5468967873866,5.58448286953461,53.132805309115));
#2464=CARTESIAN_POINT('Ctrl Pts',(-15.5468967873866,10.0598313986918,52.6624272244106));
#2465=CARTESIAN_POINT('Ctrl Pts',(-15.42153476145,5.5939685845562,53.2230558589393));
#2466=CARTESIAN_POINT('Ctrl Pts',(-15.42153476145,10.0693171137134,52.7526777742349));
#2467=CARTESIAN_POINT('Ctrl Pts',(-15.2925535028065,5.60286627732873,53.3077117507788));
#2468=CARTESIAN_POINT('Ctrl Pts',(-15.2925535028065,10.078214806486,52.8373336660744));
#2469=CARTESIAN_POINT('Ctrl Pts',(-15.1601879291833,5.6111652495066,53.3866711966746));
#2470=CARTESIAN_POINT('Ctrl Pts',(-15.1601879291833,10.0865137786638,52.9162931119702));
#2471=CARTESIAN_POINT('Ctrl Pts',(-15.0246908330724,5.61886282245212,53.4599087110912));
#2472=CARTESIAN_POINT('Ctrl Pts',(-15.0246908330724,10.0942113516093,52.9895306263868));
#2473=CARTESIAN_POINT('Ctrl Pts',(-14.8863260747141,5.62596558742998,53.5274870057233));
#2474=CARTESIAN_POINT('Ctrl Pts',(-14.8863260747141,10.1013141165872,53.0571089210188));
#2475=CARTESIAN_POINT('Ctrl Pts',(-14.7453618087816,5.6324907088465,53.5895693889881));
#2476=CARTESIAN_POINT('Ctrl Pts',(-14.7453618087816,10.1078392380037,53.1191913042836));
#2477=CARTESIAN_POINT('Ctrl Pts',(-14.6020652948871,5.63846313840315,53.6463932604672));
#2478=CARTESIAN_POINT('Ctrl Pts',(-14.6020652948871,10.1138116675604,53.1760151757628));
#2479=CARTESIAN_POINT('Ctrl Pts',(-14.4566977409962,5.64391279541589,53.698243283437));
#2480=CARTESIAN_POINT('Ctrl Pts',(-14.4566977409962,10.1192613245731,53.2278651987325));
#2481=CARTESIAN_POINT('Ctrl Pts',(-14.3095091388701,5.64887176845901,53.7454247602878));
#2482=CARTESIAN_POINT('Ctrl Pts',(-14.3095091388701,10.1242202976162,53.2750466755834));
#2483=CARTESIAN_POINT('Ctrl Pts',(-14.16073310986,5.65337151697123,53.7882370075855));
#2484=CARTESIAN_POINT('Ctrl Pts',(-14.16073310986,10.1287200461285,53.317858922881));
#2485=CARTESIAN_POINT('Ctrl Pts',(-14.0105817201805,5.65744006968409,53.8269467008968));
#2486=CARTESIAN_POINT('Ctrl Pts',(-14.0105817201805,10.1327885988413,53.3565686161924));
#2487=CARTESIAN_POINT('Ctrl Pts',(-13.8592502519831,5.66110295178931,53.8617966961988));
#2488=CARTESIAN_POINT('Ctrl Pts',(-13.8592502519831,10.1364514809465,53.3914186114944));
#2489=CARTESIAN_POINT('Ctrl Pts',(-13.7069219681168,5.66438411735745,53.8930149012487));
#2490=CARTESIAN_POINT('Ctrl Pts',(-13.7069219681168,10.1397326465147,53.4226368165443));
#2491=CARTESIAN_POINT('Ctrl Pts',(-13.5537729010167,5.66730688356534,53.920823164165));
#2492=CARTESIAN_POINT('Ctrl Pts',(-13.5537729010167,10.1426554127226,53.4504450794606));
#2493=CARTESIAN_POINT('Ctrl Pts',(-13.3999765554876,5.66989485665515,53.9454460833392));
#2494=CARTESIAN_POINT('Ctrl Pts',(-13.3999765554876,10.1452433858124,53.4750679986348));
#2495=CARTESIAN_POINT('Ctrl Pts',(-13.2457088423827,5.67217288696059,53.9671200939029));
#2496=CARTESIAN_POINT('Ctrl Pts',(-13.2457088423827,10.1475214161178,53.4967420091985));
#2497=CARTESIAN_POINT('Ctrl Pts',(-13.0911390189572,5.67416629562731,53.9860861104643));
#2498=CARTESIAN_POINT('Ctrl Pts',(-13.0911390189572,10.1495148247845,53.5157080257599));
#2499=CARTESIAN_POINT('Ctrl Pts',(-12.9364204452019,5.67590007693793,54.0025819377375));
#2500=CARTESIAN_POINT('Ctrl Pts',(-12.9364204452019,10.1512486060952,53.532203853033));
#2501=CARTESIAN_POINT('Ctrl Pts',(-12.7816812935444,5.67739810582885,54.0168347305686));
#2502=CARTESIAN_POINT('Ctrl Pts',(-12.7816812935444,10.1527466349861,53.5464566458642));
#2503=CARTESIAN_POINT('Ctrl Pts',(-12.6270154824057,5.67868235568012,54.0290535517039));
#2504=CARTESIAN_POINT('Ctrl Pts',(-12.6270154824057,10.1540308848374,53.5586754669995));
#2505=CARTESIAN_POINT('Ctrl Pts',(-12.4724728477685,5.67977207808663,54.0394215678334));
#2506=CARTESIAN_POINT('Ctrl Pts',(-12.4724728477685,10.1551206072439,53.5690434831289));
#2507=CARTESIAN_POINT('Ctrl Pts',(-12.3180692061283,5.68068404863231,54.0480983879765));
#2508=CARTESIAN_POINT('Ctrl Pts',(-12.3180692061283,10.1560325777895,53.5777203032721));
#2509=CARTESIAN_POINT('Ctrl Pts',(-12.1637971759357,5.6814328588479,54.0552228412747));
#2510=CARTESIAN_POINT('Ctrl Pts',(-12.1637971759357,10.1567813880051,53.5848447565702));
#2511=CARTESIAN_POINT('Ctrl Pts',(-12.0096367641925,5.68203118370957,54.0609155220706));
#2512=CARTESIAN_POINT('Ctrl Pts',(-12.0096367641925,10.1573797128668,53.5905374373662));
#2513=CARTESIAN_POINT('Ctrl Pts',(-11.8555658621987,5.68249007140972,54.0652815468934));
#2514=CARTESIAN_POINT('Ctrl Pts',(-11.8555658621987,10.157838600567,53.594903462189));
#2515=CARTESIAN_POINT('Ctrl Pts',(-11.7015712348672,5.68281918594145,54.0684128624955));
#2516=CARTESIAN_POINT('Ctrl Pts',(-11.7015712348672,10.1581677150987,53.598034777791));
#2517=CARTESIAN_POINT('Ctrl Pts',(-11.5476458521107,5.68302810111387,54.0704005575858));
#2518=CARTESIAN_POINT('Ctrl Pts',(-11.5476458521107,10.1583766302711,53.6000224728814));
#2519=CARTESIAN_POINT('Ctrl Pts',(-11.3937856110658,5.68312763398495,54.0713475495965));
#2520=CARTESIAN_POINT('Ctrl Pts',(-11.3937856110658,10.1584761631422,53.600969464892));
#2521=CARTESIAN_POINT('Ctrl Pts',(-11.239986263515,5.68313118049185,54.0713812923557));
#2522=CARTESIAN_POINT('Ctrl Pts',(-11.239986263515,10.1584797096491,53.6010032076512));
#2523=CARTESIAN_POINT('Ctrl Pts',(-11.0862403072742,5.68305601943991,54.0706661827148));
#2524=CARTESIAN_POINT('Ctrl Pts',(-11.0862403072742,10.1584045485971,53.6002880980104));
#2525=CARTESIAN_POINT('Ctrl Pts',(-10.9325337529133,5.6829247278122,54.069417026319));
#2526=CARTESIAN_POINT('Ctrl Pts',(-10.9325337529133,10.1582732569694,53.5990389416146));
#2527=CARTESIAN_POINT('Ctrl Pts',(-10.7788483974294,5.68276286028641,54.0678769596852));
#2528=CARTESIAN_POINT('Ctrl Pts',(-10.7788483974294,10.1581113894436,53.5974988749808));
#2529=CARTESIAN_POINT('Ctrl Pts',(-10.6251642750787,5.68259651508071,54.0662942907731));
#2530=CARTESIAN_POINT('Ctrl Pts',(-10.6251642750787,10.1579450442379,53.5959162060686));
#2531=CARTESIAN_POINT('Ctrl Pts',(-10.4714620462086,5.68244993621589,54.0648996860319));
#2532=CARTESIAN_POINT('Ctrl Pts',(-10.4714620462086,10.1577984653731,53.5945216013275));
#2533=CARTESIAN_POINT('Ctrl Pts',(-10.3177253973937,5.68234311490508,54.0638833491494));
#2534=CARTESIAN_POINT('Ctrl Pts',(-10.3177253973937,10.1576916440623,53.5935052644449));
#2535=CARTESIAN_POINT('Ctrl Pts',(-10.1639434803285,5.68228934323903,54.0633717459212));
#2536=CARTESIAN_POINT('Ctrl Pts',(-10.1639434803285,10.1576378723963,53.5929936612168));
#2537=CARTESIAN_POINT('Ctrl Pts',(-10.0101098360235,5.68229653811268,54.0634402005713));
#2538=CARTESIAN_POINT('Ctrl Pts',(-10.0101098360235,10.1576450672699,53.5930621158669));
#2539=CARTESIAN_POINT('Ctrl Pts',(-9.88699898348905,5.68235420021158,54.0639888187955));
#2540=CARTESIAN_POINT('Ctrl Pts',(-9.88699898348905,10.1577027293688,53.5936107340911));
#2541=CARTESIAN_POINT('Ctrl Pts',(-9.79464066555186,5.68242721354114,54.0646834942229));
#2542=CARTESIAN_POINT('Ctrl Pts',(-9.79464066555186,10.1577757426984,53.5943054095185));
#2543=CARTESIAN_POINT('Ctrl Pts',(-9.7330572663174,5.68248911499066,54.0652724471738));
#2544=CARTESIAN_POINT('Ctrl Pts',(-9.7330572663174,10.1578376441479,53.5948943624694));
#2545=CARTESIAN_POINT('Ctrl Pts',(-9.70226276988422,5.68252337218628,54.0655983826182));
#2546=CARTESIAN_POINT('Ctrl Pts',(-9.70226276988422,10.1578719013435,53.5952202979137));
#2547=CARTESIAN_POINT('Ctrl Pts',(-17.2016800000004,7.04236063480967,47.8700412306382));
#2548=CARTESIAN_POINT('Ctrl Pts',(-17.201806176167,7.05479624243884,47.9883581338319));
#2549=CARTESIAN_POINT('Ctrl Pts',(-17.2013552360323,7.0672741671678,48.1070776573356));
#2550=CARTESIAN_POINT('Ctrl Pts',(-17.2003105216882,7.07979359530411,48.2261920593829));
#2551=CARTESIAN_POINT('Ctrl Pts',(-17.1995397796215,7.08902985205693,48.314069172322));
#2552=CARTESIAN_POINT('Ctrl Pts',(-17.1984462863136,7.09828873159627,48.402161526697));
#2553=CARTESIAN_POINT('Ctrl Pts',(-17.1969896403086,7.10756801669643,48.4904480270146));
#2554=CARTESIAN_POINT('Ctrl Pts',(-17.195633481115,7.11620716976165,48.5726440778529));
#2555=CARTESIAN_POINT('Ctrl Pts',(-17.1939631414382,7.12486404537222,48.6550087474468));
#2556=CARTESIAN_POINT('Ctrl Pts',(-17.1919050031603,7.13353448713633,48.7375024903696));
#2557=CARTESIAN_POINT('Ctrl Pts',(-17.1897428766106,7.1426430064895,48.8241642631339));
#2558=CARTESIAN_POINT('Ctrl Pts',(-17.1871527087778,7.15176644342334,48.9109679671977));
#2559=CARTESIAN_POINT('Ctrl Pts',(-17.1839959422131,7.16089724606916,48.9978417513296));
#2560=CARTESIAN_POINT('Ctrl Pts',(-17.1806032883579,7.17071034189462,49.0912071214372));
#2561=CARTESIAN_POINT('Ctrl Pts',(-17.1765559930901,7.18053184450051,49.1846524767177));
#2562=CARTESIAN_POINT('Ctrl Pts',(-17.1716243731072,7.19035055911765,49.2780713060572));
#2563=CARTESIAN_POINT('Ctrl Pts',(-17.1663287852207,7.20089392344159,49.3783847168088));
#2564=CARTESIAN_POINT('Ctrl Pts',(-17.1600130212293,7.21143392789939,49.4786661605695));
#2565=CARTESIAN_POINT('Ctrl Pts',(-17.1523343220258,7.2219567943448,49.5787845470343));
#2566=CARTESIAN_POINT('Ctrl Pts',(-17.1439960861566,7.23338348786618,49.6875022737033));
#2567=CARTESIAN_POINT('Ctrl Pts',(-17.1340505391361,7.2447901147179,49.7960290787639));
#2568=CARTESIAN_POINT('Ctrl Pts',(-17.1219979377991,7.25615931963668,49.9041998379159));
#2569=CARTESIAN_POINT('Ctrl Pts',(-17.1095114440803,7.26793781473794,50.0162647330316));
#2570=CARTESIAN_POINT('Ctrl Pts',(-17.0947625169025,7.27967635813014,50.1279495130267));
#2571=CARTESIAN_POINT('Ctrl Pts',(-17.0771422413802,7.29135309400194,50.2390462337467));
#2572=CARTESIAN_POINT('Ctrl Pts',(-17.0613232185271,7.3018361622929,50.3387859660654));
#2573=CARTESIAN_POINT('Ctrl Pts',(-17.0431865131607,7.31226942473784,50.4380518274131));
#2574=CARTESIAN_POINT('Ctrl Pts',(-17.02227882392,7.32263355678304,50.5366599569428));
#2575=CARTESIAN_POINT('Ctrl Pts',(-17.0031962049968,7.33209298484378,50.6266604030411));
#2576=CARTESIAN_POINT('Ctrl Pts',(-16.9818031952912,7.34149480974128,50.7161127916508));
#2577=CARTESIAN_POINT('Ctrl Pts',(-16.9577815440437,7.35082137420688,50.8048491250823));
#2578=CARTESIAN_POINT('Ctrl Pts',(-16.9362511780526,7.35918068074725,50.8843826140919));
#2579=CARTESIAN_POINT('Ctrl Pts',(-16.9126083924829,7.36747949850451,50.9633405907737));
#2580=CARTESIAN_POINT('Ctrl Pts',(-16.8866633757953,7.37570291473995,51.0415811698964));
#2581=CARTESIAN_POINT('Ctrl Pts',(-16.8625197783795,7.38335536119477,51.114389334434));
#2582=CARTESIAN_POINT('Ctrl Pts',(-16.8363820232934,7.3909424447537,51.1865756125583));
#2583=CARTESIAN_POINT('Ctrl Pts',(-16.8081417339278,7.39845085234668,51.2580133388688));
#2584=CARTESIAN_POINT('Ctrl Pts',(-16.7815210733938,7.4055286399393,51.3253539895545));
#2585=CARTESIAN_POINT('Ctrl Pts',(-16.7530318105863,7.41253647263243,51.3920290638312));
#2586=CARTESIAN_POINT('Ctrl Pts',(-16.7226300872879,7.41946278315818,51.4579285064963));
#2587=CARTESIAN_POINT('Ctrl Pts',(-16.6935892212397,7.42607905468371,51.5208781251183));
#2588=CARTESIAN_POINT('Ctrl Pts',(-16.6628030250462,7.43262090850563,51.5831197065863));
#2589=CARTESIAN_POINT('Ctrl Pts',(-16.6302815100672,7.43907839356545,51.6445585729031));
#2590=CARTESIAN_POINT('Ctrl Pts',(-16.5954667219197,7.44599123186555,51.7103298359034));
#2591=CARTESIAN_POINT('Ctrl Pts',(-16.558663509815,7.45280739533944,51.7751812993736));
#2592=CARTESIAN_POINT('Ctrl Pts',(-16.5199468215642,7.45951513601493,51.8390011888245));
#2593=CARTESIAN_POINT('Ctrl Pts',(-16.4679146759011,7.46852980528716,51.9247700377148));
#2594=CARTESIAN_POINT('Ctrl Pts',(-16.4124285424651,7.47734883759489,52.0086775252241));
#2595=CARTESIAN_POINT('Ctrl Pts',(-16.3537684247997,7.4859429721589,52.0904452536348));
#2596=CARTESIAN_POINT('Ctrl Pts',(-16.3046219062717,7.49314329514481,52.1589517507108));
#2597=CARTESIAN_POINT('Ctrl Pts',(-16.2532523392914,7.50018581307309,52.2259568329559));
#2598=CARTESIAN_POINT('Ctrl Pts',(-16.1998192324063,7.50705118554197,52.2912764887387));
#2599=CARTESIAN_POINT('Ctrl Pts',(-16.1432581556575,7.51431845637383,52.3604199520206));
#2600=CARTESIAN_POINT('Ctrl Pts',(-16.084385487788,7.52138717361125,52.4276743040413));
#2601=CARTESIAN_POINT('Ctrl Pts',(-16.0233322919505,7.52823116359343,52.4927905190528));
#2602=CARTESIAN_POINT('Ctrl Pts',(-15.9501154807619,7.53643868025867,52.57087982387));
#2603=CARTESIAN_POINT('Ctrl Pts',(-15.873758223437,7.54432254941543,52.6458898283368));
#2604=CARTESIAN_POINT('Ctrl Pts',(-15.7944393459273,7.55183738949549,52.7173887556737));
#2605=CARTESIAN_POINT('Ctrl Pts',(-15.7350040673586,7.55746841489045,52.7709643835324));
#2606=CARTESIAN_POINT('Ctrl Pts',(-15.673904044595,7.56289216764124,52.822567943913));
#2607=CARTESIAN_POINT('Ctrl Pts',(-15.6112320056676,7.56809235790768,52.8720444493392));
#2608=CARTESIAN_POINT('Ctrl Pts',(-15.5517148468492,7.57303077311278,52.9190303314268));
#2609=CARTESIAN_POINT('Ctrl Pts',(-15.4907803709059,7.57776749574999,52.9640972369158));
#2610=CARTESIAN_POINT('Ctrl Pts',(-15.4285348992581,7.58229243533103,53.0071491612231));
#2611=CARTESIAN_POINT('Ctrl Pts',(-15.3690530736419,7.58661647144093,53.0482896166859));
#2612=CARTESIAN_POINT('Ctrl Pts',(-15.3083746620291,7.59074706577792,53.0875895966206));
#2613=CARTESIAN_POINT('Ctrl Pts',(-15.2466092673276,7.59467985268469,53.1250075645724));
#2614=CARTESIAN_POINT('Ctrl Pts',(-15.1871924515737,7.59846309856482,53.1610027446958));
#2615=CARTESIAN_POINT('Ctrl Pts',(-15.1267701654444,7.60206325862582,53.1952559796098));
#2616=CARTESIAN_POINT('Ctrl Pts',(-15.0654488729353,7.60548123958658,53.227775896168));
#2617=CARTESIAN_POINT('Ctrl Pts',(-15.0016110448331,7.60903948945544,53.2616303822395));
#2618=CARTESIAN_POINT('Ctrl Pts',(-14.9367992501026,7.61240024524023,53.2936058376177));
#2619=CARTESIAN_POINT('Ctrl Pts',(-14.871137706514,7.61557083328352,53.3237719677957));
#2620=CARTESIAN_POINT('Ctrl Pts',(-14.7948680353925,7.61925365421807,53.3588116683867));
#2621=CARTESIAN_POINT('Ctrl Pts',(-14.7174524564996,7.62268000315929,53.3914112009608));
#2622=CARTESIAN_POINT('Ctrl Pts',(-14.639083671404,7.6258694529386,53.4217567885695));
#2623=CARTESIAN_POINT('Ctrl Pts',(-14.5424619495856,7.6298017600294,53.4591701913774));
#2624=CARTESIAN_POINT('Ctrl Pts',(-14.4443935288168,7.63337453125458,53.4931628389253));
#2625=CARTESIAN_POINT('Ctrl Pts',(-14.3452134643723,7.63663088196823,53.5241449464057));
#2626=CARTESIAN_POINT('Ctrl Pts',(-14.2581917080199,7.63948804242671,53.5513290123119));
#2627=CARTESIAN_POINT('Ctrl Pts',(-14.1703139246048,7.64210192416595,53.5761984358193));
#2628=CARTESIAN_POINT('Ctrl Pts',(-14.0817742675548,7.64449819003581,53.5989973826344));
#2629=CARTESIAN_POINT('Ctrl Pts',(-13.9664260278245,7.64762001204443,53.6286995349856));
#2630=CARTESIAN_POINT('Ctrl Pts',(-13.8499542189344,7.65037232074591,53.6548860030619));
#2631=CARTESIAN_POINT('Ctrl Pts',(-13.7327319772784,7.65280411621763,53.678022991458));
#2632=CARTESIAN_POINT('Ctrl Pts',(-13.6026976764427,7.65550170005047,53.7036887871894));
#2633=CARTESIAN_POINT('Ctrl Pts',(-13.4717364744684,7.65780402849082,53.7255939790643));
#2634=CARTESIAN_POINT('Ctrl Pts',(-13.3403337309762,7.65977887741225,53.7443834114448));
#2635=CARTESIAN_POINT('Ctrl Pts',(-13.2443736437894,7.6612210594371,53.7581048568386));
#2636=CARTESIAN_POINT('Ctrl Pts',(-13.148180332023,7.66248892927813,53.7701678325867));
#2637=CARTESIAN_POINT('Ctrl Pts',(-13.0519218705556,7.66360954498369,53.7808297788225));
#2638=CARTESIAN_POINT('Ctrl Pts',(-12.9678077025943,7.66458878001655,53.7901465778114));
#2639=CARTESIAN_POINT('Ctrl Pts',(-12.883644425982,7.66545565961578,53.7983943862565));
#2640=CARTESIAN_POINT('Ctrl Pts',(-12.7995102266782,7.66622664129685,53.8057297869577));
#2641=CARTESIAN_POINT('Ctrl Pts',(-12.7131794034925,7.66701775220941,53.8132567045034));
#2642=CARTESIAN_POINT('Ctrl Pts',(-12.6268796027993,7.66770795721194,53.8198235664457));
#2643=CARTESIAN_POINT('Ctrl Pts',(-12.5406447523504,7.66831190257442,53.8255697227348));
#2644=CARTESIAN_POINT('Ctrl Pts',(-12.4434520821566,7.66899259097505,53.8320460402581));
#2645=CARTESIAN_POINT('Ctrl Pts',(-12.3463405584689,7.66956372850239,53.8374800508468));
#2646=CARTESIAN_POINT('Ctrl Pts',(-12.249304405513,7.67004171044438,53.8420277452454));
#2647=CARTESIAN_POINT('Ctrl Pts',(-12.1359297282548,7.67060017290149,53.8473411605963));
#2648=CARTESIAN_POINT('Ctrl Pts',(-12.0226536876741,7.67103149195165,53.8514448872356));
#2649=CARTESIAN_POINT('Ctrl Pts',(-11.9094417526911,7.67135538989576,53.8545265703218));
#2650=CARTESIAN_POINT('Ctrl Pts',(-11.8040159348649,7.67165701185511,53.8573963115704));
#2651=CARTESIAN_POINT('Ctrl Pts',(-11.6986460404567,7.67186496217301,53.8593748266834));
#2652=CARTESIAN_POINT('Ctrl Pts',(-11.5933219380642,7.67199366656886,53.8605993672123));
#2653=CARTESIAN_POINT('Ctrl Pts',(-11.5071113719227,7.67209901452416,53.8616016860535));
#2654=CARTESIAN_POINT('Ctrl Pts',(-11.4209321826319,7.67215110862725,53.8620973283362));
#2655=CARTESIAN_POINT('Ctrl Pts',(-11.3347804688784,7.67216085649993,53.8621900731496));
#2656=CARTESIAN_POINT('Ctrl Pts',(-11.250488961854,7.6721703938944,53.8622808153965));
#2657=CARTESIAN_POINT('Ctrl Pts',(-11.166224090542,7.67213928201665,53.8619848056528));
#2658=CARTESIAN_POINT('Ctrl Pts',(-11.0819770103055,7.67208296732914,53.8614490071917));
#2659=CARTESIAN_POINT('Ctrl Pts',(-10.9670382063914,7.6720061368585,53.8607180140928));
#2660=CARTESIAN_POINT('Ctrl Pts',(-10.8521321650289,7.67188295914788,53.8595460564613));
#2661=CARTESIAN_POINT('Ctrl Pts',(-10.7372231148398,7.67176154380672,53.8583908666552));
#2662=CARTESIAN_POINT('Ctrl Pts',(-10.651041327198,7.67167048230086,53.8575244743007));
#2663=CARTESIAN_POINT('Ctrl Pts',(-10.5648573521712,7.67158080156513,53.8566712190964));
#2664=CARTESIAN_POINT('Ctrl Pts',(-10.4786574616599,7.67150952538408,53.855993071533));
#2665=CARTESIAN_POINT('Ctrl Pts',(-10.3970909362815,7.67144208039784,53.8553513753533));
#2666=CARTESIAN_POINT('Ctrl Pts',(-10.3155100993548,7.6713911502162,53.8548668070434));
#2667=CARTESIAN_POINT('Ctrl Pts',(-10.233908323672,7.67136485575812,53.8546166319862));
#2668=CARTESIAN_POINT('Ctrl Pts',(-10.1430657329899,7.67133558364153,53.8543381264006));
#2669=CARTESIAN_POINT('Ctrl Pts',(-10.0521972792321,7.67133673698845,53.8543490997636));
#2670=CARTESIAN_POINT('Ctrl Pts',(-9.96129961570585,7.67137241880798,53.8546885895989));
#2671=CARTESIAN_POINT('Ctrl Pts',(-9.87498025351579,7.67140630341825,53.8550109801305));
#2672=CARTESIAN_POINT('Ctrl Pts',(-9.78863475163679,7.67147107880982,53.8556272768135));
#2673=CARTESIAN_POINT('Ctrl Pts',(-9.70226276988422,7.67156716292282,53.8565414560829));
#2674=CARTESIAN_POINT('Ctrl Pts',(-9.70226276988422,9.16335000597524,53.6997487611814));
#2675=CARTESIAN_POINT('Ctrl Pts',(-9.8125472169582,9.1632273205504,53.6985814873363));
#2676=CARTESIAN_POINT('Ctrl Pts',(-9.9227883518624,9.1631558518288,53.6979015078719));
#2677=CARTESIAN_POINT('Ctrl Pts',(-10.0329873531616,9.16313415296691,53.6976950569916));
#2678=CARTESIAN_POINT('Ctrl Pts',(-10.1175966724399,9.16311749287098,53.6975365467671));
#2679=CARTESIAN_POINT('Ctrl Pts',(-10.2021810798641,9.16313026273228,53.6976580438815));
#2680=CARTESIAN_POINT('Ctrl Pts',(-10.2867441803493,9.16316804359629,53.6980175047912));
#2681=CARTESIAN_POINT('Ctrl Pts',(-10.3651426762936,9.16320307025564,53.6983507611938));
#2682=CARTESIAN_POINT('Ctrl Pts',(-10.4435227948505,9.16325967247501,53.6988892953379));
#2683=CARTESIAN_POINT('Ctrl Pts',(-10.5218913086264,9.16332955099068,53.6995541450034));
#2684=CARTESIAN_POINT('Ctrl Pts',(-10.6106402386847,9.16340868536749,53.7003070583053));
#2685=CARTESIAN_POINT('Ctrl Pts',(-10.6993744081597,9.16350476464329,53.7012211915517));
#2686=CARTESIAN_POINT('Ctrl Pts',(-10.7881095708903,9.16359811194345,53.7021093317862));
#2687=CARTESIAN_POINT('Ctrl Pts',(-10.8968743693897,9.16371252994844,53.7031979463858));
#2688=CARTESIAN_POINT('Ctrl Pts',(-11.0056415019973,9.16382211631675,53.7042405910332));
#2689=CARTESIAN_POINT('Ctrl Pts',(-11.1144406004782,9.16388624680214,53.7048507518438));
#2690=CARTESIAN_POINT('Ctrl Pts',(-11.1979054612657,9.16393544428732,53.705318834648));
#2691=CARTESIAN_POINT('Ctrl Pts',(-11.2813892645088,9.16395766138084,53.7055302161729));
#2692=CARTESIAN_POINT('Ctrl Pts',(-11.3648997805715,9.16393856152486,53.7053484931821));
#2693=CARTESIAN_POINT('Ctrl Pts',(-11.4603996269045,9.16391671956535,53.7051406808189));
#2694=CARTESIAN_POINT('Ctrl Pts',(-11.5559339492612,9.16384093183676,53.7044196087479));
#2695=CARTESIAN_POINT('Ctrl Pts',(-11.6515076846792,9.16369727929723,53.7030528461321));
#2696=CARTESIAN_POINT('Ctrl Pts',(-11.7790690930897,9.16350554753973,53.7012286403137));
#2697=CARTESIAN_POINT('Ctrl Pts',(-11.906697912893,9.16319352745958,53.6982599675541));
#2698=CARTESIAN_POINT('Ctrl Pts',(-12.034420011892,9.16273607545184,53.6939076024322));
#2699=CARTESIAN_POINT('Ctrl Pts',(-12.1336462009907,9.16238068496125,53.6905262877811));
#2700=CARTESIAN_POINT('Ctrl Pts',(-12.2329310407531,9.16193773435943,53.6863118943202));
#2701=CARTESIAN_POINT('Ctrl Pts',(-12.3322981929006,9.16139270176302,53.6811262555585));
#2702=CARTESIAN_POINT('Ctrl Pts',(-12.4254040059174,9.1608820128491,53.6762673751088));
#2703=CARTESIAN_POINT('Ctrl Pts',(-12.5185843288337,9.1602817275888,53.6705560423658));
#2704=CARTESIAN_POINT('Ctrl Pts',(-12.6118342042455,9.15957634000776,53.6638447278383));
#2705=CARTESIAN_POINT('Ctrl Pts',(-12.6944403768311,9.15895146659102,53.6578994544137));
#2706=CARTESIAN_POINT('Ctrl Pts',(-12.7771017899595,9.15824409118792,53.6511692270226));
#2707=CARTESIAN_POINT('Ctrl Pts',(-12.8597774044701,9.15744060166852,53.6435245348999));
#2708=CARTESIAN_POINT('Ctrl Pts',(-12.9498000155063,9.15656570978044,53.6352004946187));
#2709=CARTESIAN_POINT('Ctrl Pts',(-13.0398391594945,9.15557680328536,53.6257916778133));
#2710=CARTESIAN_POINT('Ctrl Pts',(-13.1297861331563,9.15445302834706,53.6150996734859));
#2711=CARTESIAN_POINT('Ctrl Pts',(-13.2474942610805,9.15298241250742,53.6011076984154));
#2712=CARTESIAN_POINT('Ctrl Pts',(-13.3650435252226,9.15128057895005,53.5849158337101));
#2713=CARTESIAN_POINT('Ctrl Pts',(-13.482104903473,9.14929762531877,53.5660492901663));
#2714=CARTESIAN_POINT('Ctrl Pts',(-13.6437421339439,9.14655958192733,53.5399985474486));
#2715=CARTESIAN_POINT('Ctrl Pts',(-13.8044442104477,9.14328505005657,53.5088434578132));
#2716=CARTESIAN_POINT('Ctrl Pts',(-13.9632893741313,9.13935026258394,53.4714064557487));
#2717=CARTESIAN_POINT('Ctrl Pts',(-14.0538202790517,9.13710770220434,53.4500699189867));
#2718=CARTESIAN_POINT('Ctrl Pts',(-14.1437480176076,9.13465091179465,53.4266951196412));
#2719=CARTESIAN_POINT('Ctrl Pts',(-14.2328813424933,9.13195481764488,53.4010434972974));
#2720=CARTESIAN_POINT('Ctrl Pts',(-14.3250404586635,9.12916719972225,53.3745210844224));
#2721=CARTESIAN_POINT('Ctrl Pts',(-14.4163511584656,9.12612382641449,53.3455653216021));
#2722=CARTESIAN_POINT('Ctrl Pts',(-14.5065662959956,9.12279184205546,53.3138636080546));
#2723=CARTESIAN_POINT('Ctrl Pts',(-14.5874939529275,9.11980287928832,53.2854255269479));
#2724=CARTESIAN_POINT('Ctrl Pts',(-14.6675387586582,9.11658120589126,53.2547733520958));
#2725=CARTESIAN_POINT('Ctrl Pts',(-14.7465020608569,9.11310335557582,53.2216838166775));
#2726=CARTESIAN_POINT('Ctrl Pts',(-14.8127237877377,9.11018669369228,53.1939336325277));
#2727=CARTESIAN_POINT('Ctrl Pts',(-14.8781843288139,9.10708974593144,53.1644681428354));
#2728=CARTESIAN_POINT('Ctrl Pts',(-14.9427620385941,9.10380200936806,53.1331874189419));
#2729=CARTESIAN_POINT('Ctrl Pts',(-15.00546150655,9.1006098965786,53.102816494484));
#2730=CARTESIAN_POINT('Ctrl Pts',(-15.0673284694555,9.09723782541554,53.0707333804731));
#2731=CARTESIAN_POINT('Ctrl Pts',(-15.1282522886681,9.09368123170991,53.0368946517421));
#2732=CARTESIAN_POINT('Ctrl Pts',(-15.1915896669019,9.08998373992971,53.0017153673787));
#2733=CARTESIAN_POINT('Ctrl Pts',(-15.2539072588847,9.08608684466153,52.9646388855574));
#2734=CARTESIAN_POINT('Ctrl Pts',(-15.3150869930036,9.08199159178701,52.925675157177));
#2735=CARTESIAN_POINT('Ctrl Pts',(-15.3789834987775,9.07771448348129,52.8849811899462));
#2736=CARTESIAN_POINT('Ctrl Pts',(-15.4416382491553,9.07322105825779,52.842229104722));
#2737=CARTESIAN_POINT('Ctrl Pts',(-15.5029315332612,9.06851849144857,52.7974871702288));
#2738=CARTESIAN_POINT('Ctrl Pts',(-15.5671866815983,9.06358868335787,52.7505831793645));
#2739=CARTESIAN_POINT('Ctrl Pts',(-15.6299447705567,9.05842910382293,52.7014930592385));
#2740=CARTESIAN_POINT('Ctrl Pts',(-15.6910951011798,9.05305352096631,52.6503478047867));
#2741=CARTESIAN_POINT('Ctrl Pts',(-15.7652584780274,9.04653399158505,52.5883186261834));
#2742=CARTESIAN_POINT('Ctrl Pts',(-15.8370575485272,9.03969680353556,52.5232671272386));
#2743=CARTESIAN_POINT('Ctrl Pts',(-15.9063501717444,9.0325736970439,52.4554952960306));
#2744=CARTESIAN_POINT('Ctrl Pts',(-15.982439464889,9.024751910066,52.3810759640397));
#2745=CARTESIAN_POINT('Ctrl Pts',(-16.0555129489627,9.01658582379951,52.3033808431356));
#2746=CARTESIAN_POINT('Ctrl Pts',(-16.1253813549541,9.0081209708815,52.2228431474222));
#2747=CARTESIAN_POINT('Ctrl Pts',(-16.1793670080446,9.00158038065892,52.1606135882989));
#2748=CARTESIAN_POINT('Ctrl Pts',(-16.2314399692076,8.99486156634051,52.0966883401733));
#2749=CARTESIAN_POINT('Ctrl Pts',(-16.2814722014079,8.98798381225711,52.0312508811973));
#2750=CARTESIAN_POINT('Ctrl Pts',(-16.3399087100902,8.97995075199706,51.9548214182004));
#2751=CARTESIAN_POINT('Ctrl Pts',(-16.3955571992542,8.97170084633071,51.8763288089779));
#2752=CARTESIAN_POINT('Ctrl Pts',(-16.4481644036017,8.96326075472993,51.796026701461));
#2753=CARTESIAN_POINT('Ctrl Pts',(-16.4926410401483,8.95612509923931,51.7281354745035));
#2754=CARTESIAN_POINT('Ctrl Pts',(-16.5349404352766,8.9488533640992,51.6589495361659));
#2755=CARTESIAN_POINT('Ctrl Pts',(-16.5749349374217,8.94146058290023,51.5886119215085));
#2756=CARTESIAN_POINT('Ctrl Pts',(-16.6094587260073,8.93507903540033,51.5278955528127));
#2757=CARTESIAN_POINT('Ctrl Pts',(-16.6422642828945,8.92860724773174,51.4663206062633));
#2758=CARTESIAN_POINT('Ctrl Pts',(-16.6733125319827,8.92205503401184,51.4039804569502));
#2759=CARTESIAN_POINT('Ctrl Pts',(-16.7050532091089,8.91535669493466,51.3402500177319));
#2760=CARTESIAN_POINT('Ctrl Pts',(-16.7349574639908,8.90857432376981,51.2757200666058));
#2761=CARTESIAN_POINT('Ctrl Pts',(-16.7630393495879,8.90171877863246,51.2104939116367));
#2762=CARTESIAN_POINT('Ctrl Pts',(-16.7934768997657,8.89428815228108,51.1397962244065));
#2763=CARTESIAN_POINT('Ctrl Pts',(-16.8217735907832,8.88677160673606,51.0682810706544));
#2764=CARTESIAN_POINT('Ctrl Pts',(-16.8480101722599,8.87918283951607,50.9960787735652));
#2765=CARTESIAN_POINT('Ctrl Pts',(-16.8759795140137,8.87109288221525,50.919107971386));
#2766=CARTESIAN_POINT('Ctrl Pts',(-16.9016082201461,8.86292092242973,50.8413569676814));
#2767=CARTESIAN_POINT('Ctrl Pts',(-16.9250575173089,8.85468245441462,50.7629731804412));
#2768=CARTESIAN_POINT('Ctrl Pts',(-16.9506637328208,8.84568619384366,50.6773794786439));
#2769=CARTESIAN_POINT('Ctrl Pts',(-16.973672037669,8.83661069864296,50.5910319097019));
#2770=CARTESIAN_POINT('Ctrl Pts',(-16.9943541831072,8.82747346511783,50.5040969398405));
#2771=CARTESIAN_POINT('Ctrl Pts',(-17.0181226085403,8.8169727337331,50.4041891544102));
#2772=CARTESIAN_POINT('Ctrl Pts',(-17.0388206596338,8.80639051834181,50.3035061004444));
#2773=CARTESIAN_POINT('Ctrl Pts',(-17.0569185041493,8.7957489851266,50.2022586750832));
#2774=CARTESIAN_POINT('Ctrl Pts',(-17.0763090627893,8.78434733596051,50.0937792295378));
#2775=CARTESIAN_POINT('Ctrl Pts',(-17.0927192471045,8.77287758350928,49.9846518245171));
#2776=CARTESIAN_POINT('Ctrl Pts',(-17.1067360060222,8.76136193575483,49.8750877548548));
#2777=CARTESIAN_POINT('Ctrl Pts',(-17.1203266038258,8.75019640612018,49.7688548365864));
#2778=CARTESIAN_POINT('Ctrl Pts',(-17.1316683235604,8.73898755351745,49.6622097278102));
#2779=CARTESIAN_POINT('Ctrl Pts',(-17.1412586178388,8.72775251097368,49.5553154383902));
#2780=CARTESIAN_POINT('Ctrl Pts',(-17.1503125033656,8.71714587199822,49.4544000095433));
#2781=CARTESIAN_POINT('Ctrl Pts',(-17.1578058091346,8.70651575265241,49.3532611798954));
#2782=CARTESIAN_POINT('Ctrl Pts',(-17.1641134831326,8.6958760127257,49.2520308165345));
#2783=CARTESIAN_POINT('Ctrl Pts',(-17.1700236320168,8.68590681535185,49.1571802394036));
#2784=CARTESIAN_POINT('Ctrl Pts',(-17.1748932378773,8.67592919497203,49.0622495227241));
#2785=CARTESIAN_POINT('Ctrl Pts',(-17.1789868797195,8.66595509920202,48.9673523404669));
#2786=CARTESIAN_POINT('Ctrl Pts',(-17.182799339923,8.65666609819634,48.8789733994833));
#2787=CARTESIAN_POINT('Ctrl Pts',(-17.1859390443303,8.64738025902142,48.7906245413097));
#2788=CARTESIAN_POINT('Ctrl Pts',(-17.1885754916753,8.63810642809044,48.7023899339456));
#2789=CARTESIAN_POINT('Ctrl Pts',(-17.1910702969825,8.62933082987177,48.6188956941894));
#2790=CARTESIAN_POINT('Ctrl Pts',(-17.19311465529,8.62056605103034,48.5355043939313));
#2791=CARTESIAN_POINT('Ctrl Pts',(-17.1948078996791,8.61181766831342,48.4522690923776));
#2792=CARTESIAN_POINT('Ctrl Pts',(-17.1965877928273,8.60262160272696,48.364774372843));
#2793=CARTESIAN_POINT('Ctrl Pts',(-17.1979796183514,8.59344366723969,48.2774521496797));
#2794=CARTESIAN_POINT('Ctrl Pts',(-17.1990431740941,8.58428719990211,48.1903341823168));
#2795=CARTESIAN_POINT('Ctrl Pts',(-17.2002640688388,8.57377615435552,48.0903282641916));
#2796=CARTESIAN_POINT('Ctrl Pts',(-17.201051422358,8.56329333726747,47.990590921909));
#2797=CARTESIAN_POINT('Ctrl Pts',(-17.2014330776414,8.55284021722777,47.8911361281675));
#2798=CARTESIAN_POINT('Ctrl Pts',(-17.201661008729,8.54659743447761,47.8317400178739));
#2799=CARTESIAN_POINT('Ctrl Pts',(-17.2017431276433,8.54036518056692,47.7724440827965));
#2800=CARTESIAN_POINT('Ctrl Pts',(-17.2016800000004,8.53414347786208,47.7132485357368));
#2801=CARTESIAN_POINT('Origin',(-22.2016855869409,5.05368215580993,48.082573866177));
#2802=CARTESIAN_POINT('',(-19.202809107602,7.0424907769709,47.8712794505911));
#2803=CARTESIAN_POINT('',(-19.2078065105174,6.82013213375384,45.7556782794775));
#2804=CARTESIAN_POINT('',(-19.2028203726142,7.04198954205569,47.8665105189306));
#2805=CARTESIAN_POINT('',(-22.2016855869409,5.05368215580993,48.082573866177));
#2806=CARTESIAN_POINT('',(-22.2016855869409,5.05368215580993,48.082573866177));
#2807=CARTESIAN_POINT('',(-22.20668,4.83145654577066,45.9682384212014));
#2808=CARTESIAN_POINT('',(-22.2240485428992,4.05864600816028,38.6154373123125));
#2809=CARTESIAN_POINT('',(-22.20668,4.83145654577066,45.9682384212014));
#2810=CARTESIAN_POINT('Origin',(-22.20668,4.83145654577066,45.9682384212014));
#2811=CARTESIAN_POINT('',(-19.2078065105172,5.521424399321,33.3992995745658));
#2812=CARTESIAN_POINT('',(-19.2078065105174,6.82050033650722,45.7591814946662));
#2813=CARTESIAN_POINT('',(-22.2066799999998,3.53201240583107,33.6048532859124));
#2814=CARTESIAN_POINT('',(-22.2066799999999,3.94451714947697,37.5295737560551));
#2815=CARTESIAN_POINT('',(-22.2066799999998,3.53201240583107,33.6048532859124));
#2816=CARTESIAN_POINT('Origin',(-22.2066799999998,3.53201240583107,33.6048532859124));
#2817=CARTESIAN_POINT('',(-19.2030585069449,5.31016273996263,31.3892791522265));
#2818=CARTESIAN_POINT('',(-19.2078147856731,5.52179260105834,33.4028027800875));
#2819=CARTESIAN_POINT('',(-22.2022189934121,3.33352063138274,31.7163302026456));
#2820=CARTESIAN_POINT('',(-22.2012810104575,3.29178522987963,31.3192443821017));
#2821=CARTESIAN_POINT('Ctrl Pts',(-22.2022189934121,3.33352063138269,31.7163302026454));
#2822=CARTESIAN_POINT('Ctrl Pts',(-21.702334614873,3.6629769964222,31.6618190446639));
#2823=CARTESIAN_POINT('Ctrl Pts',(-21.2024502363339,3.9924333614618,31.6073078866835));
#2824=CARTESIAN_POINT('Ctrl Pts',(-20.2027300741782,4.65131406432175,31.4982908698768));
#2825=CARTESIAN_POINT('Ctrl Pts',(-19.7028942905616,4.98073840214218,31.4437850110516));
#2826=CARTESIAN_POINT('Ctrl Pts',(-19.2030585069449,5.31016273996261,31.3892791522265));
#2827=CARTESIAN_POINT('Ctrl Pts',(-9.68930117266282,2.15897965446277,20.5413192818108));
#2828=CARTESIAN_POINT('Ctrl Pts',(-9.69253138445096,2.92648291829291,21.4657768980256));
#2829=CARTESIAN_POINT('Ctrl Pts',(-9.69576159623909,3.69398618212304,22.3902345142404));
#2830=CARTESIAN_POINT('Ctrl Pts',(-9.69899180802723,4.46148944595318,23.3146921304553));
#2831=CARTESIAN_POINT('Ctrl Pts',(-9.69096329883214,2.15897909303366,20.5413139401696));
#2832=CARTESIAN_POINT('Ctrl Pts',(-9.6941560241163,2.92648234719144,21.4657714643581));
#2833=CARTESIAN_POINT('Ctrl Pts',(-9.69746120891243,3.69398563036629,22.3902292646256));
#2834=CARTESIAN_POINT('Ctrl Pts',(-9.70065393419659,4.46148888452407,23.3146867888141));
#2835=CARTESIAN_POINT('Ctrl Pts',(-9.69262542500146,2.15897853160455,20.5413085985284));
#2836=CARTESIAN_POINT('Ctrl Pts',(-9.69590087199309,2.92648180405565,21.4657662967663));
#2837=CARTESIAN_POINT('Ctrl Pts',(-9.69908714295799,3.69398503543642,22.390223604246));
#2838=CARTESIAN_POINT('Ctrl Pts',(-9.70236258994962,4.46148830788752,23.3146813024838));
#2839=CARTESIAN_POINT('Ctrl Pts',(-9.84499076273428,2.15892706599516,20.5408189359639));
#2840=CARTESIAN_POINT('Ctrl Pts',(-9.84489665058923,2.92643039152953,21.4652771392554));
#2841=CARTESIAN_POINT('Ctrl Pts',(-9.84850851840559,3.6939355890079,22.3897531529039));
#2842=CARTESIAN_POINT('Ctrl Pts',(-9.84841440626054,4.46143891454227,23.3142113561953));
#2843=CARTESIAN_POINT('Ctrl Pts',(-10.1477471437593,2.15892960011689,20.5408430465216));
#2844=CARTESIAN_POINT('Ctrl Pts',(-10.1469741342424,2.92643464224388,21.4653175821008));
#2845=CARTESIAN_POINT('Ctrl Pts',(-10.1445120510953,3.69394016756622,22.3897967149766));
#2846=CARTESIAN_POINT('Ctrl Pts',(-10.1437390415784,4.46144520969321,23.3142712505558));
#2847=CARTESIAN_POINT('Ctrl Pts',(-10.4449674597009,2.15908608180559,20.5423318703383));
#2848=CARTESIAN_POINT('Ctrl Pts',(-10.4376426272027,2.92658727266287,21.4667697635339));
#2849=CARTESIAN_POINT('Ctrl Pts',(-10.4310454666645,3.69409041355474,22.3912262100691));
#2850=CARTESIAN_POINT('Ctrl Pts',(-10.4237206341662,4.46159160441202,23.3156641032647));
#2851=CARTESIAN_POINT('Ctrl Pts',(-10.8829407865521,2.15939696657534,20.545289741341));
#2852=CARTESIAN_POINT('Ctrl Pts',(-10.8798601778747,2.92690043816098,21.4697493342173));
#2853=CARTESIAN_POINT('Ctrl Pts',(-10.8810689697138,3.69441080206039,22.3942745030789));
#2854=CARTESIAN_POINT('Ctrl Pts',(-10.8779883610364,4.46191427364602,23.3187340959552));
#2855=CARTESIAN_POINT('Ctrl Pts',(-11.2733473158429,2.15933503047615,20.5447004587203));
#2856=CARTESIAN_POINT('Ctrl Pts',(-11.2754845148023,2.9268396259474,21.4691707446541));
#2857=CARTESIAN_POINT('Ctrl Pts',(-11.2791018573771,3.69435793396193,22.3937714967221));
#2858=CARTESIAN_POINT('Ctrl Pts',(-11.2812390563364,4.46186252943317,23.3182417826558));
#2859=CARTESIAN_POINT('Ctrl Pts',(-11.8441110162025,2.15960004798868,20.5472219319213));
#2860=CARTESIAN_POINT('Ctrl Pts',(-11.834602107376,2.9271015894399,21.4716631607954));
#2861=CARTESIAN_POINT('Ctrl Pts',(-11.8265865395278,3.6946091497361,22.3961616551543));
#2862=CARTESIAN_POINT('Ctrl Pts',(-11.8170776307013,4.46211069118732,23.3206028840284));
#2863=CARTESIAN_POINT('Ctrl Pts',(-12.1708712774567,2.1600309222919,20.5513214270762));
#2864=CARTESIAN_POINT('Ctrl Pts',(-12.158020319014,2.92752397910167,21.4756819299792));
#2865=CARTESIAN_POINT('Ctrl Pts',(-12.1482835487771,3.69504117187024,22.4002720711907));
#2866=CARTESIAN_POINT('Ctrl Pts',(-12.1354325903343,4.46253422868001,23.3246325740938));
#2867=CARTESIAN_POINT('Ctrl Pts',(-12.6539786591906,2.16093237228051,20.559898150805));
#2868=CARTESIAN_POINT('Ctrl Pts',(-12.6242236599897,2.92840672460972,21.4840806924631));
#2869=CARTESIAN_POINT('Ctrl Pts',(-12.5889128283767,3.69586911527559,22.4081494264967));
#2870=CARTESIAN_POINT('Ctrl Pts',(-12.5591578291758,4.4633434676048,23.3323319681548));
#2871=CARTESIAN_POINT('Ctrl Pts',(-13.1982948184701,2.16294403997344,20.5790378903963));
#2872=CARTESIAN_POINT('Ctrl Pts',(-13.128202311347,2.93027449730589,21.5018513626122));
#2873=CARTESIAN_POINT('Ctrl Pts',(-13.0600227214884,3.69764059109998,22.4250038931118));
#2874=CARTESIAN_POINT('Ctrl Pts',(-12.9899302143653,4.46497104843244,23.3478173653276));
#2875=CARTESIAN_POINT('Ctrl Pts',(-14.037285182496,2.17259247825974,20.6708366486663));
#2876=CARTESIAN_POINT('Ctrl Pts',(-13.9016489653749,2.93919479641577,21.5867223393842));
#2877=CARTESIAN_POINT('Ctrl Pts',(-13.7634562873273,3.7058060518863,22.5026930629695));
#2878=CARTESIAN_POINT('Ctrl Pts',(-13.6278200702062,4.47240837004233,23.4185787536874));
#2879=CARTESIAN_POINT('Ctrl Pts',(-14.483570979248,2.18051214717564,20.7461872650889));
#2880=CARTESIAN_POINT('Ctrl Pts',(-14.3012864583398,2.94628541013448,21.6541850225081));
#2881=CARTESIAN_POINT('Ctrl Pts',(-14.1192259661405,3.71211405280986,22.5627096827339));
#2882=CARTESIAN_POINT('Ctrl Pts',(-13.9369414452322,4.4778873157687,23.4707074401531));
#2883=CARTESIAN_POINT('Ctrl Pts',(-15.3313465359425,2.1989048820172,20.9211824476814));
#2884=CARTESIAN_POINT('Ctrl Pts',(-15.0760849112503,2.96311961478564,21.8143517808562));
#2885=CARTESIAN_POINT('Ctrl Pts',(-14.824035785684,3.72744805479976,22.7086029662075));
#2886=CARTESIAN_POINT('Ctrl Pts',(-14.5687741609918,4.4916627875682,23.6017722993823));
#2887=CARTESIAN_POINT('Ctrl Pts',(-16.2650407711537,2.22710581064653,21.1894963606084));
#2888=CARTESIAN_POINT('Ctrl Pts',(-15.9159747189327,2.9885457184648,22.0562649979106));
#2889=CARTESIAN_POINT('Ctrl Pts',(-15.5658854502525,3.74998177812167,22.9229970224028));
#2890=CARTESIAN_POINT('Ctrl Pts',(-15.2168193980315,4.51142168593994,23.789765659705));
#2891=CARTESIAN_POINT('Ctrl Pts',(-17.3540051651164,2.28191109405269,21.7109338009515));
#2892=CARTESIAN_POINT('Ctrl Pts',(-16.8838648552678,3.03731761764425,22.5202986218284));
#2893=CARTESIAN_POINT('Ctrl Pts',(-16.4178442669419,3.79298356364294,23.3321316820344));
#2894=CARTESIAN_POINT('Ctrl Pts',(-15.9477039570933,4.5483900872345,24.1414965029114));
#2895=CARTESIAN_POINT('Ctrl Pts',(-17.9754514981825,2.32061531600755,22.0791798745472));
#2896=CARTESIAN_POINT('Ctrl Pts',(-17.437411891103,3.07174642957116,22.847866886227));
#2897=CARTESIAN_POINT('Ctrl Pts',(-16.900050573795,3.8229546810679,23.6172878163158));
#2898=CARTESIAN_POINT('Ctrl Pts',(-16.3620109667155,4.57408579463151,24.3859748279956));
#2899=CARTESIAN_POINT('Ctrl Pts',(-18.2857816018838,2.34261782841755,22.2885197965244));
#2900=CARTESIAN_POINT('Ctrl Pts',(-17.7178328862626,3.09165135626972,23.0372496132716));
#2901=CARTESIAN_POINT('Ctrl Pts',(-17.1544744805291,3.84101996640461,23.7891675249788));
#2902=CARTESIAN_POINT('Ctrl Pts',(-16.5865257649079,4.59005349425678,24.537897341726));
#2903=CARTESIAN_POINT('Ctrl Pts',(-18.6602121528973,2.3709008695367,22.5576149576058));
#2904=CARTESIAN_POINT('Ctrl Pts',(-18.0462022389143,3.11645253813166,23.2732170964016));
#2905=CARTESIAN_POINT('Ctrl Pts',(-17.4266275940939,3.86158119183631,23.9847945173614));
#2906=CARTESIAN_POINT('Ctrl Pts',(-16.8126176801109,4.60713286043127,24.7003966561573));
#2907=CARTESIAN_POINT('Ctrl Pts',(-19.0925688167717,2.40747782233063,22.9056214171122));
#2908=CARTESIAN_POINT('Ctrl Pts',(-18.4231324854751,3.14831031533432,23.5763235994092));
#2909=CARTESIAN_POINT('Ctrl Pts',(-17.7538815260406,3.88916045897727,24.2471937163209));
#2910=CARTESIAN_POINT('Ctrl Pts',(-17.084445194744,4.62999295198096,24.9178958986179));
#2911=CARTESIAN_POINT('Ctrl Pts',(-19.7012990976255,2.47005471766533,23.5010008057402));
#2912=CARTESIAN_POINT('Ctrl Pts',(-18.9684269675301,3.2043249571366,24.1092673162887));
#2913=CARTESIAN_POINT('Ctrl Pts',(-18.2328294369,3.93836943816373,24.7153858787211));
#2914=CARTESIAN_POINT('Ctrl Pts',(-17.4999573068046,4.672639677635,25.3236523892696));
#2915=CARTESIAN_POINT('Ctrl Pts',(-20.1583103687339,2.52647299516812,24.0377848597812));
#2916=CARTESIAN_POINT('Ctrl Pts',(-19.3751069146561,3.25456336706617,24.5872538579593));
#2917=CARTESIAN_POINT('Ctrl Pts',(-18.5912299623922,3.98257362148734,25.1359605892632));
#2918=CARTESIAN_POINT('Ctrl Pts',(-17.8080265083145,4.71066399338539,25.6854295874413));
#2919=CARTESIAN_POINT('Ctrl Pts',(-20.483504987576,2.57287692176712,24.4792887295511));
#2920=CARTESIAN_POINT('Ctrl Pts',(-19.6634676411977,3.2957232722497,24.9788641967767));
#2921=CARTESIAN_POINT('Ctrl Pts',(-18.841629091338,4.0183865589822,25.4766979287655));
#2922=CARTESIAN_POINT('Ctrl Pts',(-18.0215917449597,4.74123290946477,25.9762733959911));
#2923=CARTESIAN_POINT('Ctrl Pts',(-20.6309214942684,2.59628645089262,24.7020155213528));
#2924=CARTESIAN_POINT('Ctrl Pts',(-19.7898595915806,3.31579727515101,25.1698555764348));
#2925=CARTESIAN_POINT('Ctrl Pts',(-18.948356760128,4.03531207631602,25.6377334692558));
#2926=CARTESIAN_POINT('Ctrl Pts',(-18.1072948574402,4.75482290057441,26.1055735243378));
#2927=CARTESIAN_POINT('Ctrl Pts',(-21.0295447622409,2.6634225093172,25.3407724492243));
#2928=CARTESIAN_POINT('Ctrl Pts',(-20.1453405083877,3.37567787960223,25.7395814709229));
#2929=CARTESIAN_POINT('Ctrl Pts',(-19.2600801883074,4.087808047395,26.1371992704795));
#2930=CARTESIAN_POINT('Ctrl Pts',(-18.3758759344542,4.80006341768003,26.5360082921781));
#2931=CARTESIAN_POINT('Ctrl Pts',(-21.5365302025535,2.77276697084466,26.3811155072472));
#2932=CARTESIAN_POINT('Ctrl Pts',(-20.5984283105129,3.47332387893081,26.6686210960317));
#2933=CARTESIAN_POINT('Ctrl Pts',(-19.660237988243,4.17384263043738,26.9557636492119));
#2934=CARTESIAN_POINT('Ctrl Pts',(-18.7221360962024,4.87439953852353,27.2432692379964));
#2935=CARTESIAN_POINT('Ctrl Pts',(-21.8256218085524,2.87739291263314,27.3765648487891));
#2936=CARTESIAN_POINT('Ctrl Pts',(-20.8596945525332,3.5676425669383,27.5660034685791));
#2937=CARTESIAN_POINT('Ctrl Pts',(-19.8935533262528,4.25787618735886,27.7552895361475));
#2938=CARTESIAN_POINT('Ctrl Pts',(-18.9276260702336,4.94812584166402,27.9447281559375));
#2939=CARTESIAN_POINT('Ctrl Pts',(-22.0960547134473,3.00068025187235,28.5495655269023));
#2940=CARTESIAN_POINT('Ctrl Pts',(-21.1095093272384,3.68148312590667,28.6491240362766));
#2941=CARTESIAN_POINT('Ctrl Pts',(-20.1226800785712,4.36215771875486,28.7474620316934));
#2942=CARTESIAN_POINT('Ctrl Pts',(-19.1361346923623,5.04296059278918,28.8470205410677));
#2943=CARTESIAN_POINT('Ctrl Pts',(-22.2333351872191,3.10432744171776,29.5357026657475));
#2944=CARTESIAN_POINT('Ctrl Pts',(-21.2347558409704,3.77627907411159,29.5510472362818));
#2945=CARTESIAN_POINT('Ctrl Pts',(-20.2365424014972,4.44815065851602,29.5656302010711));
#2946=CARTESIAN_POINT('Ctrl Pts',(-19.2379630552485,5.12010229090985,29.5809747716054));
#2947=CARTESIAN_POINT('Ctrl Pts',(-22.2559765268885,3.21995824621661,30.6358562818845));
#2948=CARTESIAN_POINT('Ctrl Pts',(-21.2559263442076,3.88255986312212,30.5622413974103));
#2949=CARTESIAN_POINT('Ctrl Pts',(-20.2559323150295,4.54488257472411,30.4859729062301));
#2950=CARTESIAN_POINT('Ctrl Pts',(-19.2558821323485,5.20748419162962,30.4123580217559));
#2951=CARTESIAN_POINT('Ctrl Pts',(-22.237931341064,3.27692960721662,31.1779025738917));
#2952=CARTESIAN_POINT('Ctrl Pts',(-21.2391527605927,3.93531383141142,31.0641618781212));
#2953=CARTESIAN_POINT('Ctrl Pts',(-20.2405959925332,4.5935152286401,30.948681699963));
#2954=CARTESIAN_POINT('Ctrl Pts',(-19.2418174120619,5.25189945283491,30.8349410041925));
#2955=CARTESIAN_POINT('Ctrl Pts',(-22.2221940276878,3.30526411340395,31.4474873923884));
#2956=CARTESIAN_POINT('Ctrl Pts',(-21.2245705902684,3.96165538636165,31.3147850322086));
#2957=CARTESIAN_POINT('Ctrl Pts',(-20.2271793223894,4.61769670040908,31.1787530354126));
#2958=CARTESIAN_POINT('Ctrl Pts',(-19.22955588497,5.27408797336679,31.0460506752328));
#2959=CARTESIAN_POINT('Ctrl Pts',(-22.2113723204046,3.3214206151359,31.6012062381714));
#2960=CARTESIAN_POINT('Ctrl Pts',(-21.2144355298479,3.97674977451633,31.4583985423257));
#2961=CARTESIAN_POINT('Ctrl Pts',(-20.2176396611993,4.63192996307578,31.3141734837962));
#2962=CARTESIAN_POINT('Ctrl Pts',(-19.2207028706426,5.2872591224562,31.1713657879505));
#2963=CARTESIAN_POINT('Ctrl Pts',(-22.2053667369654,3.32948874244827,31.6779693418844));
#2964=CARTESIAN_POINT('Ctrl Pts',(-21.2088887416578,3.98422180767202,31.529490188983));
#2965=CARTESIAN_POINT('Ctrl Pts',(-20.2127654062605,4.63848467177702,31.376537371271));
#2966=CARTESIAN_POINT('Ctrl Pts',(-19.2162874109529,5.29321773700076,31.2280582183696));
#2967=CARTESIAN_POINT('Ctrl Pts',(-22.19881129211,3.33788549559074,31.7578591115139));
#2968=CARTESIAN_POINT('Ctrl Pts',(-21.202606720405,3.99225887435174,31.6059577705167));
#2969=CARTESIAN_POINT('Ctrl Pts',(-20.206149303371,4.64696867234373,31.4572572446925));
#2970=CARTESIAN_POINT('Ctrl Pts',(-19.209944731666,5.30134205110473,31.3053559036953));
#2971=CARTESIAN_POINT('Ctrl Pts',(-22.1954035908079,3.34225035979876,31.7993880203823));
#2972=CARTESIAN_POINT('Ctrl Pts',(-21.1990198763096,3.99686051767375,31.6497394821707));
#2973=CARTESIAN_POINT('Ctrl Pts',(-20.2028499227454,4.65118771787957,31.4973987815695));
#2974=CARTESIAN_POINT('Ctrl Pts',(-19.206466208247,5.30579787575456,31.347750243358));
#2975=CARTESIAN_POINT('Ctrl Pts',(-22.1919958895059,3.34661522400678,31.8409169292506));
#2976=CARTESIAN_POINT('Ctrl Pts',(-21.1956834286522,4.00113106265873,31.6903710035759));
#2977=CARTESIAN_POINT('Ctrl Pts',(-20.1993709677986,4.65564690131067,31.5398250779012));
#2978=CARTESIAN_POINT('Ctrl Pts',(-19.2030585069449,5.31016273996261,31.3892791522265));
#2979=CARTESIAN_POINT('',(-9.6989918080269,4.46148944595322,23.3146921304553));
#2980=CARTESIAN_POINT('Ctrl Pts',(-19.2030585069449,5.31016273996261,31.3892791522265));
#2981=CARTESIAN_POINT('Ctrl Pts',(-19.206466208247,5.30579787575456,31.347750243358));
#2982=CARTESIAN_POINT('Ctrl Pts',(-19.209944731666,5.30134205110473,31.3053559036953));
#2983=CARTESIAN_POINT('Ctrl Pts',(-19.2132418315489,5.29711880823389,31.2651744318435));
#2984=CARTESIAN_POINT('Ctrl Pts',(-19.2162874109529,5.29321773700076,31.2280582183696));
#2985=CARTESIAN_POINT('Ctrl Pts',(-19.2184951407978,5.29023842972848,31.1997120031601));
#2986=CARTESIAN_POINT('Ctrl Pts',(-19.2207056325111,5.28710238245617,31.1698745064656));
#2987=CARTESIAN_POINT('Ctrl Pts',(-19.2229161242244,5.28396633518385,31.1400370097711));
#2988=CARTESIAN_POINT('Ctrl Pts',(-19.2251293778063,5.2806735479115,31.1087082315917));
#2989=CARTESIAN_POINT('Ctrl Pts',(-19.2271887624367,5.27742176018079,31.0777695379939));
#2990=CARTESIAN_POINT('Ctrl Pts',(-19.2313075316974,5.27091818471937,31.0158921507985));
#2991=CARTESIAN_POINT('Ctrl Pts',(-19.2348108251522,5.26457860742455,30.9555751019299));
#2992=CARTESIAN_POINT('Ctrl Pts',(-19.2378161027072,5.25823721012299,30.8952407368538));
#2993=CARTESIAN_POINT('Ctrl Pts',(-19.2438266578172,5.24555441551987,30.7745720067016));
#2994=CARTESIAN_POINT('Ctrl Pts',(-19.2478451493276,5.23286434088978,30.6538340117197));
#2995=CARTESIAN_POINT('Ctrl Pts',(-19.2496708542822,5.22024324824498,30.5337523364865));
#2996=CARTESIAN_POINT('Ctrl Pts',(-19.2533222641914,5.19500106295536,30.2935889860201));
#2997=CARTESIAN_POINT('Ctrl Pts',(-19.2482025278771,5.17003480560686,30.0560509145486));
#2998=CARTESIAN_POINT('Ctrl Pts',(-19.2334751077913,5.14481933425001,29.8161417301744));
#2999=CARTESIAN_POINT('Ctrl Pts',(-19.2040202676198,5.0943883915363,29.3363233614262));
#3000=CARTESIAN_POINT('Ctrl Pts',(-19.1361346923623,5.04296059278918,28.8470205410677));
#3001=CARTESIAN_POINT('Ctrl Pts',(-19.0133969707098,4.98713651622224,28.3158899312895));
#3002=CARTESIAN_POINT('Ctrl Pts',(-18.9276260702336,4.94812584166402,27.9447281559375));
#3003=CARTESIAN_POINT('Ctrl Pts',(-18.824881083218,4.91126269009378,27.5939986969669));
#3004=CARTESIAN_POINT('Ctrl Pts',(-18.6869435492731,4.87424708409778,27.2418187310271));
#3005=CARTESIAN_POINT('Ctrl Pts',(-18.5490060153283,4.83723147810178,26.8896387650873));
#3006=CARTESIAN_POINT('Ctrl Pts',(-18.3758759344542,4.80006341768003,26.5360082921781));
#3007=CARTESIAN_POINT('Ctrl Pts',(-18.1541123681261,4.76270896766661,26.1806044407634));
#3008=CARTESIAN_POINT('Ctrl Pts',(-18.1072948574402,4.75482290057441,26.1055735243378));
#3009=CARTESIAN_POINT('Ctrl Pts',(-18.0644433012,4.74802790501959,26.0409234601644));
#3010=CARTESIAN_POINT('Ctrl Pts',(-18.0163218684992,4.74080929273226,25.972242952009));
#3011=CARTESIAN_POINT('Ctrl Pts',(-17.9682004357984,4.73359068044493,25.9035624438536));
#3012=CARTESIAN_POINT('Ctrl Pts',(-17.9148091266371,4.72594845142508,25.8308514917162));
#3013=CARTESIAN_POINT('Ctrl Pts',(-17.8586769737622,4.71831867769516,25.7582590437464));
#3014=CARTESIAN_POINT('Ctrl Pts',(-17.7464126680125,4.70305913023531,25.613074147807));
#3015=CARTESIAN_POINT('Ctrl Pts',(-17.6231849874086,4.68784940393515,25.4683632685383));
#3016=CARTESIAN_POINT('Ctrl Pts',(-17.4923191284298,4.67313675317607,25.3283817471287));
#3017=CARTESIAN_POINT('Ctrl Pts',(-17.3614532694511,4.65842410241699,25.188400225719));
#3018=CARTESIAN_POINT('Ctrl Pts',(-17.2229492320975,4.64420852719897,25.0531480621685));
#3019=CARTESIAN_POINT('Ctrl Pts',(-17.0857403347625,4.63138571670254,24.931147169778));
#3020=CARTESIAN_POINT('Ctrl Pts',(-16.9485314374275,4.61856290620612,24.8091462773876));
#3021=CARTESIAN_POINT('Ctrl Pts',(-16.8126176801109,4.60713286043127,24.7003966561573));
#3022=CARTESIAN_POINT('Ctrl Pts',(-16.6801414191792,4.59712537932409,24.6051818336348));
#3023=CARTESIAN_POINT('Ctrl Pts',(-16.5865257649079,4.59005349425678,24.537897341726));
#3024=CARTESIAN_POINT('Ctrl Pts',(-16.4742683658117,4.58206964444414,24.4619360848608));
#3025=CARTESIAN_POINT('Ctrl Pts',(-16.3663512900608,4.5748657561132,24.3933956657927));
#3026=CARTESIAN_POINT('Ctrl Pts',(-16.2584342143099,4.56766186778226,24.3248552467246));
#3027=CARTESIAN_POINT('Ctrl Pts',(-16.1548574619044,4.561237940933,24.2637356654535));
#3028=CARTESIAN_POINT('Ctrl Pts',(-16.051002267012,4.55519492297185,24.2062401901677));
#3029=CARTESIAN_POINT('Ctrl Pts',(-15.8432918772273,4.54310888704956,24.0912492395962));
#3030=CARTESIAN_POINT('Ctrl Pts',(-15.6344677174954,4.53254648667968,23.9907547129658));
#3031=CARTESIAN_POINT('Ctrl Pts',(-15.4232465846697,4.52330945328069,23.9028702107319));
#3032=CARTESIAN_POINT('Ctrl Pts',(-15.0008043190183,4.50483538648269,23.7271012062641));
#3033=CARTESIAN_POINT('Ctrl Pts',(-14.5687741609918,4.4916627875682,23.6017722993823));
#3034=CARTESIAN_POINT('Ctrl Pts',(-14.1061966434792,4.48157748589161,23.5058170636004));
#3035=CARTESIAN_POINT('Ctrl Pts',(-13.9369414452322,4.47788731576871,23.4707074401531));
#3036=CARTESIAN_POINT('Ctrl Pts',(-13.7823807577192,4.47514784290552,23.4446430969202));
#3037=CARTESIAN_POINT('Ctrl Pts',(-13.6253641819826,4.47284844127268,23.4227657517588));
#3038=CARTESIAN_POINT('Ctrl Pts',(-13.468347606246,4.47054903963985,23.4008884065975));
#3039=CARTESIAN_POINT('Ctrl Pts',(-13.3088751422857,4.46868970923738,23.3831980595075));
#3040=CARTESIAN_POINT('Ctrl Pts',(-13.1546965679579,4.46726931332155,23.369683895095));
#3041=CARTESIAN_POINT('Ctrl Pts',(-12.8463394193021,4.46442852148989,23.3426555662701));
#3042=CARTESIAN_POINT('Ctrl Pts',(-12.5591578291758,4.4633434676048,23.3323319681548));
#3043=CARTESIAN_POINT('Ctrl Pts',(-12.2932059498928,4.46283554739352,23.327499430151));
#3044=CARTESIAN_POINT('Ctrl Pts',(-12.1354325903343,4.46253422868001,23.3246325740938));
#3045=CARTESIAN_POINT('Ctrl Pts',(-11.9762551105178,4.46232245993366,23.3226177290611));
#3046=CARTESIAN_POINT('Ctrl Pts',(-11.829686548814,4.46218555534123,23.3213151688732));
#3047=CARTESIAN_POINT('Ctrl Pts',(-11.6831179871101,4.46204865074879,23.3200126086852));
#3048=CARTESIAN_POINT('Ctrl Pts',(-11.5491583435189,4.46198661031025,23.3194223333421));
#3049=CARTESIAN_POINT('Ctrl Pts',(-11.4150462816469,4.46195099937488,23.3190835179244));
#3050=CARTESIAN_POINT('Ctrl Pts',(-11.1468221579031,4.46187977750412,23.3184058870889));
#3051=CARTESIAN_POINT('Ctrl Pts',(-10.8779883610364,4.46191427364602,23.3187340959552));
#3052=CARTESIAN_POINT('Ctrl Pts',(-10.5742885925438,4.46169855378333,23.3166816585615));
#3053=CARTESIAN_POINT('Ctrl Pts',(-10.4237206341662,4.46159160441202,23.3156641032647));
#3054=CARTESIAN_POINT('Ctrl Pts',(-10.2837298378723,4.46151840705261,23.3149676769102));
#3055=CARTESIAN_POINT('Ctrl Pts',(-10.1399032808959,4.46148023458518,23.3146044901429));
#3056=CARTESIAN_POINT('Ctrl Pts',(-9.99607672391948,4.46144206211774,23.3142413033756));
#3057=CARTESIAN_POINT('Ctrl Pts',(-9.84841440626054,4.46143891454227,23.3142113561953));
#3058=CARTESIAN_POINT('Ctrl Pts',(-9.70395584304497,4.46148776906437,23.314676175924));
#3059=CARTESIAN_POINT('Ctrl Pts',(-9.70236258994962,4.46148830788752,23.3146813024838));
#3060=CARTESIAN_POINT('Ctrl Pts',(-9.70065393419659,4.46148888452407,23.3146867888141));
#3061=CARTESIAN_POINT('Ctrl Pts',(-9.69899180802723,4.46148944595318,23.3146921304553));
#3062=CARTESIAN_POINT('',(-9.69428755117078,2.15897797017548,20.5413032568872));
#3063=CARTESIAN_POINT('Ctrl Pts',(-22.2022189934121,3.33352063138274,31.7163302026456));
#3064=CARTESIAN_POINT('Ctrl Pts',(-22.3029467871171,3.20450018548051,30.4887826582854));
#3065=CARTESIAN_POINT('Ctrl Pts',(-22.255243903169,3.07325282451868,29.2400474324397));
#3066=CARTESIAN_POINT('Ctrl Pts',(-21.9368655237256,2.92810767922609,27.8590836213649));
#3067=CARTESIAN_POINT('Ctrl Pts',(-21.7143780933792,2.82667814604026,26.8940460762133));
#3068=CARTESIAN_POINT('Ctrl Pts',(-21.3586823117278,2.71885579564913,25.8681849382812));
#3069=CARTESIAN_POINT('Ctrl Pts',(-20.700407212754,2.60798922298534,24.8133599601673));
#3070=CARTESIAN_POINT('Ctrl Pts',(-20.1445214648694,2.51436704624389,23.9226044496515));
#3071=CARTESIAN_POINT('Ctrl Pts',(-19.3183934859052,2.42061735141818,23.0306356856075));
#3072=CARTESIAN_POINT('Ctrl Pts',(-18.4408183752279,2.35432870890959,22.3999413816052));
#3073=CARTESIAN_POINT('Ctrl Pts',(-17.2005241884745,2.26064166497357,21.5085687009591));
#3074=CARTESIAN_POINT('Ctrl Pts',(-15.9520201773069,2.2123705754058,21.0492999622089));
#3075=CARTESIAN_POINT('Ctrl Pts',(-14.7106728945781,2.18543918862869,20.7930649331538));
#3076=CARTESIAN_POINT('Ctrl Pts',(-13.8022652332578,2.16573102281667,20.605554260894));
#3077=CARTESIAN_POINT('Ctrl Pts',(-12.9572018432022,2.16149816892558,20.5652813462928));
#3078=CARTESIAN_POINT('Ctrl Pts',(-12.350755475179,2.16036657563553,20.5545149553173));
#3079=CARTESIAN_POINT('Ctrl Pts',(-11.63121868429,2.15902396226121,20.5417408423529));
#3080=CARTESIAN_POINT('Ctrl Pts',(-11.1757469669231,2.15960480795838,20.5472672200074));
#3081=CARTESIAN_POINT('Ctrl Pts',(-10.5901346061812,2.15918912519241,20.5433122626746));
#3082=CARTESIAN_POINT('Ctrl Pts',(-10.2998003132207,2.1589830384189,20.5413514780022));
#3083=CARTESIAN_POINT('Ctrl Pts',(-9.99569397429786,2.158876161815,20.5403346150411));
#3084=CARTESIAN_POINT('Ctrl Pts',(-9.69428755117078,2.15897797017548,20.5413032568872));
#3085=CARTESIAN_POINT('',(-9.69428755117078,2.15897797017548,20.5413032568872));
#3086=CARTESIAN_POINT('Origin',(-9.69428755117078,2.15897797017548,20.5413032568872));
#3087=CARTESIAN_POINT('',(7.53678349285524,4.46131994048779,23.3130793936802));
#3088=CARTESIAN_POINT('',(-9.69400540350631,4.46148939691436,23.3146916638817));
#3089=CARTESIAN_POINT('',(7.53223878436669,2.15880855566913,20.5396913855299));
#3090=CARTESIAN_POINT('',(-3.68845732796151,2.15891890575688,20.5407412964824));
#3091=CARTESIAN_POINT('',(7.53223878436669,2.15880855566913,20.5396913855299));
#3092=CARTESIAN_POINT('Origin',(7.53223878436669,2.15880855566913,20.5396913855299));
#3093=CARTESIAN_POINT('',(9.72634638615724,4.46064777381945,23.3066841550239));
#3094=CARTESIAN_POINT('',(7.54104603531626,4.46131863194665,23.3130669437428));
#3095=CARTESIAN_POINT('',(9.71781925548261,2.15813761291648,20.5333077916533));
#3096=CARTESIAN_POINT('',(4.91260683988542,2.1596127461764,20.5473427471068));
#3097=CARTESIAN_POINT('Ctrl Pts',(9.71781925548261,2.15813761291643,20.5333077916533));
#3098=CARTESIAN_POINT('Ctrl Pts',(9.72066163237415,2.9256409998841,21.4577665794435));
#3099=CARTESIAN_POINT('Ctrl Pts',(9.7235040092657,3.69314438685177,22.3822253672337));
#3100=CARTESIAN_POINT('Ctrl Pts',(9.72634638615724,4.46064777381943,23.3066841550239));
#3101=CARTESIAN_POINT('Ctrl Pts',(22.2362384897939,3.46423384234322,32.9599833307055));
#3102=CARTESIAN_POINT('Ctrl Pts',(21.2366196281826,4.12759927985521,32.893635713859));
#3103=CARTESIAN_POINT('Ctrl Pts',(20.2370007665713,4.7909647173672,32.8272880970125));
#3104=CARTESIAN_POINT('Ctrl Pts',(19.23738190496,5.4543301548792,32.760940480166));
#3105=CARTESIAN_POINT('Ctrl Pts',(22.2362295981966,3.46395703760722,32.9573497095646));
#3106=CARTESIAN_POINT('Ctrl Pts',(21.2366107365853,4.1273224751191,32.891002092717));
#3107=CARTESIAN_POINT('Ctrl Pts',(20.236991874974,4.79068791263141,32.8246544758735));
#3108=CARTESIAN_POINT('Ctrl Pts',(19.2373730133627,5.45405335014328,32.7583068590259));
#3109=CARTESIAN_POINT('Ctrl Pts',(22.2362207065992,3.46368023287126,32.954716088424));
#3110=CARTESIAN_POINT('Ctrl Pts',(21.2366018449879,4.12704567038337,32.8883684715786));
#3111=CARTESIAN_POINT('Ctrl Pts',(20.2369829833766,4.79041110789526,32.8220208547311));
#3112=CARTESIAN_POINT('Ctrl Pts',(19.2373641217653,5.45377654540736,32.7556732378857));
#3113=CARTESIAN_POINT('Ctrl Pts',(22.2362118150019,3.4634034281353,32.9520824672834));
#3114=CARTESIAN_POINT('Ctrl Pts',(21.2365929533906,4.12676886564729,32.8857348504369));
#3115=CARTESIAN_POINT('Ctrl Pts',(20.2369740917793,4.79013430315927,32.8193872335903));
#3116=CARTESIAN_POINT('Ctrl Pts',(19.237355230168,5.45349974067126,32.7530396167437));
#3117=CARTESIAN_POINT('Ctrl Pts',(22.2344823911357,3.4095646522934,32.4398407321544));
#3118=CARTESIAN_POINT('Ctrl Pts',(21.234862568046,4.07231097277297,32.3676026102216));
#3119=CARTESIAN_POINT('Ctrl Pts',(20.2352063325236,4.73569129169913,32.3013965805731));
#3120=CARTESIAN_POINT('Ctrl Pts',(19.2355865094338,5.3984376121787,32.2291584586403));
#3121=CARTESIAN_POINT('Ctrl Pts',(22.2357946899689,3.35655057429089,31.9354454728339));
#3122=CARTESIAN_POINT('Ctrl Pts',(21.2361561870163,4.01994770390754,31.8693993862214));
#3123=CARTESIAN_POINT('Ctrl Pts',(20.236486714135,4.68381770149972,31.8078523378669));
#3124=CARTESIAN_POINT('Ctrl Pts',(19.2368482111825,5.34721483111637,31.7418062512544));
#3125=CARTESIAN_POINT('Ctrl Pts',(22.2305763058017,3.26378638163571,31.0528531356108));
#3126=CARTESIAN_POINT('Ctrl Pts',(21.2309896144528,3.92730492366536,30.9879622109449));
#3127=CARTESIAN_POINT('Ctrl Pts',(20.2312460804702,4.59043607970227,30.9193855547596));
#3128=CARTESIAN_POINT('Ctrl Pts',(19.2316593891213,5.25395462173192,30.8544946300937));
#3129=CARTESIAN_POINT('Ctrl Pts',(22.230651279807,3.21168989058193,30.5571881329391));
#3130=CARTESIAN_POINT('Ctrl Pts',(21.2308740043248,3.87612783152094,30.5010447045756));
#3131=CARTESIAN_POINT('Ctrl Pts',(20.2306583330251,4.54072879127958,30.446452296675));
#3132=CARTESIAN_POINT('Ctrl Pts',(19.2308810575428,5.2051667322186,30.3903088683116));
#3133=CARTESIAN_POINT('Ctrl Pts',(22.199716402397,3.13109384013175,29.7903679353852));
#3134=CARTESIAN_POINT('Ctrl Pts',(21.201517125807,3.80021216051945,29.7787553428806));
#3135=CARTESIAN_POINT('Ctrl Pts',(20.2030464871368,4.46918452315577,29.7657540551345));
#3136=CARTESIAN_POINT('Ctrl Pts',(19.2048472105468,5.13830284354347,29.7541414626299));
#3137=CARTESIAN_POINT('Ctrl Pts',(22.1677438473565,3.08548120176614,29.3563926702561));
#3138=CARTESIAN_POINT('Ctrl Pts',(21.1712642737721,3.75672660042723,29.3650178756672));
#3139=CARTESIAN_POINT('Ctrl Pts',(20.1740887425891,4.42798785275687,29.3737939186589));
#3140=CARTESIAN_POINT('Ctrl Pts',(19.1776091690047,5.09923325141796,29.38241912407));
#3141=CARTESIAN_POINT('Ctrl Pts',(22.1040890461301,3.01335018173928,28.6701118572657));
#3142=CARTESIAN_POINT('Ctrl Pts',(21.1108601377676,3.68890977761584,28.7197839073123));
#3143=CARTESIAN_POINT('Ctrl Pts',(20.1177194190234,4.36436127823687,28.7684274997019));
#3144=CARTESIAN_POINT('Ctrl Pts',(19.1244905106609,5.03992087411343,28.8180995497484));
#3145=CARTESIAN_POINT('Ctrl Pts',(21.9911314533462,2.92345066179073,27.8147750602155));
#3146=CARTESIAN_POINT('Ctrl Pts',(21.0089463312048,3.60769804943916,27.947105927482));
#3147=CARTESIAN_POINT('Ctrl Pts',(20.0249431131092,4.29155012478067,28.0756756493872));
#3148=CARTESIAN_POINT('Ctrl Pts',(19.0427579909678,4.9757975124291,28.2080065166537));
#3149=CARTESIAN_POINT('Ctrl Pts',(21.7032836165603,2.82057321005583,26.8359614902881));
#3150=CARTESIAN_POINT('Ctrl Pts',(20.7497030347604,3.5153722351776,27.0686844820647));
#3151=CARTESIAN_POINT('Ctrl Pts',(19.7955933444871,4.21000614155632,27.2998364739417));
#3152=CARTESIAN_POINT('Ctrl Pts',(18.8420127626872,4.90480516667809,27.5325594657184));
#3153=CARTESIAN_POINT('Ctrl Pts',(21.3136047301695,2.71110238255265,25.7944161403175));
#3154=CARTESIAN_POINT('Ctrl Pts',(20.4075938451112,3.4190767704154,26.1524943350283));
#3155=CARTESIAN_POINT('Ctrl Pts',(19.5027788930665,4.12745427010195,26.5144078825468));
#3156=CARTESIAN_POINT('Ctrl Pts',(18.5967680080083,4.8354286579647,26.8724860772577));
#3157=CARTESIAN_POINT('Ctrl Pts',(20.8517052773445,2.61922537234192,24.9202647802083));
#3158=CARTESIAN_POINT('Ctrl Pts',(19.9923050646357,3.33652809197354,25.3670961231181));
#3159=CARTESIAN_POINT('Ctrl Pts',(19.1306941546635,4.0535938926196,25.8116733324532));
#3160=CARTESIAN_POINT('Ctrl Pts',(18.2712939419546,4.77089661225123,26.2585046753631));
#3161=CARTESIAN_POINT('Ctrl Pts',(20.287526412846,2.53957906307207,24.1624807663812));
#3162=CARTESIAN_POINT('Ctrl Pts',(19.4926981927898,3.26600914301405,24.6961531417888));
#3163=CARTESIAN_POINT('Ctrl Pts',(18.6965615860309,3.99243868585751,25.2298204070453));
#3164=CARTESIAN_POINT('Ctrl Pts',(17.9017333659747,4.71886876579949,25.7634927824529));
#3165=CARTESIAN_POINT('Ctrl Pts',(19.7929084374374,2.4754353916871,23.5521944993927));
#3166=CARTESIAN_POINT('Ctrl Pts',(19.0513130427814,3.20881874959176,24.1520228954888));
#3167=CARTESIAN_POINT('Ctrl Pts',(18.3090813369336,3.94223879945309,24.7522003922332));
#3168=CARTESIAN_POINT('Ctrl Pts',(17.5674859422775,4.67562215735776,25.3520287883293));
#3169=CARTESIAN_POINT('Ctrl Pts',(19.0180852160831,2.39106651728491,22.7494782797378));
#3170=CARTESIAN_POINT('Ctrl Pts',(18.3617884165586,3.13367071257922,23.4370370833321));
#3171=CARTESIAN_POINT('Ctrl Pts',(17.7050148963379,3.87627019540192,24.124551050754));
#3172=CARTESIAN_POINT('Ctrl Pts',(17.0487180968134,4.61887439069623,24.8121098543483));
#3173=CARTESIAN_POINT('Ctrl Pts',(18.0802539029388,2.32160219967074,22.0885694453927));
#3174=CARTESIAN_POINT('Ctrl Pts',(17.5290720687246,3.07208862837736,22.8511226903849));
#3175=CARTESIAN_POINT('Ctrl Pts',(16.9733102049121,3.82232259396938,23.6112739092937));
#3176=CARTESIAN_POINT('Ctrl Pts',(16.422128370698,4.572809022676,24.373827154286));
#3177=CARTESIAN_POINT('Ctrl Pts',(17.1588648059851,2.26701781738664,21.5692337388331));
#3178=CARTESIAN_POINT('Ctrl Pts',(16.7151460547621,3.02384154248473,22.3920823313483));
#3179=CARTESIAN_POINT('Ctrl Pts',(16.2770887550189,3.78104032488411,23.2184993557191));
#3180=CARTESIAN_POINT('Ctrl Pts',(15.8333700037959,4.5378640499822,24.0413479482343));
#3181=CARTESIAN_POINT('Ctrl Pts',(16.5225167407943,2.23687057374536,21.2824018755398));
#3182=CARTESIAN_POINT('Ctrl Pts',(16.1530321596001,2.99718571304148,22.1384690551956));
#3183=CARTESIAN_POINT('Ctrl Pts',(15.7815028798411,3.757426865959,22.9938323014809));
#3184=CARTESIAN_POINT('Ctrl Pts',(15.4120182986469,4.51774200525511,23.8498994811366));
#3185=CARTESIAN_POINT('Ctrl Pts',(15.6998726412383,2.20801170583954,21.0078280885475));
#3186=CARTESIAN_POINT('Ctrl Pts',(15.4101323647413,2.97109492649634,21.8902318031078));
#3187=CARTESIAN_POINT('Ctrl Pts',(15.1233807597443,3.73436951664613,22.7744562767698));
#3188=CARTESIAN_POINT('Ctrl Pts',(14.8336404832474,4.49745273730292,23.6568599913301));
#3189=CARTESIAN_POINT('Ctrl Pts',(15.308721062869,2.19716423800411,20.9046213261558));
#3190=CARTESIAN_POINT('Ctrl Pts',(15.0630767522734,2.96148584186282,21.798807469833));
#3191=CARTESIAN_POINT('Ctrl Pts',(14.8160418740144,3.72583395737784,22.6932458550707));
#3192=CARTESIAN_POINT('Ctrl Pts',(14.5703975634188,4.49015556123655,23.587431998748));
#3193=CARTESIAN_POINT('Ctrl Pts',(14.0587453404697,2.16667083288584,20.6144959564103));
#3194=CARTESIAN_POINT('Ctrl Pts',(13.9270771852296,2.93380234994167,21.5354166383297));
#3195=CARTESIAN_POINT('Ctrl Pts',(13.8123188816488,3.70132732204142,22.4600807949333));
#3196=CARTESIAN_POINT('Ctrl Pts',(13.6806507264087,4.46845883909725,23.3810014768527));
#3197=CARTESIAN_POINT('Ctrl Pts',(13.1603963672042,2.16171833443105,20.5673760811525));
#3198=CARTESIAN_POINT('Ctrl Pts',(13.1087585172763,2.92909368587161,21.4906166922747));
#3199=CARTESIAN_POINT('Ctrl Pts',(13.056709945718,3.69651064981899,22.4142532199526));
#3200=CARTESIAN_POINT('Ctrl Pts',(13.0050720957901,4.46388600125955,23.3374938310748));
#3201=CARTESIAN_POINT('Ctrl Pts',(11.9063999716464,2.1575318027449,20.5275438928912));
#3202=CARTESIAN_POINT('Ctrl Pts',(11.8891797513997,2.92503686331538,21.4520186039485));
#3203=CARTESIAN_POINT('Ctrl Pts',(11.8723966073037,3.69256550655977,22.3767176891602));
#3204=CARTESIAN_POINT('Ctrl Pts',(11.855176387057,4.46007056713025,23.3011924002175));
#3205=CARTESIAN_POINT('Ctrl Pts',(11.2000857644556,2.15699210633995,20.5224090246));
#3206=CARTESIAN_POINT('Ctrl Pts',(11.2020175189947,2.92449668717049,21.4468791712366));
#3207=CARTESIAN_POINT('Ctrl Pts',(11.1977544822023,3.69201355145646,22.3714661871449));
#3208=CARTESIAN_POINT('Ctrl Pts',(11.1996862367414,4.459518132287,23.2959363337816));
#3209=CARTESIAN_POINT('Ctrl Pts',(10.3432211971927,2.15771318015526,20.5292695836772));
#3210=CARTESIAN_POINT('Ctrl Pts',(10.353409738844,2.92521240477273,21.4536887693506));
#3211=CARTESIAN_POINT('Ctrl Pts',(10.364368139765,3.69271263452615,22.3781175182538));
#3212=CARTESIAN_POINT('Ctrl Pts',(10.3745566814162,4.46021185914362,23.3025367039272));
#3213=CARTESIAN_POINT('Ctrl Pts',(9.93008270327948,2.15807452352925,20.5327075362304));
#3214=CARTESIAN_POINT('Ctrl Pts',(9.93651285712077,2.92557616981631,21.4571497625509));
#3215=CARTESIAN_POINT('Ctrl Pts',(9.9321799017284,3.69308303807932,22.3816416726538));
#3216=CARTESIAN_POINT('Ctrl Pts',(9.93861005556969,4.46058468436638,23.3060838989743));
#3217=CARTESIAN_POINT('Ctrl Pts',(9.71781925548261,2.15813761291643,20.5333077916533));
#3218=CARTESIAN_POINT('Ctrl Pts',(9.72066163237415,2.9256409998841,21.4577665794435));
#3219=CARTESIAN_POINT('Ctrl Pts',(9.7235040092657,3.69314438685177,22.3822253672337));
#3220=CARTESIAN_POINT('Ctrl Pts',(9.72634638615724,4.46064777381943,23.3066841550239));
#3221=CARTESIAN_POINT('',(19.2373659060947,5.4538320934488,32.7562017421964));
#3222=CARTESIAN_POINT('Ctrl Pts',(9.72634638615724,4.46064777381943,23.3066841550239));
#3223=CARTESIAN_POINT('Ctrl Pts',(9.93861005556969,4.46058468436638,23.3060838989743));
#3224=CARTESIAN_POINT('Ctrl Pts',(10.1565833684929,4.460398271755,23.3043103014508));
#3225=CARTESIAN_POINT('Ctrl Pts',(10.3687112193702,4.46021834959223,23.3025984564208));
#3226=CARTESIAN_POINT('Ctrl Pts',(10.5808390702475,4.46003842742946,23.3008866113908));
#3227=CARTESIAN_POINT('Ctrl Pts',(10.7871214590788,4.45986499571531,23.2992365188544));
#3228=CARTESIAN_POINT('Ctrl Pts',(10.997475290557,4.45981075622179,23.2987204645452));
#3229=CARTESIAN_POINT('Ctrl Pts',(11.4181829535133,4.45970227723475,23.2976883559269));
#3230=CARTESIAN_POINT('Ctrl Pts',(11.855176387057,4.46007056713025,23.3011924002175));
#3231=CARTESIAN_POINT('Ctrl Pts',(12.3481335524743,4.46170623337279,23.3167547249746));
#3232=CARTESIAN_POINT('Ctrl Pts',(13.0050720957901,4.46388600125955,23.3374938310748));
#3233=CARTESIAN_POINT('Ctrl Pts',(13.6806507264087,4.46845883909725,23.3810014768527));
#3234=CARTESIAN_POINT('Ctrl Pts',(14.4368325799734,4.486898542259,23.5564435331612));
#3235=CARTESIAN_POINT('Ctrl Pts',(14.5703975634188,4.49015556123655,23.587431998748));
#3236=CARTESIAN_POINT('Ctrl Pts',(14.7020190233331,4.49380414926973,23.622145995039));
#3237=CARTESIAN_POINT('Ctrl Pts',(14.8401269802152,4.49816460178035,23.6636329294104));
#3238=CARTESIAN_POINT('Ctrl Pts',(14.9782349370973,4.50252505429097,23.7051198637817));
#3239=CARTESIAN_POINT('Ctrl Pts',(15.1228293909471,4.50759737127902,23.7533797362334));
#3240=CARTESIAN_POINT('Ctrl Pts',(15.2660425496414,4.51321469868517,23.8068250364342));
#3241=CARTESIAN_POINT('Ctrl Pts',(15.5524688670299,4.52444935349748,23.9137156368359));
#3242=CARTESIAN_POINT('Ctrl Pts',(15.8333700037959,4.5378640499822,24.0413479482343));
#3243=CARTESIAN_POINT('Ctrl Pts',(16.0951694205584,4.5534028074493,24.1891893499421));
#3244=CARTESIAN_POINT('Ctrl Pts',(16.422128370698,4.572809022676,24.373827154286));
#3245=CARTESIAN_POINT('Ctrl Pts',(16.7354232337557,4.59584170668611,24.5929685043171));
#3246=CARTESIAN_POINT('Ctrl Pts',(17.0217626266506,4.62154499035655,24.837518912828));
#3247=CARTESIAN_POINT('Ctrl Pts',(17.3081020195455,4.64724827402699,25.0820693213388));
#3248=CARTESIAN_POINT('Ctrl Pts',(17.5674859422775,4.67562215735776,25.3520287883293));
#3249=CARTESIAN_POINT('Ctrl Pts',(17.8031093347013,4.70610829388246,25.6420850020265));
#3250=CARTESIAN_POINT('Ctrl Pts',(17.9017333659747,4.71886876579949,25.7634927824529));
#3251=CARTESIAN_POINT('Ctrl Pts',(17.9941235099697,4.73187572741242,25.8872457556805));
#3252=CARTESIAN_POINT('Ctrl Pts',(18.0837582470943,4.74566420147921,26.0184343232196));
#3253=CARTESIAN_POINT('Ctrl Pts',(18.3526624584681,4.7870296236796,26.4120000258368));
#3254=CARTESIAN_POINT('Ctrl Pts',(18.5967680080083,4.8354286579647,26.8724860772577));
#3255=CARTESIAN_POINT('Ctrl Pts',(18.7532010622807,4.87968150719282,27.2935238129517));
#3256=CARTESIAN_POINT('Ctrl Pts',(18.8420127626872,4.90480516667809,27.5325594657184));
#3257=CARTESIAN_POINT('Ctrl Pts',(18.9172922232924,4.93142729633472,27.7858521098191));
#3258=CARTESIAN_POINT('Ctrl Pts',(18.9758355217525,4.95708347510697,28.029954345161));
#3259=CARTESIAN_POINT('Ctrl Pts',(19.0734076858527,4.99984377306073,28.4367914040642));
#3260=CARTESIAN_POINT('Ctrl Pts',(19.1244905106609,5.03992087411343,28.8180995497484));
#3261=CARTESIAN_POINT('Ctrl Pts',(19.1595405475024,5.07905780028026,29.1904625289175));
#3262=CARTESIAN_POINT('Ctrl Pts',(19.1776091690047,5.09923325141796,29.38241912407));
#3263=CARTESIAN_POINT('Ctrl Pts',(19.1912281897757,5.11876804748072,29.5682802933499));
#3264=CARTESIAN_POINT('Ctrl Pts',(19.2012919310358,5.13689343159649,29.7407318037001));
#3265=CARTESIAN_POINT('Ctrl Pts',(19.2113556722958,5.15501881571225,29.9131833140504));
#3266=CARTESIAN_POINT('Ctrl Pts',(19.2178641340448,5.17173478788103,30.0722251654708));
#3267=CARTESIAN_POINT('Ctrl Pts',(19.2222895898307,5.18829964593948,30.2298292621713));
#3268=CARTESIAN_POINT('Ctrl Pts',(19.2311405014023,5.22142936205637,30.5450374555723));
#3269=CARTESIAN_POINT('Ctrl Pts',(19.2316593891213,5.25395462173192,30.8544946300937));
#3270=CARTESIAN_POINT('Ctrl Pts',(19.2335738502767,5.28836378938162,31.1818759916793));
#3271=CARTESIAN_POINT('Ctrl Pts',(19.2368482111825,5.34721483111637,31.7418062512544));
#3272=CARTESIAN_POINT('Ctrl Pts',(19.2355865094338,5.3984376121787,32.2291584586403));
#3273=CARTESIAN_POINT('Ctrl Pts',(19.237355230168,5.45349974067126,32.7530396167437));
#3274=CARTESIAN_POINT('Ctrl Pts',(19.2373587888102,5.45361052493065,32.7540936585633));
#3275=CARTESIAN_POINT('Ctrl Pts',(19.2373623474525,5.45372130919,32.7551477003827));
#3276=CARTESIAN_POINT('Ctrl Pts',(19.2373659060947,5.45383209344934,32.7562017422018));
#3277=CARTESIAN_POINT('',(22.2362384897939,3.46423384234325,32.9599833307055));
#3278=CARTESIAN_POINT('Ctrl Pts',(22.2362384897939,3.46423384234322,32.9599833307055));
#3279=CARTESIAN_POINT('Ctrl Pts',(22.2362295981966,3.46395703760722,32.9573497095646));
#3280=CARTESIAN_POINT('Ctrl Pts',(22.2362207065992,3.46368023287126,32.954716088424));
#3281=CARTESIAN_POINT('Ctrl Pts',(22.2362118150019,3.4634034281353,32.9520824672834));
#3282=CARTESIAN_POINT('Ctrl Pts',(22.2344823911357,3.4095646522934,32.4398407321544));
#3283=CARTESIAN_POINT('Ctrl Pts',(22.2357946899689,3.35655057429089,31.9354454728339));
#3284=CARTESIAN_POINT('Ctrl Pts',(22.2305763058017,3.26378638163571,31.0528531356108));
#3285=CARTESIAN_POINT('Ctrl Pts',(22.230651279807,3.21168989058193,30.5571881329391));
#3286=CARTESIAN_POINT('Ctrl Pts',(22.199716402397,3.13109384013175,29.7903679353852));
#3287=CARTESIAN_POINT('Ctrl Pts',(22.1677438473565,3.08548120176614,29.3563926702561));
#3288=CARTESIAN_POINT('Ctrl Pts',(22.1040890461301,3.01335018173928,28.6701118572657));
#3289=CARTESIAN_POINT('Ctrl Pts',(21.9911314533462,2.92345066179073,27.8147750602155));
#3290=CARTESIAN_POINT('Ctrl Pts',(21.7032836165603,2.82057321005583,26.8359614902881));
#3291=CARTESIAN_POINT('Ctrl Pts',(21.3136047301695,2.71110238255265,25.7944161403175));
#3292=CARTESIAN_POINT('Ctrl Pts',(20.8517052773445,2.61922537234192,24.9202647802083));
#3293=CARTESIAN_POINT('Ctrl Pts',(20.287526412846,2.53957906307207,24.1624807663812));
#3294=CARTESIAN_POINT('Ctrl Pts',(19.7929084374374,2.4754353916871,23.5521944993927));
#3295=CARTESIAN_POINT('Ctrl Pts',(19.0180852160831,2.39106651728491,22.7494782797378));
#3296=CARTESIAN_POINT('Ctrl Pts',(18.0802539029388,2.32160219967074,22.0885694453927));
#3297=CARTESIAN_POINT('Ctrl Pts',(17.1588648059851,2.26701781738664,21.5692337388331));
#3298=CARTESIAN_POINT('Ctrl Pts',(16.5225167407943,2.23687057374536,21.2824018755398));
#3299=CARTESIAN_POINT('Ctrl Pts',(15.6998726412383,2.20801170583954,21.0078280885475));
#3300=CARTESIAN_POINT('Ctrl Pts',(15.308721062869,2.19716423800411,20.9046213261558));
#3301=CARTESIAN_POINT('Ctrl Pts',(14.0587453404697,2.16667083288584,20.6144959564103));
#3302=CARTESIAN_POINT('Ctrl Pts',(13.1603963672042,2.16171833443105,20.5673760811525));
#3303=CARTESIAN_POINT('Ctrl Pts',(11.9063999716464,2.1575318027449,20.5275438928912));
#3304=CARTESIAN_POINT('Ctrl Pts',(11.2000857644556,2.15699210633995,20.5224090246));
#3305=CARTESIAN_POINT('Ctrl Pts',(10.3432211971927,2.15771318015526,20.5292695836772));
#3306=CARTESIAN_POINT('Ctrl Pts',(9.93008270327948,2.15807452352925,20.5327075362304));
#3307=CARTESIAN_POINT('Ctrl Pts',(9.71781925548261,2.15813761291643,20.5333077916533));
#3308=CARTESIAN_POINT('',(22.2362384897939,3.46423384234325,32.9599833307055));
#3309=CARTESIAN_POINT('Origin',(22.2362384897939,3.46423384234325,32.9599833307055));
#3310=CARTESIAN_POINT('',(19.2398332362367,6.88735674581499,46.3952777389211));
#3311=CARTESIAN_POINT('',(19.2373650488448,5.45333402921819,32.7514629775847));
#3312=CARTESIAN_POINT('',(22.2387089540969,4.89957944968782,46.6163845567492));
#3313=CARTESIAN_POINT('',(22.235888206668,3.26071851710715,31.0236643543896));
#3314=CARTESIAN_POINT('Ctrl Pts',(22.2387089540969,4.8995794496878,46.6163845567492));
#3315=CARTESIAN_POINT('Ctrl Pts',(21.738896803296,5.23087535494106,46.5795334550125));
#3316=CARTESIAN_POINT('Ctrl Pts',(21.2390846524952,5.56217126019442,46.5426823532768));
#3317=CARTESIAN_POINT('Ctrl Pts',(20.2394594132084,6.22476369223692,46.4689800806683));
#3318=CARTESIAN_POINT('Ctrl Pts',(19.7396463247226,6.55606021902579,46.4321289097932));
#3319=CARTESIAN_POINT('Ctrl Pts',(19.2398332362367,6.88735674581498,46.3952777389211));
#3320=CARTESIAN_POINT('Ctrl Pts',(9.72117528214798,6.20448971411344,59.0317763925506));
#3321=CARTESIAN_POINT('Ctrl Pts',(9.72403764086533,6.76301552693006,57.9679463771083));
#3322=CARTESIAN_POINT('Ctrl Pts',(9.72689999958267,7.32154133974667,56.9041163616661));
#3323=CARTESIAN_POINT('Ctrl Pts',(9.72976235830002,7.88006715256328,55.8402863462238));
#3324=CARTESIAN_POINT('Ctrl Pts',(9.72277248022153,6.20449019217332,59.0317809409865));
#3325=CARTESIAN_POINT('Ctrl Pts',(9.72562245003066,6.76301599462675,57.9679508269452));
#3326=CARTESIAN_POINT('Ctrl Pts',(9.72850958657551,7.32154182816972,56.904121008701));
#3327=CARTESIAN_POINT('Ctrl Pts',(9.73135955638464,7.88006763062316,55.8402908946598));
#3328=CARTESIAN_POINT('Ctrl Pts',(9.72436967829508,6.20449067023319,59.0317854894223));
#3329=CARTESIAN_POINT('Ctrl Pts',(9.72724590046397,6.76301649498725,57.9679555875572));
#3330=CARTESIAN_POINT('Ctrl Pts',(9.73007401043043,7.32154228279942,56.9041253342137));
#3331=CARTESIAN_POINT('Ctrl Pts',(9.73295023259932,7.88006810755348,55.8402954323486));
#3332=CARTESIAN_POINT('Ctrl Pts',(9.79158233420265,6.20451078775927,59.0319768948972));
#3333=CARTESIAN_POINT('Ctrl Pts',(9.79409814287259,6.76303626371967,57.9681436744821));
#3334=CARTESIAN_POINT('Ctrl Pts',(9.79805081074165,7.32156281308651,56.9043206668474));
#3335=CARTESIAN_POINT('Ctrl Pts',(9.80056661941159,7.88008828904691,55.8404874464323));
#3336=CARTESIAN_POINT('Ctrl Pts',(9.92275347015329,6.20455355791727,59.0323838257682));
#3337=CARTESIAN_POINT('Ctrl Pts',(9.92706181187136,6.76308023848114,57.9685620663897));
#3338=CARTESIAN_POINT('Ctrl Pts',(9.92929113803563,7.32160487169794,56.904720827805));
#3339=CARTESIAN_POINT('Ctrl Pts',(9.9335994797537,7.88013155226181,55.8408990684264));
#3340=CARTESIAN_POINT('Ctrl Pts',(10.0539948868915,6.20460291123827,59.0328533912512));
#3341=CARTESIAN_POINT('Ctrl Pts',(10.056834145144,6.7631283771439,57.9690200751714));
#3342=CARTESIAN_POINT('Ctrl Pts',(10.0610938468154,7.32165495538016,56.9051973422108));
#3343=CARTESIAN_POINT('Ctrl Pts',(10.0639331050679,7.88018042128578,55.841364026131));
#3344=CARTESIAN_POINT('Ctrl Pts',(10.3174818207449,6.20470809876155,59.0338541836838));
#3345=CARTESIAN_POINT('Ctrl Pts',(10.3250727647823,6.76323685610097,57.9700521835047));
#3346=CARTESIAN_POINT('Ctrl Pts',(10.3353900082916,7.32176244644144,56.9062200513434));
#3347=CARTESIAN_POINT('Ctrl Pts',(10.342980952329,7.88029120378086,55.8424180511643));
#3348=CARTESIAN_POINT('Ctrl Pts',(10.713056775591,6.20511699876521,59.0377446073439));
#3349=CARTESIAN_POINT('Ctrl Pts',(10.7241868887342,6.76364751335714,57.9739593263057));
#3350=CARTESIAN_POINT('Ctrl Pts',(10.7362462245815,7.32217627299281,56.910157347974));
#3351=CARTESIAN_POINT('Ctrl Pts',(10.7473763377248,7.88070678758475,55.8463720669358));
#3352=CARTESIAN_POINT('Ctrl Pts',(11.3337494600144,6.20557331864479,59.042086200986));
#3353=CARTESIAN_POINT('Ctrl Pts',(11.3341670148387,6.76409654949327,57.9782316197579));
#3354=CARTESIAN_POINT('Ctrl Pts',(11.3358354765783,7.32261074375597,56.9142910611593));
#3355=CARTESIAN_POINT('Ctrl Pts',(11.3362530314026,7.88113397460445,55.8504364799313));
#3356=CARTESIAN_POINT('Ctrl Pts',(12.0091849555988,6.20496266762617,59.0362762446405));
#3357=CARTESIAN_POINT('Ctrl Pts',(11.9891481923098,6.76349561303712,57.9725140913003));
#3358=CARTESIAN_POINT('Ctrl Pts',(11.9704923708817,7.32201597936601,56.908632255989));
#3359=CARTESIAN_POINT('Ctrl Pts',(11.9504556075928,7.88054892477696,55.8448701026487));
#3360=CARTESIAN_POINT('Ctrl Pts',(12.514245532767,6.20323762583343,59.0198635683257));
#3361=CARTESIAN_POINT('Ctrl Pts',(12.4754761227959,6.76184073699955,57.9567689975523));
#3362=CARTESIAN_POINT('Ctrl Pts',(12.4366334172275,7.32042798786707,56.8935235261178));
#3363=CARTESIAN_POINT('Ctrl Pts',(12.3978640072564,7.87903109903318,55.8304289553444));
#3364=CARTESIAN_POINT('Ctrl Pts',(13.219466156749,6.19973833411666,58.9865700316007));
#3365=CARTESIAN_POINT('Ctrl Pts',(13.1590348085051,6.75843833029265,57.9243972601214));
#3366=CARTESIAN_POINT('Ctrl Pts',(13.1008855411337,7.31711931531824,56.8620436096286));
#3367=CARTESIAN_POINT('Ctrl Pts',(13.0404541928898,7.87581931149424,55.7998708381493));
#3368=CARTESIAN_POINT('Ctrl Pts',(13.9624172067598,6.19475632657552,58.9391693961406));
#3369=CARTESIAN_POINT('Ctrl Pts',(13.8435563595286,6.75378061527632,57.8800820619321));
#3370=CARTESIAN_POINT('Ctrl Pts',(13.7249019561962,7.31279291217247,56.8208806333238));
#3371=CARTESIAN_POINT('Ctrl Pts',(13.6060411089649,7.87181720087326,55.7617932991153));
#3372=CARTESIAN_POINT('Ctrl Pts',(14.9766665510865,6.17478018836198,58.7491091367891));
#3373=CARTESIAN_POINT('Ctrl Pts',(14.7604132529121,6.73567581441349,57.707826388152));
#3374=CARTESIAN_POINT('Ctrl Pts',(14.5463508188163,7.29652675155179,56.6661184529077));
#3375=CARTESIAN_POINT('Ctrl Pts',(14.3300975206419,7.85742237760329,55.6248357042707));
#3376=CARTESIAN_POINT('Ctrl Pts',(15.5966134881059,6.15773219502432,58.5869083149614));
#3377=CARTESIAN_POINT('Ctrl Pts',(15.3172237529977,6.72039136983756,57.5624046119763));
#3378=CARTESIAN_POINT('Ctrl Pts',(15.0391301948278,7.28301230544214,56.5375370872235));
#3379=CARTESIAN_POINT('Ctrl Pts',(14.7597404597196,7.84567148025538,55.5130333842384));
#3380=CARTESIAN_POINT('Ctrl Pts',(15.9197523686836,6.14706613622778,58.4854275442809));
#3381=CARTESIAN_POINT('Ctrl Pts',(15.6125934627456,6.71061707871013,57.4694084439083));
#3382=CARTESIAN_POINT('Ctrl Pts',(15.3068461345983,7.27415805275757,56.4532945002127));
#3383=CARTESIAN_POINT('Ctrl Pts',(14.9996872286603,7.83770899523992,55.4372753998401));
#3384=CARTESIAN_POINT('Ctrl Pts',(16.5419999488859,6.12465657839205,58.2722148437738));
#3385=CARTESIAN_POINT('Ctrl Pts',(16.1583475899777,6.6910073269064,57.2828341183907));
#3386=CARTESIAN_POINT('Ctrl Pts',(15.7704296730525,7.25746908202081,56.2945095502574));
#3387=CARTESIAN_POINT('Ctrl Pts',(15.3867773141443,7.82381983053516,55.3051288248743));
#3388=CARTESIAN_POINT('Ctrl Pts',(17.2537235224975,6.09135619941196,57.9553829016935));
#3389=CARTESIAN_POINT('Ctrl Pts',(16.7937371453149,6.66127956151673,56.9999933240638));
#3390=CARTESIAN_POINT('Ctrl Pts',(16.3358239066103,7.23110906908734,56.0437107801903));
#3391=CARTESIAN_POINT('Ctrl Pts',(15.8758375294276,7.80103243119211,55.0883212025605));
#3392=CARTESIAN_POINT('Ctrl Pts',(18.0425407683331,6.04143766995068,57.4804398193801));
#3393=CARTESIAN_POINT('Ctrl Pts',(17.5008287429293,6.61656176343764,56.574531895549));
#3394=CARTESIAN_POINT('Ctrl Pts',(16.9570372533069,7.19176721305668,55.669398023609));
#3395=CARTESIAN_POINT('Ctrl Pts',(16.4153252279031,7.76689130654364,54.763490099778));
#3396=CARTESIAN_POINT('Ctrl Pts',(18.4691128680123,6.01031633017138,57.1843400504162));
#3397=CARTESIAN_POINT('Ctrl Pts',(17.8790742039201,6.58892381495782,56.311574380945));
#3398=CARTESIAN_POINT('Ctrl Pts',(17.2885961354309,7.16755658707397,55.4390493043447));
#3399=CARTESIAN_POINT('Ctrl Pts',(16.6985574713387,7.74616407186041,54.5662836348735));
#3400=CARTESIAN_POINT('Ctrl Pts',(18.6722860842802,5.99398447915807,57.0289528676634));
#3401=CARTESIAN_POINT('Ctrl Pts',(18.0549197351256,6.57481206491457,56.1773100479466));
#3402=CARTESIAN_POINT('Ctrl Pts',(17.4373838537653,7.1555912215331,55.3252064557609));
#3403=CARTESIAN_POINT('Ctrl Pts',(16.8200175046107,7.7364188072896,54.473563636044));
#3404=CARTESIAN_POINT('Ctrl Pts',(19.2642594485383,5.94391424676107,56.5525664283307));
#3405=CARTESIAN_POINT('Ctrl Pts',(18.5846657138961,6.5299641020363,55.7506101840933));
#3406=CARTESIAN_POINT('Ctrl Pts',(17.9041445142102,7.11611487624125,54.9496141193335));
#3407=CARTESIAN_POINT('Ctrl Pts',(17.224550779568,7.70216473151648,54.147657875096));
#3408=CARTESIAN_POINT('Ctrl Pts',(19.9296393376138,5.87535525745527,55.9002712174622));
#3409=CARTESIAN_POINT('Ctrl Pts',(19.1763981658857,6.46900671947087,55.1706394301904));
#3410=CARTESIAN_POINT('Ctrl Pts',(18.4219770895627,7.06277209616252,54.442091468663));
#3411=CARTESIAN_POINT('Ctrl Pts',(17.6687359178346,7.65642355817812,53.7124596813911));
#3412=CARTESIAN_POINT('Ctrl Pts',(20.5775469480186,5.78298451032175,55.0214222643251));
#3413=CARTESIAN_POINT('Ctrl Pts',(19.7495943408232,6.38721580773849,54.3924508869253));
#3414=CARTESIAN_POINT('Ctrl Pts',(18.9225897984547,6.99129158835872,53.7619998660447));
#3415=CARTESIAN_POINT('Ctrl Pts',(18.0946371912593,7.59552288577546,53.133028488645));
#3416=CARTESIAN_POINT('Ctrl Pts',(20.9114551873258,5.72638234698808,54.4828886534712));
#3417=CARTESIAN_POINT('Ctrl Pts',(20.0462089493347,6.33700648442802,53.9147410859497));
#3418=CARTESIAN_POINT('Ctrl Pts',(19.181226039351,6.94753885940021,53.3457204568667));
#3419=CARTESIAN_POINT('Ctrl Pts',(18.3159798013599,7.55816299684015,52.7775728893452));
#3420=CARTESIAN_POINT('Ctrl Pts',(21.0663597725579,5.69676159995972,54.201066070837));
#3421=CARTESIAN_POINT('Ctrl Pts',(20.1857438209983,6.31027416787644,53.6604000835722));
#3422=CARTESIAN_POINT('Ctrl Pts',(19.3052985273839,6.92380278954623,53.119886837565));
#3423=CARTESIAN_POINT('Ctrl Pts',(18.4246825758243,7.53731535746295,52.5792208503003));
#3424=CARTESIAN_POINT('Ctrl Pts',(21.3858546491051,5.63174242385324,53.5824499328467));
#3425=CARTESIAN_POINT('Ctrl Pts',(20.4661101044648,6.25330107273143,53.1183372922775));
#3426=CARTESIAN_POINT('Ctrl Pts',(19.5451512893142,6.87498852408588,52.6554501254101));
#3427=CARTESIAN_POINT('Ctrl Pts',(18.6254067446739,7.49654717296407,52.1913374848409));
#3428=CARTESIAN_POINT('Ctrl Pts',(21.6745148207972,5.55406957740059,52.8434421634993));
#3429=CARTESIAN_POINT('Ctrl Pts',(20.7237072215454,6.18406693649014,52.4596184874046));
#3430=CARTESIAN_POINT('Ctrl Pts',(19.7733797414154,6.81397080454592,52.0749053035414));
#3431=CARTESIAN_POINT('Ctrl Pts',(18.8225721421636,7.44396816363548,51.6910816274468));
#3432=CARTESIAN_POINT('Ctrl Pts',(21.8938634386271,5.46788712825845,52.0234709328035));
#3433=CARTESIAN_POINT('Ctrl Pts',(20.9220672763251,6.10626682938212,51.7193999138013));
#3434=CARTESIAN_POINT('Ctrl Pts',(19.9495459707119,6.74480273180498,51.4168150508879));
#3435=CARTESIAN_POINT('Ctrl Pts',(18.9777498084099,7.38318243292865,51.1127440318858));
#3436=CARTESIAN_POINT('Ctrl Pts',(21.9886070380872,5.42125911026218,51.579834975809));
#3437=CARTESIAN_POINT('Ctrl Pts',(21.0074202647525,6.064145914717,51.3186461805321));
#3438=CARTESIAN_POINT('Ctrl Pts',(20.0261281956024,6.70705364060831,51.0576564394272));
#3439=CARTESIAN_POINT('Ctrl Pts',(19.0449414222677,7.34994044506312,50.7964676441504));
#3440=CARTESIAN_POINT('Ctrl Pts',(22.0262711078091,5.39904341717704,51.3684667751938));
#3441=CARTESIAN_POINT('Ctrl Pts',(21.0407448898661,6.04455391517967,51.1322407565471));
#3442=CARTESIAN_POINT('Ctrl Pts',(20.055113296993,6.68996340956527,50.8950537526768));
#3443=CARTESIAN_POINT('Ctrl Pts',(19.0695870790501,7.3354739075679,50.6588277340301));
#3444=CARTESIAN_POINT('Ctrl Pts',(22.1174978022279,5.33955995260385,50.8025194142446));
#3445=CARTESIAN_POINT('Ctrl Pts',(21.1248446569373,5.98967822209785,50.6101334128886));
#3446=CARTESIAN_POINT('Ctrl Pts',(20.1322634641196,6.6396682949347,50.4165277018146));
#3447=CARTESIAN_POINT('Ctrl Pts',(19.139610318829,7.2897865644287,50.2241417004586));
#3448=CARTESIAN_POINT('Ctrl Pts',(22.1786498048916,5.2760140619805,50.1979206512859));
#3449=CARTESIAN_POINT('Ctrl Pts',(21.1813214236439,5.93110906137382,50.0528850719822));
#3450=CARTESIAN_POINT('Ctrl Pts',(20.1838256287945,6.58621223022364,49.9079272198652));
#3451=CARTESIAN_POINT('Ctrl Pts',(19.1864972475468,7.24130722961696,49.7628916405614));
#3452=CARTESIAN_POINT('Ctrl Pts',(22.2096504638649,5.20401270037831,49.5128734558023));
#3453=CARTESIAN_POINT('Ctrl Pts',(21.2103668877109,5.86392455985726,49.4136672388784));
#3454=CARTESIAN_POINT('Ctrl Pts',(20.2111111276701,6.52375253691702,49.3136629340469));
#3455=CARTESIAN_POINT('Ctrl Pts',(19.2118275515161,7.18366439639597,49.214456717123));
#3456=CARTESIAN_POINT('Ctrl Pts',(22.2168484462942,5.17120397039754,49.2007192414852));
#3457=CARTESIAN_POINT('Ctrl Pts',(21.2175582086453,5.83157224740367,49.1058555472581));
#3458=CARTESIAN_POINT('Ctrl Pts',(20.2182077628227,6.49193811067802,49.0109688879071));
#3459=CARTESIAN_POINT('Ctrl Pts',(19.2189175251738,7.15230638768414,48.91610519368));
#3460=CARTESIAN_POINT('Ctrl Pts',(22.2315422878961,5.10747907018109,48.5944173160169));
#3461=CARTESIAN_POINT('Ctrl Pts',(21.2319819491045,5.76889982550967,48.5095672841298));
#3462=CARTESIAN_POINT('Ctrl Pts',(20.2323183301959,6.43063431165851,48.4277022016071));
#3463=CARTESIAN_POINT('Ctrl Pts',(19.2327579914042,7.09205506698709,48.34285216972));
#3464=CARTESIAN_POINT('Ctrl Pts',(22.23745395585,5.01995494137389,47.7616808560069));
#3465=CARTESIAN_POINT('Ctrl Pts',(21.2377898110677,5.68339334836621,47.6960274973902));
#3466=CARTESIAN_POINT('Ctrl Pts',(20.2381417940273,6.34666620585081,47.6287990404219));
#3467=CARTESIAN_POINT('Ctrl Pts',(19.2384776492451,7.01010461284312,47.5631456818052));
#3468=CARTESIAN_POINT('Ctrl Pts',(22.235432766289,4.941035901385,47.0108163471752));
#3469=CARTESIAN_POINT('Ctrl Pts',(21.2358219187152,5.60387264988644,46.9394385903994));
#3470=CARTESIAN_POINT('Ctrl Pts',(20.2360908598972,6.26695125380399,46.8703619341976));
#3471=CARTESIAN_POINT('Ctrl Pts',(19.2364800123235,6.92978800230544,46.7989841774219));
#3472=CARTESIAN_POINT('Ctrl Pts',(22.2385346539752,4.90178502061392,46.6373691623699));
#3473=CARTESIAN_POINT('Ctrl Pts',(21.2389442616227,5.5639365041112,46.5594715445968));
#3474=CARTESIAN_POINT('Ctrl Pts',(20.2393538692702,6.22608798760847,46.4815739268236));
#3475=CARTESIAN_POINT('Ctrl Pts',(19.2397634769178,6.88823947110575,46.4036763090504));
#3476=CARTESIAN_POINT('Ctrl Pts',(22.2385927540157,4.90104983030528,46.6303742938304));
#3477=CARTESIAN_POINT('Ctrl Pts',(21.2390023616633,5.56320131380252,46.5524766760568));
#3478=CARTESIAN_POINT('Ctrl Pts',(20.2394119693108,6.22535279729988,46.4745790582845));
#3479=CARTESIAN_POINT('Ctrl Pts',(19.2398215769583,6.88750428079712,46.3966814405109));
#3480=CARTESIAN_POINT('Ctrl Pts',(22.2386508540563,4.90031463999665,46.6233794252908));
#3481=CARTESIAN_POINT('Ctrl Pts',(21.2390604617038,5.562466123494,46.5454818075183));
#3482=CARTESIAN_POINT('Ctrl Pts',(20.2394700693514,6.22461760699111,46.4675841897436));
#3483=CARTESIAN_POINT('Ctrl Pts',(19.2398796769989,6.88676909048846,46.3896865719711));
#3484=CARTESIAN_POINT('Ctrl Pts',(22.2387089540969,4.8995794496878,46.6163845567492));
#3485=CARTESIAN_POINT('Ctrl Pts',(21.2391185617444,5.56173093318506,46.5384869389759));
#3486=CARTESIAN_POINT('Ctrl Pts',(20.239528169392,6.22388241668232,46.4605893212025));
#3487=CARTESIAN_POINT('Ctrl Pts',(19.2399377770395,6.88603390017958,46.3826917034292));
#3488=CARTESIAN_POINT('',(9.72976235830652,7.88006715256329,55.8402863462238));
#3489=CARTESIAN_POINT('Ctrl Pts',(19.2398332362366,6.88735674581541,46.3952777389251));
#3490=CARTESIAN_POINT('Ctrl Pts',(19.2398099831303,6.88765098757887,46.3980772623003));
#3491=CARTESIAN_POINT('Ctrl Pts',(19.2397867300241,6.88794522934231,46.4008767856754));
#3492=CARTESIAN_POINT('Ctrl Pts',(19.2397634769178,6.88823947110575,46.4036763090504));
#3493=CARTESIAN_POINT('Ctrl Pts',(19.2364800123235,6.92978800230544,46.7989841774219));
#3494=CARTESIAN_POINT('Ctrl Pts',(19.2374788307843,6.96994630757428,47.1810649296135));
#3495=CARTESIAN_POINT('Ctrl Pts',(19.2365483255545,7.01051307374469,47.5670319276881));
#3496=CARTESIAN_POINT('Ctrl Pts',(19.2356178203247,7.0510798399151,47.9529989257626));
#3497=CARTESIAN_POINT('Ctrl Pts',(19.2327579914042,7.09205506698709,48.34285216972));
#3498=CARTESIAN_POINT('Ctrl Pts',(19.2223641119509,7.13730245633104,48.7733523225404));
#3499=CARTESIAN_POINT('Ctrl Pts',(19.2189175251738,7.15230638768414,48.91610519368));
#3500=CARTESIAN_POINT('Ctrl Pts',(19.2153725383449,7.16798539204006,49.0652809554015));
#3501=CARTESIAN_POINT('Ctrl Pts',(19.2104337569343,7.18303024837064,49.2084232016921));
#3502=CARTESIAN_POINT('Ctrl Pts',(19.2054949755237,7.19807510470122,49.3515654479826));
#3503=CARTESIAN_POINT('Ctrl Pts',(19.1991623995314,7.21248581300647,49.4886741788422));
#3504=CARTESIAN_POINT('Ctrl Pts',(19.1897310234568,7.22747954463349,49.6313300060705));
#3505=CARTESIAN_POINT('Ctrl Pts',(19.1708682713075,7.25746700788754,49.9166416605272));
#3506=CARTESIAN_POINT('Ctrl Pts',(19.139610318829,7.2897865644287,50.2241417004586));
#3507=CARTESIAN_POINT('Ctrl Pts',(19.0822735746859,7.3271964802284,50.5800732735787));
#3508=CARTESIAN_POINT('Ctrl Pts',(19.0695870790501,7.3354739075679,50.6588277340301));
#3509=CARTESIAN_POINT('Ctrl Pts',(19.0572642506589,7.34270717631551,50.7276476890903));
#3510=CARTESIAN_POINT('Ctrl Pts',(19.0427038847311,7.35047905917251,50.8015922150873));
#3511=CARTESIAN_POINT('Ctrl Pts',(19.0281435188032,7.35825094202951,50.8755367410842));
#3512=CARTESIAN_POINT('Ctrl Pts',(19.0113456153388,7.36656143899589,50.9546058380181));
#3513=CARTESIAN_POINT('Ctrl Pts',(18.9927576003508,7.37499632891189,51.0348584548102));
#3514=CARTESIAN_POINT('Ctrl Pts',(18.9555815703747,7.39186610874391,51.1953636883945));
#3515=CARTESIAN_POINT('Ctrl Pts',(18.9112450943043,7.40923346037443,51.3606030014119));
#3516=CARTESIAN_POINT('Ctrl Pts',(18.859780177203,7.4266538069424,51.5263465275785));
#3517=CARTESIAN_POINT('Ctrl Pts',(18.7568503430003,7.46149450007834,51.8578335799115));
#3518=CARTESIAN_POINT('Ctrl Pts',(18.6254067446739,7.49654717296407,52.1913374848409));
#3519=CARTESIAN_POINT('Ctrl Pts',(18.471459019567,7.52781480404363,52.4888291225521));
#3520=CARTESIAN_POINT('Ctrl Pts',(18.4246825758243,7.53731535746295,52.5792208503003));
#3521=CARTESIAN_POINT('Ctrl Pts',(18.3703311885921,7.54773917715155,52.6783968698227));
#3522=CARTESIAN_POINT('Ctrl Pts',(18.3154876687134,7.55762107311276,52.7724168294964));
#3523=CARTESIAN_POINT('Ctrl Pts',(18.2606441488348,7.56750296907398,52.8664367891701));
#3524=CARTESIAN_POINT('Ctrl Pts',(18.2053084963096,7.5768429413078,52.9553006889951));
#3525=CARTESIAN_POINT('Ctrl Pts',(18.1481370482726,7.58596962148286,53.0421352504377));
#3526=CARTESIAN_POINT('Ctrl Pts',(18.0337941521986,7.60422298183298,53.215804373323));
#3527=CARTESIAN_POINT('Ctrl Pts',(17.9121080740773,7.62162317394803,53.381356142679));
#3528=CARTESIAN_POINT('Ctrl Pts',(17.7816301177445,7.63830565461788,53.5400793437725));
#3529=CARTESIAN_POINT('Ctrl Pts',(17.5206742050791,7.67167061595757,53.8575257459594));
#3530=CARTESIAN_POINT('Ctrl Pts',(17.224550779568,7.70216473151648,54.147657875096));
#3531=CARTESIAN_POINT('Ctrl Pts',(16.8873597737619,7.73071656390682,54.4193104142936));
#3532=CARTESIAN_POINT('Ctrl Pts',(16.8200175046107,7.7364188072896,54.473563636044));
#3533=CARTESIAN_POINT('Ctrl Pts',(16.7592874879747,7.741291439575,54.5199236354588));
#3534=CARTESIAN_POINT('Ctrl Pts',(16.6935184492272,7.74631866005311,54.5677544432792));
#3535=CARTESIAN_POINT('Ctrl Pts',(16.6277494104798,7.75134588053122,54.6155852510996));
#3536=CARTESIAN_POINT('Ctrl Pts',(16.5569413496209,7.75652768920203,54.6648868673258));
#3537=CARTESIAN_POINT('Ctrl Pts',(16.4840460853114,7.7616079961563,54.7132227592281));
#3538=CARTESIAN_POINT('Ctrl Pts',(16.3382555566923,7.77176861006485,54.8098945430326));
#3539=CARTESIAN_POINT('Ctrl Pts',(16.1841162142708,7.78152321710727,54.9027034295419));
#3540=CARTESIAN_POINT('Ctrl Pts',(16.027016628736,7.79055822172922,54.9886657563608));
#3541=CARTESIAN_POINT('Ctrl Pts',(15.7128174576665,7.80862823097313,55.1605904099984));
#3542=CARTESIAN_POINT('Ctrl Pts',(15.3867773141443,7.82381983053516,55.3051288248743));
#3543=CARTESIAN_POINT('Ctrl Pts',(15.1021988420223,7.83403077992124,55.4022795187571));
#3544=CARTESIAN_POINT('Ctrl Pts',(14.9996872286603,7.83770899523992,55.4372753998401));
#3545=CARTESIAN_POINT('Ctrl Pts',(14.87971384419,7.84169023774765,55.4751543920392));
#3546=CARTESIAN_POINT('Ctrl Pts',(14.7660217845701,7.84514972117,55.5080691781428));
#3547=CARTESIAN_POINT('Ctrl Pts',(14.6523297249502,7.84860920459236,55.5409839642465));
#3548=CARTESIAN_POINT('Ctrl Pts',(14.5449189901808,7.85154692892934,55.5689345442545));
#3549=CARTESIAN_POINT('Ctrl Pts',(14.4388329569213,7.85419087959542,55.5940900544906));
#3550=CARTESIAN_POINT('Ctrl Pts',(14.2266608904023,7.85947878092758,55.6444010749627));
#3551=CARTESIAN_POINT('Ctrl Pts',(14.0197876299232,7.86359158757614,55.6835318163469));
#3552=CARTESIAN_POINT('Ctrl Pts',(13.8190291322621,7.86677813763307,55.7138498149401));
#3553=CARTESIAN_POINT('Ctrl Pts',(13.4175121369399,7.87315123774692,55.7744858121266));
#3554=CARTESIAN_POINT('Ctrl Pts',(13.0404541928898,7.87581931149424,55.7998708381493));
#3555=CARTESIAN_POINT('Ctrl Pts',(12.6446066932943,7.87779783232283,55.8186952063928));
#3556=CARTESIAN_POINT('Ctrl Pts',(12.3978640072564,7.87903109903318,55.8304289553444));
#3557=CARTESIAN_POINT('Ctrl Pts',(12.1741598074246,7.87979001190508,55.8376495289966));
#3558=CARTESIAN_POINT('Ctrl Pts',(11.959940611477,7.8802669766456,55.8421875453697));
#3559=CARTESIAN_POINT('Ctrl Pts',(11.7457214155294,7.88074394138613,55.8467255617429));
#3560=CARTESIAN_POINT('Ctrl Pts',(11.540987223466,7.88093895799529,55.8485810208371));
#3561=CARTESIAN_POINT('Ctrl Pts',(11.3404740118213,7.88096526846325,55.8488313482183));
#3562=CARTESIAN_POINT('Ctrl Pts',(11.1399608001766,7.88099157893122,55.8490816755995));
#3563=CARTESIAN_POINT('Ctrl Pts',(10.9436685689507,7.88084918325798,55.8477268712676));
#3564=CARTESIAN_POINT('Ctrl Pts',(10.7444236069888,7.88067408947039,55.8460609651588));
#3565=CARTESIAN_POINT('Ctrl Pts',(10.5451786450269,7.8804989956828,55.84439505905));
#3566=CARTESIAN_POINT('Ctrl Pts',(10.342980952329,7.88029120378086,55.8424180511643));
#3567=CARTESIAN_POINT('Ctrl Pts',(10.1334980876271,7.88020803870843,55.8416267883554));
#3568=CARTESIAN_POINT('Ctrl Pts',(10.0639331050679,7.88018042128578,55.841364026131));
#3569=CARTESIAN_POINT('Ctrl Pts',(9.9987662924108,7.8801559867738,55.8411315472787));
#3570=CARTESIAN_POINT('Ctrl Pts',(9.93292467099672,7.88013295371408,55.840912402354));
#3571=CARTESIAN_POINT('Ctrl Pts',(9.86708304958265,7.88010992065436,55.8406932574294));
#3572=CARTESIAN_POINT('Ctrl Pts',(9.80056661941159,7.88008828904691,55.8404874464323));
#3573=CARTESIAN_POINT('Ctrl Pts',(9.73455702467291,7.88006858713343,55.8402999952471));
#3574=CARTESIAN_POINT('Ctrl Pts',(9.73295023261481,7.88006810755348,55.8402954323487));
#3575=CARTESIAN_POINT('Ctrl Pts',(9.7313595564153,7.88006763062317,55.8402908946598));
#3576=CARTESIAN_POINT('Ctrl Pts',(9.72976235834621,7.8800671525633,55.840286346224));
#3577=CARTESIAN_POINT('',(9.72596687636864,6.20449114829307,59.0317900378582));
#3578=CARTESIAN_POINT('Ctrl Pts',(22.2387089540969,4.89957944968782,46.6163845567492));
#3579=CARTESIAN_POINT('Ctrl Pts',(22.2386508540563,4.90031463999666,46.6233794252908));
#3580=CARTESIAN_POINT('Ctrl Pts',(22.2385927540157,4.9010498303053,46.6303742938304));
#3581=CARTESIAN_POINT('Ctrl Pts',(22.2385346539752,4.90178502061393,46.6373691623699));
#3582=CARTESIAN_POINT('Ctrl Pts',(22.2323308786028,4.98028678215609,47.3842635319805));
#3583=CARTESIAN_POINT('Ctrl Pts',(22.2425770330971,5.05962310059172,48.1390981800333));
#3584=CARTESIAN_POINT('Ctrl Pts',(22.220507542695,5.15533503977048,49.0497364520004));
#3585=CARTESIAN_POINT('Ctrl Pts',(22.2058711570917,5.21881076227876,49.6536676099393));
#3586=CARTESIAN_POINT('Ctrl Pts',(22.1921964544671,5.29085343460001,50.3391078506598));
#3587=CARTESIAN_POINT('Ctrl Pts',(22.0427991499886,5.3882664706077,51.2659309778293));
#3588=CARTESIAN_POINT('Ctrl Pts',(21.9105748125525,5.47448204316248,52.0862173567449));
#3589=CARTESIAN_POINT('Ctrl Pts',(21.6308949435034,5.5818752140036,53.107995124022));
#3590=CARTESIAN_POINT('Ctrl Pts',(21.1408143547068,5.68160963370288,54.0569047416713));
#3591=CARTESIAN_POINT('Ctrl Pts',(20.5451776975153,5.80282536375757,55.2101953749962));
#3592=CARTESIAN_POINT('Ctrl Pts',(19.7576875704293,5.90217915828244,56.1554835860158));
#3593=CARTESIAN_POINT('Ctrl Pts',(18.7708313266472,5.98564933523969,56.9496492706455));
#3594=CARTESIAN_POINT('Ctrl Pts',(17.9824693877109,6.0523304865867,57.5840780467881));
#3595=CARTESIAN_POINT('Ctrl Pts',(16.9994600396918,6.10818165958381,58.1154664618785));
#3596=CARTESIAN_POINT('Ctrl Pts',(16.0845398580799,6.14113149720028,58.428963225669));
#3597=CARTESIAN_POINT('Ctrl Pts',(14.7662399429092,6.18860860942022,58.8806777745636));
#3598=CARTESIAN_POINT('Ctrl Pts',(13.6538951706177,6.19758270537005,58.9660605940775));
#3599=CARTESIAN_POINT('Ctrl Pts',(12.7850371428803,6.20189396286326,59.0070794691239));
#3600=CARTESIAN_POINT('Ctrl Pts',(11.7018707024272,6.20726861474391,59.058215865931));
#3601=CARTESIAN_POINT('Ctrl Pts',(10.9108854064404,6.20494499344384,59.0361080860284));
#3602=CARTESIAN_POINT('Ctrl Pts',(10.119680625513,6.20462913386744,59.0331028829022));
#3603=CARTESIAN_POINT('Ctrl Pts',(9.98830914826993,6.20457668860908,59.0326038996003));
#3604=CARTESIAN_POINT('Ctrl Pts',(9.85719779203663,6.20453042722544,59.0321637519362));
#3605=CARTESIAN_POINT('Ctrl Pts',(9.72596687636864,6.20449114829307,59.0317900378582));
#3606=CARTESIAN_POINT('',(9.72596687636864,6.20449114829307,59.0317900378582));
#3607=CARTESIAN_POINT('Origin',(9.72596687636864,6.20449114829307,59.0317900378582));
#3608=CARTESIAN_POINT('',(-9.71257862791041,7.88074221158881,55.8467091038208));
#3609=CARTESIAN_POINT('',(9.72497074469853,7.88006731893327,55.8402879291285));
#3610=CARTESIAN_POINT('',(-9.7280378969604,6.20516661229784,59.0382166485753));
#3611=CARTESIAN_POINT('',(6.02707485731261,6.20461957780902,59.0330119630797));
#3612=CARTESIAN_POINT('Ctrl Pts',(-9.7280378969604,6.20516661229784,59.0382166485753));
#3613=CARTESIAN_POINT('Ctrl Pts',(-9.72546135732935,6.48442864753267,58.5062997999458));
#3614=CARTESIAN_POINT('Ctrl Pts',(-9.72288481769794,6.7636906827675,57.9743829513162));
#3615=CARTESIAN_POINT('Ctrl Pts',(-9.7177317280158,7.32221588253115,56.9105471030646));
#3616=CARTESIAN_POINT('Ctrl Pts',(-9.71515517796137,7.60147904705998,56.3786281034427));
#3617=CARTESIAN_POINT('Ctrl Pts',(-9.71257862791041,7.8807422115888,55.8467091038208));
#3618=CARTESIAN_POINT('Ctrl Pts',(-22.2016815168369,5.05318091969217,48.0778049230751));
#3619=CARTESIAN_POINT('Ctrl Pts',(-21.2020573804253,5.71628420545184,48.0089630989147));
#3620=CARTESIAN_POINT('Ctrl Pts',(-20.2024332440136,6.37938749121152,47.9401212747543));
#3621=CARTESIAN_POINT('Ctrl Pts',(-19.202809107602,7.04249077697119,47.8712794505939));
#3622=CARTESIAN_POINT('Ctrl Pts',(-22.2016828735382,5.05334799839809,48.0793945707757));
#3623=CARTESIAN_POINT('Ctrl Pts',(-21.2020588386797,5.71644626736344,48.0105050150057));
#3624=CARTESIAN_POINT('Ctrl Pts',(-20.2024344991618,6.37955958671117,47.941758654059));
#3625=CARTESIAN_POINT('Ctrl Pts',(-19.2028104643033,7.04265785567652,47.872869098289));
#3626=CARTESIAN_POINT('Ctrl Pts',(-22.2016842302396,5.053515077104,48.0809842184763));
#3627=CARTESIAN_POINT('Ctrl Pts',(-21.2020599833256,5.71662475056671,48.0122031692506));
#3628=CARTESIAN_POINT('Ctrl Pts',(-20.2024360682498,6.37972268035888,47.9433103864635));
#3629=CARTESIAN_POINT('Ctrl Pts',(-19.2028118213358,7.04283235382158,47.8745293372377));
#3630=CARTESIAN_POINT('Ctrl Pts',(-22.2017555220723,5.06229471558949,48.1645168988036));
#3631=CARTESIAN_POINT('Ctrl Pts',(-21.2021344203967,5.72508801154271,48.0927257186475));
#3632=CARTESIAN_POINT('Ctrl Pts',(-20.2025044290908,6.38824164788832,48.0243629483124));
#3633=CARTESIAN_POINT('Ctrl Pts',(-19.2028833274152,7.05103494384154,47.9525717681563));
#3634=CARTESIAN_POINT('Ctrl Pts',(-22.2014136059557,5.07953023122277,48.328501876095));
#3635=CARTESIAN_POINT('Ctrl Pts',(-21.2017872354528,5.74220756975545,48.2556074347788));
#3636=CARTESIAN_POINT('Ctrl Pts',(-20.2021611096414,6.40472642866136,48.1812051605349));
#3637=CARTESIAN_POINT('Ctrl Pts',(-19.2025347391385,7.06740376719404,48.1083107192187));
#3638=CARTESIAN_POINT('Ctrl Pts',(-22.2000728215604,5.09687231640036,48.4935007948708));
#3639=CARTESIAN_POINT('Ctrl Pts',(-21.2004956325801,5.75876957180235,48.4131843583445));
#3640=CARTESIAN_POINT('Ctrl Pts',(-20.2009466874914,6.42080134424284,48.334147765948));
#3641=CARTESIAN_POINT('Ctrl Pts',(-19.2013694985111,7.08269859964482,48.2538313294217));
#3642=CARTESIAN_POINT('Ctrl Pts',(-22.1971513616088,5.12429365151342,48.7543973709578));
#3643=CARTESIAN_POINT('Ctrl Pts',(-21.197601047671,5.78629350596898,48.6750570992199));
#3644=CARTESIAN_POINT('Ctrl Pts',(-20.1979825329051,6.44866720398976,48.5992737114105));
#3645=CARTESIAN_POINT('Ctrl Pts',(-19.1984322189674,7.11066705844533,48.5199334396726));
#3646=CARTESIAN_POINT('Ctrl Pts',(-22.1942704438987,5.16251826023704,49.1180802294744));
#3647=CARTESIAN_POINT('Ctrl Pts',(-21.1946416032361,5.82405672834238,49.0343501598463));
#3648=CARTESIAN_POINT('Ctrl Pts',(-20.1950780579913,6.48574191013728,48.9520159777311));
#3649=CARTESIAN_POINT('Ctrl Pts',(-19.1954492173287,7.14728037824262,48.868285908103));
#3650=CARTESIAN_POINT('Ctrl Pts',(-22.17702410431,5.22471496812802,49.709842376202));
#3651=CARTESIAN_POINT('Ctrl Pts',(-21.1783230891168,5.88264139078325,49.5917459897363));
#3652=CARTESIAN_POINT('Ctrl Pts',(-20.1796073596775,6.54081121517898,49.4759654161386));
#3653=CARTESIAN_POINT('Ctrl Pts',(-19.1809063444843,7.19873763783421,49.357869029673));
#3654=CARTESIAN_POINT('Ctrl Pts',(-22.1383502098677,5.2825947231832,50.2605314603181));
#3655=CARTESIAN_POINT('Ctrl Pts',(-21.1422307814456,5.93650556385705,50.1042293633858));
#3656=CARTESIAN_POINT('Ctrl Pts',(-20.1461528651782,6.59054932651145,49.9491919346205));
#3657=CARTESIAN_POINT('Ctrl Pts',(-19.1500334367561,7.2444601671853,49.7928898376881));
#3658=CARTESIAN_POINT('Ctrl Pts',(-22.0847112420833,5.33372762799982,50.7470285523465));
#3659=CARTESIAN_POINT('Ctrl Pts',(-21.0926533176998,5.98382552875638,50.554448755399));
#3660=CARTESIAN_POINT('Ctrl Pts',(-20.1006737618027,6.6340829963885,50.3633871358605));
#3661=CARTESIAN_POINT('Ctrl Pts',(-19.1086158374192,7.28418089714506,50.170807338913));
#3662=CARTESIAN_POINT('Ctrl Pts',(-22.0489720265545,5.36110371427976,51.0074946145441));
#3663=CARTESIAN_POINT('Ctrl Pts',(-21.0588722136147,6.00969485043934,50.8005789100743));
#3664=CARTESIAN_POINT('Ctrl Pts',(-20.0688788245116,6.65838168988909,50.5945737615865));
#3665=CARTESIAN_POINT('Ctrl Pts',(-19.0787790115719,7.30697282604867,50.3876580571166));
#3666=CARTESIAN_POINT('Ctrl Pts',(-21.9645462200532,5.41972244003257,51.5652145351985));
#3667=CARTESIAN_POINT('Ctrl Pts',(-20.9819834310941,6.06303524794498,51.308078892076));
#3668=CARTESIAN_POINT('Ctrl Pts',(-20.0002858450414,6.70601060435061,51.0477326123324));
#3669=CARTESIAN_POINT('Ctrl Pts',(-19.0177230560823,7.34932341226302,50.7905969692099));
#3670=CARTESIAN_POINT('Ctrl Pts',(-21.8153501539667,5.4946696982605,52.2782900648237));
#3671=CARTESIAN_POINT('Ctrl Pts',(-20.8472044334567,6.13070507775449,51.9519143154389));
#3672=CARTESIAN_POINT('Ctrl Pts',(-19.8797399050955,6.76671041796689,51.625252761381));
#3673=CARTESIAN_POINT('Ctrl Pts',(-18.9115941845854,7.40274579746088,51.2988770119963));
#3674=CARTESIAN_POINT('Ctrl Pts',(-21.4707237067624,5.60114513423919,53.2913361681472));
#3675=CARTESIAN_POINT('Ctrl Pts',(-20.5370715281052,6.22643703583659,52.8627430545483));
#3676=CARTESIAN_POINT('Ctrl Pts',(-19.6037073325386,6.85160010252725,52.4329241586923));
#3677=CARTESIAN_POINT('Ctrl Pts',(-18.6700551538813,7.47689200412464,52.0043310450934));
#3678=CARTESIAN_POINT('Ctrl Pts',(-21.243299332009,5.65488745736066,53.8026602169414));
#3679=CARTESIAN_POINT('Ctrl Pts',(-20.3369394755382,6.27368468826544,53.3122744393629));
#3680=CARTESIAN_POINT('Ctrl Pts',(-19.4316367785148,6.89227551064437,52.8199248158428));
#3681=CARTESIAN_POINT('Ctrl Pts',(-18.525276922044,7.51107274154915,52.3295390382643));
#3682=CARTESIAN_POINT('Ctrl Pts',(-20.8620862147047,5.73335235171804,54.5492038187196));
#3683=CARTESIAN_POINT('Ctrl Pts',(-19.99851686131,6.343358746252,53.9751788200516));
#3684=CARTESIAN_POINT('Ctrl Pts',(-19.1321582579747,6.95389826393752,53.4062261493465));
#3685=CARTESIAN_POINT('Ctrl Pts',(-18.26858890458,7.56390465847148,52.8322011506785));
#3686=CARTESIAN_POINT('Ctrl Pts',(-20.4980777725638,5.79405993029827,55.1267978464653));
#3687=CARTESIAN_POINT('Ctrl Pts',(-19.674320353343,6.39739968943856,54.4893440489785));
#3688=CARTESIAN_POINT('Ctrl Pts',(-18.8515617862351,7.0005714495074,53.8502918470979));
#3689=CARTESIAN_POINT('Ctrl Pts',(-18.0278043670143,7.60391120864769,53.2128380496111));
#3690=CARTESIAN_POINT('Ctrl Pts',(-19.9808453674777,5.86111090181403,55.7647452264759));
#3691=CARTESIAN_POINT('Ctrl Pts',(-19.217909212803,6.45654715074996,55.0520945524372));
#3692=CARTESIAN_POINT('Ctrl Pts',(-18.45385195161,7.05217740424519,54.3412897084814));
#3693=CARTESIAN_POINT('Ctrl Pts',(-17.6909157969353,7.64761365318112,53.6286390344426));
#3694=CARTESIAN_POINT('Ctrl Pts',(-19.705791084065,5.89349818630442,56.0728896548001));
#3695=CARTESIAN_POINT('Ctrl Pts',(-18.9733924820878,6.48533952067795,55.3260356534328));
#3696=CARTESIAN_POINT('Ctrl Pts',(-18.2409263701879,7.07721347972369,54.5794920550873));
#3697=CARTESIAN_POINT('Ctrl Pts',(-17.5085277682107,7.66905481409722,53.83263805372));
#3698=CARTESIAN_POINT('Ctrl Pts',(-19.4139450938167,5.92476869281594,56.3704086504188));
#3699=CARTESIAN_POINT('Ctrl Pts',(-18.715873204084,6.51295207096505,55.5887515203749));
#3700=CARTESIAN_POINT('Ctrl Pts',(-18.0164792411185,7.1013034210362,54.8086925364154));
#3701=CARTESIAN_POINT('Ctrl Pts',(-17.3184073513859,7.68948679918531,54.0270354063714));
#3702=CARTESIAN_POINT('Ctrl Pts',(-19.2079508784498,5.94488546069679,56.5618069116782));
#3703=CARTESIAN_POINT('Ctrl Pts',(-18.5292985260144,6.5311485996919,55.7618799264839));
#3704=CARTESIAN_POINT('Ctrl Pts',(-17.8513323540625,7.11741810584371,54.9620135207389));
#3705=CARTESIAN_POINT('Ctrl Pts',(-17.1726800016271,7.70368124483883,54.1620865355446));
#3706=CARTESIAN_POINT('Ctrl Pts',(-18.679175780672,5.99420847695321,57.0310840643233));
#3707=CARTESIAN_POINT('Ctrl Pts',(-18.0710555425454,6.57397254197786,56.1693225207591));
#3708=CARTESIAN_POINT('Ctrl Pts',(-17.4626336458608,7.15367039013714,55.3069309658046));
#3709=CARTESIAN_POINT('Ctrl Pts',(-16.8545134077342,7.73343445516179,54.4451694222404));
#3710=CARTESIAN_POINT('Ctrl Pts',(-17.9604552839474,6.04736408042821,57.5368258485686));
#3711=CARTESIAN_POINT('Ctrl Pts',(-17.4305096502149,6.62139953096716,56.6205601789697));
#3712=CARTESIAN_POINT('Ctrl Pts',(-16.8998457397318,7.19549813111862,55.7048953377993));
#3713=CARTESIAN_POINT('Ctrl Pts',(-16.3699001059993,7.76953358165757,54.7886296682004));
#3714=CARTESIAN_POINT('Ctrl Pts',(-17.0879935968845,6.09525737657484,57.9925001230217));
#3715=CARTESIAN_POINT('Ctrl Pts',(-16.648351723338,6.66435690738335,57.0292723141905));
#3716=CARTESIAN_POINT('Ctrl Pts',(-16.2086917053941,7.233417836617,56.0656772359077));
#3717=CARTESIAN_POINT('Ctrl Pts',(-15.7690498318476,7.80251736742551,55.1024494270765));
#3718=CARTESIAN_POINT('Ctrl Pts',(-16.5959992210027,6.11807532794632,58.2095984284686));
#3719=CARTESIAN_POINT('Ctrl Pts',(-16.2099079721948,6.68465550003727,57.2224005226077));
#3720=CARTESIAN_POINT('Ctrl Pts',(-15.8235759578024,7.25124628458464,56.2353035875249));
#3721=CARTESIAN_POINT('Ctrl Pts',(-15.4374847089944,7.81782645667559,55.2481056816639));
#3722=CARTESIAN_POINT('Ctrl Pts',(-16.3548964909905,6.12788193635086,58.3029020748893));
#3723=CARTESIAN_POINT('Ctrl Pts',(-16.0019816270002,6.69313060289308,57.3030357399649));
#3724=CARTESIAN_POINT('Ctrl Pts',(-15.647054297185,7.25842454708093,56.3036001930627));
#3725=CARTESIAN_POINT('Ctrl Pts',(-15.2941394331947,7.82367321362315,55.3037338581383));
#3726=CARTESIAN_POINT('Ctrl Pts',(-15.6968281988332,6.15273624497348,58.5393750253826));
#3727=CARTESIAN_POINT('Ctrl Pts',(-15.4088039844945,6.71550169396932,57.5158824537028));
#3728=CARTESIAN_POINT('Ctrl Pts',(-15.1214201773853,7.27827412089993,56.4924562726377));
#3729=CARTESIAN_POINT('Ctrl Pts',(-14.8333959630466,7.84103956989577,55.4689637009579));
#3730=CARTESIAN_POINT('Ctrl Pts',(-14.6890959087641,6.18042334422958,58.8028001783854));
#3731=CARTESIAN_POINT('Ctrl Pts',(-14.5011173230648,6.74052184406572,57.7539332804193));
#3732=CARTESIAN_POINT('Ctrl Pts',(-14.3122793897797,7.30062444785212,56.7051054289318));
#3733=CARTESIAN_POINT('Ctrl Pts',(-14.1243008040805,7.86072294768826,55.6562385309658));
#3734=CARTESIAN_POINT('Ctrl Pts',(-13.8203820071334,6.19188613298305,58.9118613282476));
#3735=CARTESIAN_POINT('Ctrl Pts',(-13.7017491601376,6.75111972341826,57.8547653670213));
#3736=CARTESIAN_POINT('Ctrl Pts',(-13.581553339637,7.31038530333199,56.7979737653522));
#3737=CARTESIAN_POINT('Ctrl Pts',(-13.4629204926412,7.8696188937672,55.7408778041259));
#3738=CARTESIAN_POINT('Ctrl Pts',(-12.9948735173604,6.2004396410378,58.9932425212427));
#3739=CARTESIAN_POINT('Ctrl Pts',(-12.9192548084918,6.75924146108218,57.9320385391574));
#3740=CARTESIAN_POINT('Ctrl Pts',(-12.8486728637123,7.31798865394094,56.870314814119));
#3741=CARTESIAN_POINT('Ctrl Pts',(-12.7730541548437,7.87679047398532,55.8091108320338));
#3742=CARTESIAN_POINT('Ctrl Pts',(-12.2002431428333,6.20541642331591,59.0405934416459));
#3743=CARTESIAN_POINT('Ctrl Pts',(-12.1703771854632,6.7639235815891,57.9765859400788));
#3744=CARTESIAN_POINT('Ctrl Pts',(-12.1391513327884,7.32245267876392,56.9127871732176));
#3745=CARTESIAN_POINT('Ctrl Pts',(-12.1092853754183,7.88095983703711,55.8487796716504));
#3746=CARTESIAN_POINT('Ctrl Pts',(-11.5004170311684,6.20586154690765,59.0448285097249));
#3747=CARTESIAN_POINT('Ctrl Pts',(-11.497220822963,6.76439198329792,57.9810424846475));
#3748=CARTESIAN_POINT('Ctrl Pts',(-11.4978156321753,7.32289723370718,56.9170168309677));
#3749=CARTESIAN_POINT('Ctrl Pts',(-11.4946194239698,7.88142767009745,55.8532308058903));
#3750=CARTESIAN_POINT('Ctrl Pts',(-10.8869141942586,6.20562586156732,59.0425861135005));
#3751=CARTESIAN_POINT('Ctrl Pts',(-10.8957945739189,6.76414926101626,57.9787331363986));
#3752=CARTESIAN_POINT('Ctrl Pts',(-10.9005956794275,7.32267890350492,56.914939557852));
#3753=CARTESIAN_POINT('Ctrl Pts',(-10.9094760590878,7.88120230295385,55.8510865807501));
#3754=CARTESIAN_POINT('Ctrl Pts',(-10.3945618349114,6.20508744035283,59.037463377836));
#3755=CARTESIAN_POINT('Ctrl Pts',(-10.4048498658946,6.76362501386059,57.9737452578955));
#3756=CARTESIAN_POINT('Ctrl Pts',(-10.4190033356823,7.32214487946455,56.9098586585046));
#3757=CARTESIAN_POINT('Ctrl Pts',(-10.4292913666655,7.88068245297231,55.8461405385642));
#3758=CARTESIAN_POINT('Ctrl Pts',(-9.97043995247855,6.20489695324844,59.035651014101));
#3759=CARTESIAN_POINT('Ctrl Pts',(-9.97061238049875,6.76341537338309,57.9717506619883));
#3760=CARTESIAN_POINT('Ctrl Pts',(-9.96781223701724,7.32193966618535,56.9079061845754));
#3761=CARTESIAN_POINT('Ctrl Pts',(-9.96798466503744,7.88045808632,55.8440058324627));
#3762=CARTESIAN_POINT('Ctrl Pts',(-9.75547231501541,6.20513609300592,59.0379262769092));
#3763=CARTESIAN_POINT('Ctrl Pts',(-9.7448344020628,6.76366739433595,57.9741484811838));
#3764=CARTESIAN_POINT('Ctrl Pts',(-9.7341964891102,7.32219869566596,56.9103706854584));
#3765=CARTESIAN_POINT('Ctrl Pts',(-9.7235585761576,7.88072999699598,55.846592889733));
#3766=CARTESIAN_POINT('Ctrl Pts',(-9.74632750899673,6.20514626610323,59.0380230674646));
#3767=CARTESIAN_POINT('Ctrl Pts',(-9.73568959604355,6.76367756743325,57.9742452717392));
#3768=CARTESIAN_POINT('Ctrl Pts',(-9.72505168309203,7.32220886876327,56.9104674760138));
#3769=CARTESIAN_POINT('Ctrl Pts',(-9.71441377013884,7.88074017009329,55.8466896802884));
#3770=CARTESIAN_POINT('Ctrl Pts',(-9.73718270297809,6.20515643920054,59.03811985802));
#3771=CARTESIAN_POINT('Ctrl Pts',(-9.72654479002915,6.76368774053055,57.9743420622946));
#3772=CARTESIAN_POINT('Ctrl Pts',(-9.7159068770719,7.32221904186058,56.9105642665692));
#3773=CARTESIAN_POINT('Ctrl Pts',(-9.70526896412296,7.8807503431906,55.8467864708438));
#3774=CARTESIAN_POINT('Ctrl Pts',(-9.7280378969604,6.20516661229784,59.0382166485753));
#3775=CARTESIAN_POINT('Ctrl Pts',(-9.71739998401056,6.76369791362786,57.9744388528499));
#3776=CARTESIAN_POINT('Ctrl Pts',(-9.70676207106072,7.32222921495787,56.9106610571245));
#3777=CARTESIAN_POINT('Ctrl Pts',(-9.69612415811088,7.88076051628789,55.8468832613991));
#3778=CARTESIAN_POINT('Ctrl Pts',(-9.71257862789355,7.88074221158882,55.846709103821));
#3779=CARTESIAN_POINT('Ctrl Pts',(-9.71623861064774,7.88073814005788,55.8466703657917));
#3780=CARTESIAN_POINT('Ctrl Pts',(-9.71989859340244,7.88073406852693,55.8466316277623));
#3781=CARTESIAN_POINT('Ctrl Pts',(-9.7235585761576,7.88072999699598,55.846592889733));
#3782=CARTESIAN_POINT('Ctrl Pts',(-9.96798466503744,7.88045808632,55.8440058324627));
#3783=CARTESIAN_POINT('Ctrl Pts',(-10.1986380158515,7.88057026964615,55.8450731855135));
#3784=CARTESIAN_POINT('Ctrl Pts',(-10.4340108643641,7.88075632380462,55.8468433725853));
#3785=CARTESIAN_POINT('Ctrl Pts',(-10.6693837128766,7.88094237796308,55.8486135596571));
#3786=CARTESIAN_POINT('Ctrl Pts',(-10.9094760590878,7.88120230295385,55.8510865807501));
#3787=CARTESIAN_POINT('Ctrl Pts',(-11.17958320058,7.88130633433931,55.8520763732661));
#3788=CARTESIAN_POINT('Ctrl Pts',(-11.4946194239698,7.88142767009745,55.8532308058903));
#3789=CARTESIAN_POINT('Ctrl Pts',(-11.8019523996941,7.88119375356728,55.8510052387703));
#3790=CARTESIAN_POINT('Ctrl Pts',(-12.1215610824125,7.88003445453925,55.8399752453062));
#3791=CARTESIAN_POINT('Ctrl Pts',(-12.441169765131,7.87887515551121,55.8289452518421));
#3792=CARTESIAN_POINT('Ctrl Pts',(-12.7730541548437,7.87679047398532,55.8091108320338));
#3793=CARTESIAN_POINT('Ctrl Pts',(-13.1283120141536,7.87309735243906,55.7739731276689));
#3794=CARTESIAN_POINT('Ctrl Pts',(-13.4629204926412,7.8696188937672,55.7408778041259));
#3795=CARTESIAN_POINT('Ctrl Pts',(-13.7936106483608,7.86517092072773,55.6985581675458));
#3796=CARTESIAN_POINT('Ctrl Pts',(-14.1362295159622,7.85802608975987,55.6305796417538));
#3797=CARTESIAN_POINT('Ctrl Pts',(-14.4788483835636,7.85088125879202,55.5626011159618));
#3798=CARTESIAN_POINT('Ctrl Pts',(-14.8333959630466,7.84103956989577,55.4689637009579));
#3799=CARTESIAN_POINT('Ctrl Pts',(-15.2110669050422,7.82680438576956,55.3335249711081));
#3800=CARTESIAN_POINT('Ctrl Pts',(-15.2941394331947,7.82367321362315,55.3037338581383));
#3801=CARTESIAN_POINT('Ctrl Pts',(-15.3658120710946,7.82074983514937,55.2759197699011));
#3802=CARTESIAN_POINT('Ctrl Pts',(-15.4430940304011,7.81737450975622,55.2438056939591));
#3803=CARTESIAN_POINT('Ctrl Pts',(-15.5203759897077,7.81399918436307,55.2116916180171));
#3804=CARTESIAN_POINT('Ctrl Pts',(-15.603267270421,7.81017191205055,55.1752775543702));
#3805=CARTESIAN_POINT('Ctrl Pts',(-15.6871400420466,7.8060497407104,55.1360577138972));
#3806=CARTESIAN_POINT('Ctrl Pts',(-15.8548855852978,7.79780539803009,55.0576180329513));
#3807=CARTESIAN_POINT('Ctrl Pts',(-16.0265570921983,7.78838145923925,54.967955244701));
#3808=CARTESIAN_POINT('Ctrl Pts',(-16.1948506858803,7.77808781932361,54.870017802983));
#3809=CARTESIAN_POINT('Ctrl Pts',(-16.5314378732443,7.75750053949231,54.674142919547));
#3810=CARTESIAN_POINT('Ctrl Pts',(-16.8545134077342,7.73343445516179,54.4451694222404));
#3811=CARTESIAN_POINT('Ctrl Pts',(-17.1089512637219,7.70964080998146,54.2187880103002));
#3812=CARTESIAN_POINT('Ctrl Pts',(-17.1726800016271,7.70368124483883,54.1620865355446));
#3813=CARTESIAN_POINT('Ctrl Pts',(-17.2455436765065,7.69658402201207,54.094560970958));
#3814=CARTESIAN_POINT('Ctrl Pts',(-17.3136622500837,7.68963007975068,54.0283986298895));
#3815=CARTESIAN_POINT('Ctrl Pts',(-17.3817808236608,7.68267613748928,53.9622362888209));
#3816=CARTESIAN_POINT('Ctrl Pts',(-17.4451542959358,7.67586547579325,53.8974371712705));
#3817=CARTESIAN_POINT('Ctrl Pts',(-17.5072390368607,7.66888661812588,53.831037775949));
#3818=CARTESIAN_POINT('Ctrl Pts',(-17.5693237777856,7.66190776045852,53.7646383806275));
#3819=CARTESIAN_POINT('Ctrl Pts',(-17.6301197873604,7.65476070681982,53.6966387075351));
#3820=CARTESIAN_POINT('Ctrl Pts',(-17.6885918396545,7.64754530962268,53.6279887889196));
#3821=CARTESIAN_POINT('Ctrl Pts',(-17.7470638919485,7.64032991242555,53.559338870304));
#3822=CARTESIAN_POINT('Ctrl Pts',(-17.8032119869616,7.63304617166998,53.4900387061654));
#3823=CARTESIAN_POINT('Ctrl Pts',(-17.8577618444748,7.62561891705847,53.4193730988973));
#3824=CARTESIAN_POINT('Ctrl Pts',(-18.0759612745274,7.59590989861245,53.1367106698246));
#3825=CARTESIAN_POINT('Ctrl Pts',(-18.26858890458,7.56390465847148,52.8322011506785));
#3826=CARTESIAN_POINT('Ctrl Pts',(-18.4383303946186,7.52896820764455,52.4998030247741));
#3827=CARTESIAN_POINT('Ctrl Pts',(-18.525276922044,7.51107274154915,52.3295390382643));
#3828=CARTESIAN_POINT('Ctrl Pts',(-18.5976660379627,7.4939823728369,52.1669350416788));
#3829=CARTESIAN_POINT('Ctrl Pts',(-18.66405297476,7.4761689126478,51.9974512892489));
#3830=CARTESIAN_POINT('Ctrl Pts',(-18.7304399115574,7.4583554524587,51.8279675368191));
#3831=CARTESIAN_POINT('Ctrl Pts',(-18.7908246692334,7.43981890079276,51.6516040285448));
#3832=CARTESIAN_POINT('Ctrl Pts',(-18.8428732711837,7.4215253791046,51.4775527960524));
#3833=CARTESIAN_POINT('Ctrl Pts',(-18.9469704750844,7.38493833572826,51.1294503310675));
#3834=CARTESIAN_POINT('Ctrl Pts',(-19.0177230560823,7.34932341226302,50.7905969692099));
#3835=CARTESIAN_POINT('Ctrl Pts',(-19.0639985714087,7.31722506598824,50.4852016043739));
#3836=CARTESIAN_POINT('Ctrl Pts',(-19.0787790115719,7.30697282604867,50.3876580571166));
#3837=CARTESIAN_POINT('Ctrl Pts',(-19.0936974244956,7.29557686159686,50.2792326980148));
#3838=CARTESIAN_POINT('Ctrl Pts',(-19.1063338308745,7.28491378812599,50.1777803308108));
#3839=CARTESIAN_POINT('Ctrl Pts',(-19.1189702372534,7.27425071465512,50.0763279636068));
#3840=CARTESIAN_POINT('Ctrl Pts',(-19.1293246370877,7.26432053216518,49.9818485883005));
#3841=CARTESIAN_POINT('Ctrl Pts',(-19.138285764159,7.25465224188181,49.8898609508954));
#3842=CARTESIAN_POINT('Ctrl Pts',(-19.1562080183018,7.23531566131508,49.705885676085));
#3843=CARTESIAN_POINT('Ctrl Pts',(-19.168557181393,7.21702664957465,49.531877352879));
#3844=CARTESIAN_POINT('Ctrl Pts',(-19.1771555750794,7.1993059337725,49.3632760043477));
#3845=CARTESIAN_POINT('Ctrl Pts',(-19.1857539687658,7.18158521797035,49.1946746558163));
#3846=CARTESIAN_POINT('Ctrl Pts',(-19.1906015930473,7.16443279810648,49.0314802819597));
#3847=CARTESIAN_POINT('Ctrl Pts',(-19.1937711555977,7.14670325822523,48.8627949779237));
#3848=CARTESIAN_POINT('Ctrl Pts',(-19.1969407181481,7.12897371834397,48.6941096738878));
#3849=CARTESIAN_POINT('Ctrl Pts',(-19.1984322189674,7.11066705844533,48.5199334396726));
#3850=CARTESIAN_POINT('Ctrl Pts',(-19.2004355352268,7.09159169723711,48.3384435010417));
#3851=CARTESIAN_POINT('Ctrl Pts',(-19.2013694985111,7.08269859964482,48.2538313294217));
#3852=CARTESIAN_POINT('Ctrl Pts',(-19.2019521188248,7.07505118341943,48.1810710243202));
#3853=CARTESIAN_POINT('Ctrl Pts',(-19.2023305760508,7.06713526946861,48.1057561340038));
#3854=CARTESIAN_POINT('Ctrl Pts',(-19.2027090332768,7.05921935551779,48.0304412436875));
#3855=CARTESIAN_POINT('Ctrl Pts',(-19.2028833274152,7.05103494384154,47.9525717681563));
#3856=CARTESIAN_POINT('Ctrl Pts',(-19.2028131821143,7.04298845115155,47.8760145041254));
#3857=CARTESIAN_POINT('Ctrl Pts',(-19.2028118213358,7.04283235382159,47.8745293372377));
#3858=CARTESIAN_POINT('Ctrl Pts',(-19.2028104643033,7.04265785567652,47.872869098289));
#3859=CARTESIAN_POINT('Ctrl Pts',(-19.202809107602,7.04249077697119,47.8712794505939));
#3860=CARTESIAN_POINT('Ctrl Pts',(-9.7280378969604,6.20516661229784,59.0382166485753));
#3861=CARTESIAN_POINT('Ctrl Pts',(-9.73718270297809,6.20515643920054,59.03811985802));
#3862=CARTESIAN_POINT('Ctrl Pts',(-9.74632750899673,6.20514626610323,59.0380230674646));
#3863=CARTESIAN_POINT('Ctrl Pts',(-9.75547231501541,6.20513609300593,59.0379262769092));
#3864=CARTESIAN_POINT('Ctrl Pts',(-10.1854075899417,6.20465781349096,59.0333757512928));
#3865=CARTESIAN_POINT('Ctrl Pts',(-10.6037160798811,6.20551706721471,59.0415510043793));
#3866=CARTESIAN_POINT('Ctrl Pts',(-11.170112308636,6.20573465591993,59.0436212226218));
#3867=CARTESIAN_POINT('Ctrl Pts',(-11.8307217537008,6.20598843789536,59.046035796828));
#3868=CARTESIAN_POINT('Ctrl Pts',(-12.5697645319658,6.20484440873646,59.035151086464));
#3869=CARTESIAN_POINT('Ctrl Pts',(-13.4199825027549,6.19603487333915,58.9513339560215));
#3870=CARTESIAN_POINT('Ctrl Pts',(-14.2207815115119,6.18773739262696,58.8723887004739));
#3871=CARTESIAN_POINT('Ctrl Pts',(-15.1574103060162,6.17310929583221,58.733211656297));
#3872=CARTESIAN_POINT('Ctrl Pts',(-16.2362460916502,6.13236319411477,58.3455383944684));
#3873=CARTESIAN_POINT('Ctrl Pts',(-17.1854492863728,6.09651313200363,58.0044478378366));
#3874=CARTESIAN_POINT('Ctrl Pts',(-18.2563142837057,6.03365209783616,57.4063650487979));
#3875=CARTESIAN_POINT('Ctrl Pts',(-19.1020372776384,5.95476485607029,56.655803079849));
#3876=CARTESIAN_POINT('Ctrl Pts',(-19.9493460841299,5.87572969308243,55.9038337344836));
#3877=CARTESIAN_POINT('Ctrl Pts',(-20.6099993304287,5.78523926181043,55.042874791742));
#3878=CARTESIAN_POINT('Ctrl Pts',(-21.1141730989808,5.68146544162568,54.0555328456973));
#3879=CARTESIAN_POINT('Ctrl Pts',(-21.6306780310937,5.57515350456566,53.044042330674));
#3880=CARTESIAN_POINT('Ctrl Pts',(-21.9005582327821,5.46415073077398,51.9879214853903));
#3881=CARTESIAN_POINT('Ctrl Pts',(-22.0285342073242,5.37529414929119,51.1425075850067));
#3882=CARTESIAN_POINT('Ctrl Pts',(-22.1920367611662,5.26177066919987,50.0624038213062));
#3883=CARTESIAN_POINT('Ctrl Pts',(-22.1911737811961,5.18040026888094,49.288216176886));
#3884=CARTESIAN_POINT('Ctrl Pts',(-22.1991438884129,5.10559144572425,48.5764577689817));
#3885=CARTESIAN_POINT('Ctrl Pts',(-22.2010017547078,5.08815318707649,48.4105438207599));
#3886=CARTESIAN_POINT('Ctrl Pts',(-22.2018254572036,5.07090727536906,48.2464599314301));
#3887=CARTESIAN_POINT('Ctrl Pts',(-22.2016855869409,5.05368215580993,48.082573866177));
#3888=CARTESIAN_POINT('Origin',(-0.03018487700996,6.17054680838371,39.5752867497914));
#3889=CARTESIAN_POINT('Origin',(0.,7.6619651644951,39.4150261932941));
#3890=CARTESIAN_POINT('',(25.5,3.51927897847231,2.71332260554115E-17));
#3891=CARTESIAN_POINT('Ctrl Pts',(25.5000000000005,3.51927897847231,2.90999863095109E-15));
#3892=CARTESIAN_POINT('Ctrl Pts',(25.6144382184211,3.51927897847231,2.68329546693296E-14));
#3893=CARTESIAN_POINT('Ctrl Pts',(25.7488619213098,3.52002165599405,0.00706610461384599));
#3894=CARTESIAN_POINT('Ctrl Pts',(26.2421228479569,3.52859070067006,0.0885951186859667));
#3895=CARTESIAN_POINT('Ctrl Pts',(26.5496045136473,3.54113995810582,0.207993327562757));
#3896=CARTESIAN_POINT('Ctrl Pts',(27.1064132086547,3.57733560920523,0.552371943780499));
#3897=CARTESIAN_POINT('Ctrl Pts',(27.3453793552178,3.60128293013634,0.780215482834502));
#3898=CARTESIAN_POINT('Ctrl Pts',(27.7277531601165,3.65702354612535,1.31055201825685));
#3899=CARTESIAN_POINT('Ctrl Pts',(27.8609533736309,3.68865579286276,1.611512742206));
#3900=CARTESIAN_POINT('Ctrl Pts',(28.002032415339,3.75145292732376,2.20898756614872));
#3901=CARTESIAN_POINT('Ctrl Pts',(28.,3.77734918979177,2.4553740452716));
#3902=CARTESIAN_POINT('Ctrl Pts',(28.,4.02181845998618,4.78134377975908));
#3903=CARTESIAN_POINT('Ctrl Pts',(28.,4.14039440638053,5.90951854925925));
#3904=CARTESIAN_POINT('Ctrl Pts',(28.,5.18737070478679,15.8708326272293));
#3905=CARTESIAN_POINT('Ctrl Pts',(28.,6.09067110449376,24.4651618416863));
#3906=CARTESIAN_POINT('Ctrl Pts',(28.,6.96792162815278,32.8116430414359));
#3907=CARTESIAN_POINT('Ctrl Pts',(28.,7.97282006242314,42.3726129845617));
#3908=CARTESIAN_POINT('Ctrl Pts',(28.,8.9777184966935,51.9335829276876));
#3909=CARTESIAN_POINT('Ctrl Pts',(28.,9.9957529872537,61.619534097846));
#3910=CARTESIAN_POINT('Ctrl Pts',(27.9947181806136,10.0358235971866,62.0007804846508));
#3911=CARTESIAN_POINT('Ctrl Pts',(27.7016437784187,10.1128041423113,62.7332014468514));
#3912=CARTESIAN_POINT('Ctrl Pts',(27.5270157328098,10.1407330765593,62.9989275061055));
#3913=CARTESIAN_POINT('Ctrl Pts',(27.0930499424241,10.1887637555058,63.4559088905859));
#3914=CARTESIAN_POINT('Ctrl Pts',(26.8334341362344,10.2079078983802,63.6380532430586));
#3915=CARTESIAN_POINT('Ctrl Pts',(26.2564929725512,10.2360713307768,63.9060104031618));
#3916=CARTESIAN_POINT('Ctrl Pts',(25.9414655804784,10.2438933993698,63.9804324141259));
#3917=CARTESIAN_POINT('Ctrl Pts',(25.5632140547958,10.2459609394492,64.0001037439652));
#3918=CARTESIAN_POINT('Ctrl Pts',(25.5154711754599,10.2459500354756,64.));
#3919=CARTESIAN_POINT('Ctrl Pts',(25.4297428454309,10.2459500354756,64.));
#3920=CARTESIAN_POINT('Ctrl Pts',(25.3718841443108,10.2459500354756,64.));
#3921=CARTESIAN_POINT('Ctrl Pts',(25.1412935822507,10.2459500354756,64.));
#3922=CARTESIAN_POINT('Ctrl Pts',(24.9722309026305,10.2459500354756,64.));
#3923=CARTESIAN_POINT('Ctrl Pts',(22.2241597631751,10.2459500354756,64.));
#3924=CARTESIAN_POINT('Ctrl Pts',(19.7193587734879,10.2459500354756,64.));
#3925=CARTESIAN_POINT('Ctrl Pts',(2.66885679915229,10.2459500354756,64.));
#3926=CARTESIAN_POINT('Ctrl Pts',(-11.5016788564049,10.2459500354756,64.));
#3927=CARTESIAN_POINT('Ctrl Pts',(-25.346306030283,10.2459500354756,64.));
#3928=CARTESIAN_POINT('Ctrl Pts',(-25.4265227640707,10.2459640663517,64.0001334948691));
#3929=CARTESIAN_POINT('Ctrl Pts',(-25.8475598668246,10.2458860176804,63.9993909113653));
#3930=CARTESIAN_POINT('Ctrl Pts',(-26.1759151626885,10.2384596940505,63.9287341617947));
#3931=CARTESIAN_POINT('Ctrl Pts',(-26.7873953458669,10.2113947773128,63.6712286800294));
#3932=CARTESIAN_POINT('Ctrl Pts',(-27.0609497183997,10.1913941665607,63.4809355800266));
#3933=CARTESIAN_POINT('Ctrl Pts',(-27.5267850258818,10.1416267994858,63.0074307117491));
#3934=CARTESIAN_POINT('Ctrl Pts',(-27.7070177885602,10.1117499815402,62.7231717785808));
#3935=CARTESIAN_POINT('Ctrl Pts',(-28.005331969661,10.0324827137283,61.9689941033282));
#3936=CARTESIAN_POINT('Ctrl Pts',(-28.,9.99437330341493,61.6064072829725));
#3937=CARTESIAN_POINT('Ctrl Pts',(-28.,9.87276574684849,60.4493886694119));
#3938=CARTESIAN_POINT('Ctrl Pts',(-28.,9.7833320364373,59.5984837540664));
#3939=CARTESIAN_POINT('Ctrl Pts',(-28.,9.58042778640924,57.6679787699887));
#3940=CARTESIAN_POINT('Ctrl Pts',(-28.,9.46792995323263,56.5976333848362));
#3941=CARTESIAN_POINT('Ctrl Pts',(-28.,7.46417098542328,37.5331402866812));
#3942=CARTESIAN_POINT('Ctrl Pts',(-28.,5.62764927787895,20.0598034330132));
#3943=CARTESIAN_POINT('Ctrl Pts',(-28.,3.77404168949348,2.4239052820012));
#3944=CARTESIAN_POINT('Ctrl Pts',(-27.9991900163161,3.76094996022698,2.2993457984018));
#3945=CARTESIAN_POINT('Ctrl Pts',(-27.923584308168,3.70780573243978,1.7937122465962));
#3946=CARTESIAN_POINT('Ctrl Pts',(-27.810589425596,3.67571849378591,1.48842256372773));
#3947=CARTESIAN_POINT('Ctrl Pts',(-27.4802455630911,3.61744162154904,0.933955162013983));
#3948=CARTESIAN_POINT('Ctrl Pts',(-27.2603662778246,3.59225128802534,0.694285148153472));
#3949=CARTESIAN_POINT('Ctrl Pts',(-26.7444792721975,3.55132372553389,0.304885402386806));
#3950=CARTESIAN_POINT('Ctrl Pts',(-26.4494975954845,3.53665753875922,0.165345956259351));
#3951=CARTESIAN_POINT('Ctrl Pts',(-25.7534021939687,3.51717587595027,-0.0200096838793003));
#3952=CARTESIAN_POINT('Ctrl Pts',(-25.64885081836,3.51927897847231,2.71332260554115E-17));
#3953=CARTESIAN_POINT('Ctrl Pts',(-22.471053414723,3.51927897847231,2.71332260554115E-17));
#3954=CARTESIAN_POINT('Ctrl Pts',(-20.8118103369264,3.51927897847231,2.71332260554115E-17));
#3955=CARTESIAN_POINT('Ctrl Pts',(-17.0103216429901,3.51927897847231,2.71332260554115E-17));
#3956=CARTESIAN_POINT('Ctrl Pts',(-14.8872564721573,3.51927897847231,2.71332260554115E-17));
#3957=CARTESIAN_POINT('Ctrl Pts',(-8.44522585815353,3.51927897847231,2.71332260554115E-17));
#3958=CARTESIAN_POINT('Ctrl Pts',(-4.19909551648795,3.51927897847231,2.71332260554115E-17));
#3959=CARTESIAN_POINT('Ctrl Pts',(8.68496571151965,3.51927897847231,2.71332260554115E-17));
#3960=CARTESIAN_POINT('Ctrl Pts',(17.1772263948508,3.51927897847231,2.71332260554115E-17));
#3961=CARTESIAN_POINT('Ctrl Pts',(25.4487244520807,3.51927897847231,2.71332260554115E-17));
#3962=CARTESIAN_POINT('Ctrl Pts',(25.4738398255032,3.51927897847231,-2.55870503373309E-15));
#3963=CARTESIAN_POINT('Ctrl Pts',(25.5000000000005,3.51927897847231,2.90999863095109E-15));
#3964=CARTESIAN_POINT('Ctrl Pts',(25.5,0.232181238921841,2.20905692653531));
#3965=CARTESIAN_POINT('Ctrl Pts',(24.9687530350592,0.232181238921841,2.20905692653531));
#3966=CARTESIAN_POINT('Ctrl Pts',(23.9062591051776,0.232181238921841,2.20905692653531));
#3967=CARTESIAN_POINT('Ctrl Pts',(22.3125182103552,0.232181238921842,2.20905692653532));
#3968=CARTESIAN_POINT('Ctrl Pts',(20.7187773155329,0.232181238921842,2.20905692653532));
#3969=CARTESIAN_POINT('Ctrl Pts',(19.1250364207109,0.232181238921844,2.20905692653534));
#3970=CARTESIAN_POINT('Ctrl Pts',(17.5312955258888,0.232181238921846,2.20905692653536));
#3971=CARTESIAN_POINT('Ctrl Pts',(15.9375546310686,0.232181238921856,2.20905692653545));
#3972=CARTESIAN_POINT('Ctrl Pts',(14.3438137362474,0.232181238921861,2.2090569265355));
#3973=CARTESIAN_POINT('Ctrl Pts',(12.7500728414352,0.232181238921906,2.20905692653593));
#3974=CARTESIAN_POINT('Ctrl Pts',(11.1563319466173,0.232181238921924,2.2090569265361));
#3975=CARTESIAN_POINT('Ctrl Pts',(9.56259105184128,0.23218123892213,2.20905692653806));
#3976=CARTESIAN_POINT('Ctrl Pts',(7.96885015703191,0.232181238922179,2.20905692653853));
#3977=CARTESIAN_POINT('Ctrl Pts',(6.37510926236348,0.232181238922866,2.20905692654506));
#3978=CARTESIAN_POINT('Ctrl Pts',(4.78136836777161,0.23218123892383,2.20905692655424));
#3979=CARTESIAN_POINT('Ctrl Pts',(3.18762747353248,0.232181238926452,2.20905692657919));
#3980=CARTESIAN_POINT('Ctrl Pts',(1.59388657968996,0.232181238930526,2.20905692661795));
#3981=CARTESIAN_POINT('Ctrl Pts',(0.000145687409319416,0.232181238941999,
2.2090569267271));
#3982=CARTESIAN_POINT('Ctrl Pts',(-1.59359520323206,0.232181238959259,2.20905692689132));
#3983=CARTESIAN_POINT('Ctrl Pts',(-3.18733608688721,0.232181239009879,2.20905692737294));
#3984=CARTESIAN_POINT('Ctrl Pts',(-4.78107696389995,0.232181239082799,2.20905692806672));
#3985=CARTESIAN_POINT('Ctrl Pts',(-6.3748178096988,0.232181239306066,2.20905693019097));
#3986=CARTESIAN_POINT('Ctrl Pts',(-7.96855862561556,0.232181239627438,2.20905693324862));
#3987=CARTESIAN_POINT('Ctrl Pts',(-9.56229938482766,0.232181240254738,2.20905693921698));
#3988=CARTESIAN_POINT('Ctrl Pts',(-11.1560398291179,0.232181242100269,2.20905695677604));
#3989=CARTESIAN_POINT('Ctrl Pts',(-12.7497798870835,0.232181245972667,2.20905699361944));
#3990=CARTESIAN_POINT('Ctrl Pts',(-14.3435190999436,0.232181252702925,2.20905705765357));
#3991=CARTESIAN_POINT('Ctrl Pts',(-15.9372563049158,0.232181269911658,2.20905722138373));
#3992=CARTESIAN_POINT('Ctrl Pts',(-17.530990002776,0.232181298346434,2.20905749192255));
#3993=CARTESIAN_POINT('Ctrl Pts',(-18.8590937692268,0.232181362612313,2.20905810337154));
#3994=CARTESIAN_POINT('Ctrl Pts',(-19.9215731279686,0.232181417993153,2.20905863028504));
#3995=CARTESIAN_POINT('Ctrl Pts',(-20.9840632843004,0.232181455888621,2.20905899083633));
#3996=CARTESIAN_POINT('Ctrl Pts',(-22.0464516895937,0.232181841045374,2.20906265535806));
#3997=CARTESIAN_POINT('Ctrl Pts',(-22.976120206532,0.232181995969968,2.20906412936711));
#3998=CARTESIAN_POINT('Ctrl Pts',(-23.5073039756534,0.232182137378688,2.2090654747812));
#3999=CARTESIAN_POINT('Ctrl Pts',(-24.3043144857953,0.232182107439358,2.20906518992751));
#4000=CARTESIAN_POINT('Ctrl Pts',(-24.9670249730036,0.23218444280537,2.20908740945088));
#4001=CARTESIAN_POINT('Ctrl Pts',(-25.5037329783622,0.232184282773334,2.20908588684777));
#4002=CARTESIAN_POINT('Ctrl Pts',(-25.5118217637937,0.232194432504572,2.20918245508987));
#4003=CARTESIAN_POINT('Ctrl Pts',(-25.5279741880793,0.232254569025603,2.20975461586797));
#4004=CARTESIAN_POINT('Ctrl Pts',(-25.5561618636678,0.232466584929042,2.21177181244338));
#4005=CARTESIAN_POINT('Ctrl Pts',(-25.6119867884203,0.233299053408166,2.21969222095042));
#4006=CARTESIAN_POINT('Ctrl Pts',(-25.7218405708573,0.236688434633368,2.25194002920129));
#4007=CARTESIAN_POINT('Ctrl Pts',(-25.9161473126116,0.249763878668621,2.37634456915348));
#4008=CARTESIAN_POINT('Ctrl Pts',(-26.0004825116158,0.269951550184499,2.56841743343767));
#4009=CARTESIAN_POINT('Ctrl Pts',(-26.00037131863,0.284463864989699,2.70649288556876));
#4010=CARTESIAN_POINT('Ctrl Pts',(-26.0003750866442,0.286482953920177,2.72570323351881));
#4011=CARTESIAN_POINT('Ctrl Pts',(-26.0003720881543,0.29052192493876,2.76413147580965));
#4012=CARTESIAN_POINT('Ctrl Pts',(-26.0003710252129,0.297589729898418,2.8313771480872));
#4013=CARTESIAN_POINT('Ctrl Pts',(-26.0003624341574,0.307686874318905,2.92744506005063));
#4014=CARTESIAN_POINT('Ctrl Pts',(-26.0003565113972,0.319803282436607,3.04272498275855));
#4015=CARTESIAN_POINT('Ctrl Pts',(-26.0003497629725,0.335958551263235,3.19643209823103));
#4016=CARTESIAN_POINT('Ctrl Pts',(-26.0003300858809,0.356152699489614,3.38856658429939));
#4017=CARTESIAN_POINT('Ctrl Pts',(-26.0003153333898,0.388463218848168,3.69598064118189));
#4018=CARTESIAN_POINT('Ctrl Pts',(-26.000266012123,0.428851618238576,4.08025059270493));
#4019=CARTESIAN_POINT('Ctrl Pts',(-26.0002348320942,0.493472661090565,4.69507874581069));
#4020=CARTESIAN_POINT('Ctrl Pts',(-26.0001385221583,0.574249446443793,5.46361852110181));
#4021=CARTESIAN_POINT('Ctrl Pts',(-26.000095303823,0.671180978193067,6.38586044127045));
#4022=CARTESIAN_POINT('Ctrl Pts',(-26.0000485373929,0.751957344751722,7.15439623199737));
#4023=CARTESIAN_POINT('Ctrl Pts',(-26.0000404886554,0.808500592442535,7.69236929795315));
#4024=CARTESIAN_POINT('Ctrl Pts',(-26.0000380769943,0.840811001086922,7.99978230146071));
#4025=CARTESIAN_POINT('Ctrl Pts',(-26.0000358471688,0.889276602322258,8.46090169510671));
#4026=CARTESIAN_POINT('Ctrl Pts',(-26.0000221258197,0.961975092106306,9.15258162218372));
#4027=CARTESIAN_POINT('Ctrl Pts',(-26.0000162204828,1.05890630681949,10.0748205259555));
#4028=CARTESIAN_POINT('Ctrl Pts',(-26.0000097946356,1.15583752593985,10.9970594716587));
#4029=CARTESIAN_POINT('Ctrl Pts',(-26.0000067499941,1.25276871640494,11.9192981447252));
#4030=CARTESIAN_POINT('Ctrl Pts',(-26.0000042501607,1.34969990225166,12.8415367738509));
#4031=CARTESIAN_POINT('Ctrl Pts',(-26.000002852239,1.44663107875957,13.7637753141238));
#4032=CARTESIAN_POINT('Ctrl Pts',(-26.0000018387997,1.54356225200865,14.6860138233909));
#4033=CARTESIAN_POINT('Ctrl Pts',(-26.0000012326785,1.64049342180559,15.608252299813));
#4034=CARTESIAN_POINT('Ctrl Pts',(-26.0000008172441,1.73742458998634,16.5304907608583));
#4035=CARTESIAN_POINT('Ctrl Pts',(-26.0000005613779,1.84512588622128,17.5552001454297));
#4036=CARTESIAN_POINT('Ctrl Pts',(-26.0000003083708,1.96359731183865,18.6823804661647));
#4037=CARTESIAN_POINT('Ctrl Pts',(-26.0000001518274,2.09283886604473,19.9120317155115));
#4038=CARTESIAN_POINT('Ctrl Pts',(-26.0000000972941,2.22208041938669,21.1416829566367));
#4039=CARTESIAN_POINT('Ctrl Pts',(-26.0000000483625,2.3513219726799,22.3713341972981));
#4040=CARTESIAN_POINT('Ctrl Pts',(-26.0000000299726,2.48056352571517,23.6009854355054));
#4041=CARTESIAN_POINT('Ctrl Pts',(-26.0000000168821,2.59903494929648,24.7281657368686));
#4042=CARTESIAN_POINT('Ctrl Pts',(-26.0000000104191,2.70673624341539,25.7528751013073));
#4043=CARTESIAN_POINT('Ctrl Pts',(-26.0000000069028,2.80366740810126,26.675113529101));
#4044=CARTESIAN_POINT('Ctrl Pts',(-26.0000000044594,2.90059857277617,27.5973519567903));
#4045=CARTESIAN_POINT('Ctrl Pts',(-26.0000000029334,2.99752973744019,28.5195903843761));
#4046=CARTESIAN_POINT('Ctrl Pts',(-26.0000000019083,3.09446090209534,29.4418288118775));
#4047=CARTESIAN_POINT('Ctrl Pts',(-26.0000000012548,3.19139206674021,30.364067239281));
#4048=CARTESIAN_POINT('Ctrl Pts',(-26.0000000008249,3.28832323137229,31.2863056665628));
#4049=CARTESIAN_POINT('Ctrl Pts',(-26.0000000005514,3.38525439598633,32.2085440936731));
#4050=CARTESIAN_POINT('Ctrl Pts',(-26.0000000003782,3.48218556057394,33.1307825205318));
#4051=CARTESIAN_POINT('Ctrl Pts',(-26.0000000002756,3.57911672512173,34.0530209470117));
#4052=CARTESIAN_POINT('Ctrl Pts',(-26.0000000002237,3.67604788960902,34.975259372916));
#4053=CARTESIAN_POINT('Ctrl Pts',(-26.0000000002133,3.77297905400384,35.8974977979405));
#4054=CARTESIAN_POINT('Ctrl Pts',(-26.0000000002423,3.86991021825734,36.8197362216204));
#4055=CARTESIAN_POINT('Ctrl Pts',(-26.0000000003162,3.96684138229408,37.741974643238));
#4056=CARTESIAN_POINT('Ctrl Pts',(-26.0000000004485,4.06377254599949,38.6642130617031));
#4057=CARTESIAN_POINT('Ctrl Pts',(-26.0000000006637,4.16070370919559,39.5864514753226));
#4058=CARTESIAN_POINT('Ctrl Pts',(-26.0000000010018,4.25763487161501,40.5086898815524));
#4059=CARTESIAN_POINT('Ctrl Pts',(-26.0000000015249,4.35456603283601,41.43092827638));
#4060=CARTESIAN_POINT('Ctrl Pts',(-26.0000000023307,4.4514971922392,42.3531666539123));
#4061=CARTESIAN_POINT('Ctrl Pts',(-26.0000000035661,4.5484283488155,43.2754050045485));
#4062=CARTESIAN_POINT('Ctrl Pts',(-26.000000005464,4.64535950115243,44.1976433148498));
#4063=CARTESIAN_POINT('Ctrl Pts',(-26.0000000083656,4.74229064678706,45.1198815613831));
#4064=CARTESIAN_POINT('Ctrl Pts',(-26.0000000128296,4.83922178261155,46.042119714579));
#4065=CARTESIAN_POINT('Ctrl Pts',(-26.0000000196322,4.93615290237709,46.9643577149842));
#4066=CARTESIAN_POINT('Ctrl Pts',(-26.0000000301415,5.03308399982538,47.886595503055));
#4067=CARTESIAN_POINT('Ctrl Pts',(-26.0000000460552,5.13001505796521,48.8088329171309));
#4068=CARTESIAN_POINT('Ctrl Pts',(-26.0000000708651,5.22694606727543,49.7310698666239));
#4069=CARTESIAN_POINT('Ctrl Pts',(-26.000000107935,5.32387697631543,50.6533058621096));
#4070=CARTESIAN_POINT('Ctrl Pts',(-26.0000001668524,5.4208077884881,51.5755409359642));
#4071=CARTESIAN_POINT('Ctrl Pts',(-26.0000002524174,5.51773832553042,52.4977733921283));
#4072=CARTESIAN_POINT('Ctrl Pts',(-26.0000003940555,5.61466872368467,53.4200045268608));
#4073=CARTESIAN_POINT('Ctrl Pts',(-26.0000005876111,5.71159827820397,54.3422276349428));
#4074=CARTESIAN_POINT('Ctrl Pts',(-26.0000009365997,5.80852794754824,55.2644518355115));
#4075=CARTESIAN_POINT('Ctrl Pts',(-26.0000013544546,5.90545465209322,56.1866478278991));
#4076=CARTESIAN_POINT('Ctrl Pts',(-26.000002255624,6.00238382166779,57.1088672734767));
#4077=CARTESIAN_POINT('Ctrl Pts',(-26.0000030544107,6.09930113088525,58.0309738752943));
#4078=CARTESIAN_POINT('Ctrl Pts',(-26.0000055775006,6.19623516181118,58.9532395735404));
#4079=CARTESIAN_POINT('Ctrl Pts',(-26.0000065402226,6.29311687996762,59.8750075490321));
#4080=CARTESIAN_POINT('Ctrl Pts',(-26.0000146145797,6.39009413048876,60.7976844542587));
#4081=CARTESIAN_POINT('Ctrl Pts',(-26.0000110362576,6.45455197426043,61.4109598718357));
#4082=CARTESIAN_POINT('Ctrl Pts',(-26.0000288337773,6.48875333787036,61.7363641100519));
#4083=CARTESIAN_POINT('Ctrl Pts',(-25.9983684110725,6.49215766740343,61.7687541419518));
#4084=CARTESIAN_POINT('Ctrl Pts',(-25.9886601821574,6.49882745356204,61.8322129182966));
#4085=CARTESIAN_POINT('Ctrl Pts',(-25.9644844693956,6.50698012277754,61.9097803844876));
#4086=CARTESIAN_POINT('Ctrl Pts',(-25.9171988654049,6.51596130587024,61.9952306336616));
#4087=CARTESIAN_POINT('Ctrl Pts',(-25.791375384052,6.53163189188103,62.1443263001795));
#4088=CARTESIAN_POINT('Ctrl Pts',(-25.6291462221323,6.53848538757877,62.2095329560332));
#4089=CARTESIAN_POINT('Ctrl Pts',(-25.4916881984427,6.5384785007093,62.2094674318471));
#4090=CARTESIAN_POINT('Ctrl Pts',(-25.4750900141945,6.53847869382627,62.2094692692323));
#4091=CARTESIAN_POINT('Ctrl Pts',(-25.4418891261471,6.53847852805714,62.2094676920444));
#4092=CARTESIAN_POINT('Ctrl Pts',(-25.3837898470236,6.5384784380023,62.2094668352299));
#4093=CARTESIAN_POINT('Ctrl Pts',(-25.2675896629736,6.53847780976847,62.2094608579843));
#4094=CARTESIAN_POINT('Ctrl Pts',(-25.0351906982522,6.53847619632035,62.2094455070509));
#4095=CARTESIAN_POINT('Ctrl Pts',(-24.7031918988051,6.53847174130029,62.2094031203663));
#4096=CARTESIAN_POINT('Ctrl Pts',(-24.3047931790831,6.53846893934442,62.209376461537));
#4097=CARTESIAN_POINT('Ctrl Pts',(-23.5079950231915,6.53846488105836,62.2093378495244));
#4098=CARTESIAN_POINT('Ctrl Pts',(-22.3128007404999,6.53844740239969,62.2091715511956));
#4099=CARTESIAN_POINT('Ctrl Pts',(-20.7192035844613,6.53844321888846,62.209131747745));
#4100=CARTESIAN_POINT('Ctrl Pts',(-19.1256066819055,6.53843819656789,62.2090839635568));
#4101=CARTESIAN_POINT('Ctrl Pts',(-17.5320087897601,6.53843713941297,62.2090739053995));
#4102=CARTESIAN_POINT('Ctrl Pts',(-15.9384109250573,6.53843601044722,62.2090631640079));
#4103=CARTESIAN_POINT('Ctrl Pts',(-14.3448128428217,6.53843575432927,62.2090607272085));
#4104=CARTESIAN_POINT('Ctrl Pts',(-12.92828122587,6.53843548651816,62.2090581791559));
#4105=CARTESIAN_POINT('Ctrl Pts',(-11.6888160119911,6.53843545003252,62.2090578320183));
#4106=CARTESIAN_POINT('Ctrl Pts',(-10.6264172626244,6.53843539775508,62.2090573346317));
#4107=CARTESIAN_POINT('Ctrl Pts',(-9.56401850266603,6.53843538843708,62.2090572459768));
#4108=CARTESIAN_POINT('Ctrl Pts',(-8.50161974448794,6.53843537205824,62.2090570901425));
#4109=CARTESIAN_POINT('Ctrl Pts',(-7.43922098338945,6.53843536753379,62.2090570470953));
#4110=CARTESIAN_POINT('Ctrl Pts',(-6.19975576190924,6.53843536321953,62.2090570060478));
#4111=CARTESIAN_POINT('Ctrl Pts',(-4.78322408019482,6.53843535860191,62.2090569621141));
#4112=CARTESIAN_POINT('Ctrl Pts',(-3.18962593751935,6.5384353568886,62.209056945813));
#4113=CARTESIAN_POINT('Ctrl Pts',(-1.59602779489286,6.53843535572244,62.2090569347178));
#4114=CARTESIAN_POINT('Ctrl Pts',(-0.00242965260830968,6.53843535530535,
62.2090569307495));
#4115=CARTESIAN_POINT('Ctrl Pts',(1.59116848894524,6.53843535502032,62.2090569280375));
#4116=CARTESIAN_POINT('Ctrl Pts',(3.18476662819751,6.53843535487142,62.2090569266209));
#4117=CARTESIAN_POINT('Ctrl Pts',(4.77836476424013,6.53843535471854,62.2090569251663));
#4118=CARTESIAN_POINT('Ctrl Pts',(6.37196288991049,6.53843535446154,62.2090569227211));
#4119=CARTESIAN_POINT('Ctrl Pts',(7.96556100211854,6.53843535404983,62.209056918804));
#4120=CARTESIAN_POINT('Ctrl Pts',(9.5591590682232,6.53843535301522,62.2090569089603));
#4121=CARTESIAN_POINT('Ctrl Pts',(11.1527570783533,6.53843535131258,62.2090568927608));
#4122=CARTESIAN_POINT('Ctrl Pts',(12.7463548832148,6.53843534678846,62.2090568497167));
#4123=CARTESIAN_POINT('Ctrl Pts',(14.3399524571886,6.53843533954936,62.2090567808412));
#4124=CARTESIAN_POINT('Ctrl Pts',(15.9335491148243,6.53843531964556,62.2090565914692));
#4125=CARTESIAN_POINT('Ctrl Pts',(17.5271448294156,6.53843528890257,62.2090562989692));
#4126=CARTESIAN_POINT('Ctrl Pts',(19.120736440787,6.53843520115451,62.2090554641022));
#4127=CARTESIAN_POINT('Ctrl Pts',(20.7143242709555,6.53843507130926,62.2090542287071));
#4128=CARTESIAN_POINT('Ctrl Pts',(22.042298308629,6.53843474222889,62.2090510977166));
#4129=CARTESIAN_POINT('Ctrl Pts',(22.9718795956731,6.53843452449665,62.2090490261327));
#4130=CARTESIAN_POINT('Ctrl Pts',(23.5030741349778,6.53843444273877,62.2090482482584));
#4131=CARTESIAN_POINT('Ctrl Pts',(23.8350631965523,6.53843433959476,62.2090472669087));
#4132=CARTESIAN_POINT('Ctrl Pts',(24.0674636164756,6.538434299255,62.2090468831015));
#4133=CARTESIAN_POINT('Ctrl Pts',(24.2002570005108,6.53843428533497,62.2090467506613));
#4134=CARTESIAN_POINT('Ctrl Pts',(24.2998678867262,6.53843427247765,62.2090466283321));
#4135=CARTESIAN_POINT('Ctrl Pts',(24.3994384105815,6.53843425647756,62.2090464761014));
#4136=CARTESIAN_POINT('Ctrl Pts',(24.5323199992144,6.53843423571353,62.2090462785448));
#4137=CARTESIAN_POINT('Ctrl Pts',(24.6979820023007,6.53843415919813,62.2090455505494));
#4138=CARTESIAN_POINT('Ctrl Pts',(24.8979338182935,6.53843406719484,62.2090446751966));
#4139=CARTESIAN_POINT('Ctrl Pts',(25.1613186584041,6.53843395704636,62.2090436272038));
#4140=CARTESIAN_POINT('Ctrl Pts',(25.367364964383,6.53843369937002,62.2090411755772));
#4141=CARTESIAN_POINT('Ctrl Pts',(25.5324240506453,6.53843329305944,62.2090373097902));
#4142=CARTESIAN_POINT('Ctrl Pts',(25.5963666653039,6.53779194580037,62.2029352982258));
#4143=CARTESIAN_POINT('Ctrl Pts',(25.7202409062033,6.53402810394324,62.167124735049));
#4144=CARTESIAN_POINT('Ctrl Pts',(25.8608765287962,6.52460434671875,62.0774636742871));
#4145=CARTESIAN_POINT('Ctrl Pts',(25.9450047538562,6.51175515043641,61.9552117379131));
#4146=CARTESIAN_POINT('Ctrl Pts',(25.9788436288867,6.50217840801974,61.8640951202766));
#4147=CARTESIAN_POINT('Ctrl Pts',(25.9951848318846,6.49554707758576,61.8010022257113));
#4148=CARTESIAN_POINT('Ctrl Pts',(26.0000731024811,6.49045480746776,61.7525525119094));
#4149=CARTESIAN_POINT('Ctrl Pts',(26.0000724587758,6.48656726261549,61.7155649933527));
#4150=CARTESIAN_POINT('Ctrl Pts',(26.0000724774819,6.48555755700793,61.7059582862109));
#4151=CARTESIAN_POINT('Ctrl Pts',(26.0000724246876,6.48353815260449,61.6867449367362));
#4152=CARTESIAN_POINT('Ctrl Pts',(26.0000723280623,6.48000419124589,61.6531215404033));
#4153=CARTESIAN_POINT('Ctrl Pts',(26.000071903556,6.47293627004497,61.585874762164));
#4154=CARTESIAN_POINT('Ctrl Pts',(26.000070779381,6.45880042421951,61.4513811731119));
#4155=CARTESIAN_POINT('Ctrl Pts',(26.0000656835775,6.43052871945341,61.182393870225));
#4156=CARTESIAN_POINT('Ctrl Pts',(26.0000575307476,6.37398531920456,60.6444193527765));
#4157=CARTESIAN_POINT('Ctrl Pts',(26.0000256455035,6.32148060898293,60.1448704041646));
#4158=CARTESIAN_POINT('Ctrl Pts',(26.000023683391,6.28109248600398,59.7606030825209));
#4159=CARTESIAN_POINT('Ctrl Pts',(26.0000233659741,6.26493723922597,59.6068961768269));
#4160=CARTESIAN_POINT('Ctrl Pts',(26.0000220627025,6.24474317609171,59.414762500356));
#4161=CARTESIAN_POINT('Ctrl Pts',(26.0000212658721,6.22051030427363,59.1842021261064));
#4162=CARTESIAN_POINT('Ctrl Pts',(26.000019844969,6.1720445615216,58.7230813860189));
#4163=CARTESIAN_POINT('Ctrl Pts',(26.000011737556,6.09934591670829,58.031399983937));
#4164=CARTESIAN_POINT('Ctrl Pts',(26.000008333629,6.00241442831876,57.1091584763088));
#4165=CARTESIAN_POINT('Ctrl Pts',(26.0000040592006,5.9216381806114,56.3406238163764));
#4166=CARTESIAN_POINT('Ctrl Pts',(26.0000033869628,5.85701719655265,55.7257962226509));
#4167=CARTESIAN_POINT('Ctrl Pts',(26.0000027074419,5.80855145760825,55.2646755187907));
#4168=CARTESIAN_POINT('Ctrl Pts',(26.0000022886148,5.76008572000248,54.8035548276667));
#4169=CARTESIAN_POINT('Ctrl Pts',(26.0000019192579,5.71161998265075,54.3424341389598));
#4170=CARTESIAN_POINT('Ctrl Pts',(26.0000016493077,5.66315424580947,53.8813134551093));
#4171=CARTESIAN_POINT('Ctrl Pts',(26.0000014259406,5.59853326405569,53.2664858833142));
#4172=CARTESIAN_POINT('Ctrl Pts',(26.000000899787,5.51775703559541,52.4979514065055));
#4173=CARTESIAN_POINT('Ctrl Pts',(26.0000006298139,5.42082556329891,51.5757100519923));
#4174=CARTESIAN_POINT('Ctrl Pts',(26.0000003933923,5.32389409117469,50.6534686991181));
#4175=CARTESIAN_POINT('Ctrl Pts',(26.0000002664438,5.22696261961261,49.7312273515924));
#4176=CARTESIAN_POINT('Ctrl Pts',(26.0000001729214,5.13003114822218,48.8089860056998));
#4177=CARTESIAN_POINT('Ctrl Pts',(26.0000001171332,5.03309967702551,47.8867446616507));
#4178=CARTESIAN_POINT('Ctrl Pts',(26.0000000799018,4.92539804248967,46.8620320583612));
#4179=CARTESIAN_POINT('Ctrl Pts',(26.000000043689,4.80692624452459,45.7348481949744));
#4180=CARTESIAN_POINT('Ctrl Pts',(26.0000000247289,4.67768428321366,44.5051930722836));
#4181=CARTESIAN_POINT('Ctrl Pts',(26.0000000109787,4.54844232192946,43.2755379498473));
#4182=CARTESIAN_POINT('Ctrl Pts',(26.0000000079028,4.41920036070014,42.0458828279331));
#4183=CARTESIAN_POINT('Ctrl Pts',(26.0000000038808,4.28995839946594,40.8162277059723));
#4184=CARTESIAN_POINT('Ctrl Pts',(26.0000000026841,4.17148660168091,39.6890438442987));
#4185=CARTESIAN_POINT('Ctrl Pts',(26.0000000014526,4.06378496733015,38.6643312427701));
#4186=CARTESIAN_POINT('Ctrl Pts',(26.0000000010375,3.96685349641818,37.7420899014297));
#4187=CARTESIAN_POINT('Ctrl Pts',(26.0000000006176,3.86992202550637,36.8198485600909));
#4188=CARTESIAN_POINT('Ctrl Pts',(26.0000000004002,3.77299055459591,35.8976072187649));
#4189=CARTESIAN_POINT('Ctrl Pts',(26.0000000002173,3.67605908368607,34.9753658774448));
#4190=CARTESIAN_POINT('Ctrl Pts',(26.0000000000923,3.57912761277724,34.0531245361343));
#4191=CARTESIAN_POINT('Ctrl Pts',(25.9999999999764,3.48219614186952,33.1308831948344));
#4192=CARTESIAN_POINT('Ctrl Pts',(25.9999999998597,3.38526467096344,32.2086418535501));
#4193=CARTESIAN_POINT('Ctrl Pts',(25.9999999997155,3.28833320005973,31.2864005122883));
#4194=CARTESIAN_POINT('Ctrl Pts',(25.9999999995194,3.19140172915961,30.3641591710607));
#4195=CARTESIAN_POINT('Ctrl Pts',(25.999999999234,3.09447025826493,29.4419178298849));
#4196=CARTESIAN_POINT('Ctrl Pts',(25.9999999988072,2.99753878737857,28.5196764887882));
#4197=CARTESIAN_POINT('Ctrl Pts',(25.9999999981597,2.90060731650495,27.5974351478126));
#4198=CARTESIAN_POINT('Ctrl Pts',(25.9999999971721,2.8036758456508,26.6751938070224));
#4199=CARTESIAN_POINT('Ctrl Pts',(25.9999999956608,2.70674437482655,25.7529524665166));
#4200=CARTESIAN_POINT('Ctrl Pts',(25.9999999933486,2.60981290404796,24.8307111264453));
#4201=CARTESIAN_POINT('Ctrl Pts',(25.9999999898027,2.51288143333967,23.9084697870429));
#4202=CARTESIAN_POINT('Ctrl Pts',(25.999999984379,2.41594996273836,22.9862284486583));
#4203=CARTESIAN_POINT('Ctrl Pts',(25.9999999760486,2.31901849230264,22.0639871118491));
#4204=CARTESIAN_POINT('Ctrl Pts',(25.9999999633285,2.22208702211695,21.1417457774188));
#4205=CARTESIAN_POINT('Ctrl Pts',(25.9999999437375,2.12515555232264,20.2195044467122));
#4206=CARTESIAN_POINT('Ctrl Pts',(25.9999999139401,2.02822408310968,19.2972631215369));
#4207=CARTESIAN_POINT('Ctrl Pts',(25.9999998677841,1.93129261482851,18.3750218052269));
#4208=CARTESIAN_POINT('Ctrl Pts',(25.9999997981651,1.83436114788378,17.4527805016324));
#4209=CARTESIAN_POINT('Ctrl Pts',(25.9999996890135,1.73742968319082,16.5305392194619));
#4210=CARTESIAN_POINT('Ctrl Pts',(25.9999995272714,1.64049822149341,15.6082979657922));
#4211=CARTESIAN_POINT('Ctrl Pts',(25.9999992671212,1.54356676540129,14.6860567654534));
#4212=CARTESIAN_POINT('Ctrl Pts',(25.9999988959425,1.44663531563334,13.7638156252849));
#4213=CARTESIAN_POINT('Ctrl Pts',(25.9999982658983,1.34970388061029,12.8415746254048));
#4214=CARTESIAN_POINT('Ctrl Pts',(25.9999974371804,1.25277245690366,11.9193337331932));
#4215=CARTESIAN_POINT('Ctrl Pts',(25.9999958621183,1.1558410757086,10.9970932454523));
#4216=CARTESIAN_POINT('Ctrl Pts',(25.9999941322294,1.05890970333244,10.0748528416175));
#4217=CARTESIAN_POINT('Ctrl Pts',(25.999990596363,0.978133678976008,9.30632030672728));
#4218=CARTESIAN_POINT('Ctrl Pts',(25.9999892513025,0.913512774983522,8.69149347478144));
#4219=CARTESIAN_POINT('Ctrl Pts',(25.99998662135,0.84889194417816,8.07666733916457));
#4220=CARTESIAN_POINT('Ctrl Pts',(25.9999798619077,0.768116103435815,7.30813655124567));
#4221=CARTESIAN_POINT('Ctrl Pts',(25.9999659976585,0.695418289957366,6.61646305878661));
#4222=CARTESIAN_POINT('Ctrl Pts',(25.9999637627254,0.646952681803499,6.15534359931518));
#4223=CARTESIAN_POINT('Ctrl Pts',(25.9999620562373,0.626758722565013,5.96321091134651));
#4224=CARTESIAN_POINT('Ctrl Pts',(25.9999615487457,0.610603506319908,5.8095042961538));
#4225=CARTESIAN_POINT('Ctrl Pts',(25.9999604172663,0.594448325616991,5.65579801912243));
#4226=CARTESIAN_POINT('Ctrl Pts',(25.9999586813901,0.566176745476595,5.38681190196994));
#4227=CARTESIAN_POINT('Ctrl Pts',(25.9999444289563,0.537905878276219,5.11783256798864));
#4228=CARTESIAN_POINT('Ctrl Pts',(25.9999428505531,0.513673100454127,4.88727308805105));
#4229=CARTESIAN_POINT('Ctrl Pts',(25.9999417164011,0.501556731191367,4.77199353502321));
#4230=CARTESIAN_POINT('Ctrl Pts',(25.9999400585375,0.489440391759094,4.6567142658135));
#4231=CARTESIAN_POINT('Ctrl Pts',(25.9999387592016,0.465207598041394,4.4261546346393));
#4232=CARTESIAN_POINT('Ctrl Pts',(25.9999108596777,0.44097631946381,4.19560941906038));
#4233=CARTESIAN_POINT('Ctrl Pts',(25.9999086666792,0.418762982292876,3.98426363347159));
#4234=CARTESIAN_POINT('Ctrl Pts',(25.9999078104543,0.410685408487381,3.90741065238022));
#4235=CARTESIAN_POINT('Ctrl Pts',(25.9999070917614,0.402607826848103,3.83055759675539));
#4236=CARTESIAN_POINT('Ctrl Pts',(25.9999045729099,0.392510942101449,3.73449215542345));
#4237=CARTESIAN_POINT('Ctrl Pts',(25.9999017308539,0.382414075764441,3.63842688924759));
#4238=CARTESIAN_POINT('Ctrl Pts',(25.999900734637,0.374336509932856,3.56157398402291));
#4239=CARTESIAN_POINT('Ctrl Pts',(25.9998998324983,0.368278344386568,3.50393438909151));
#4240=CARTESIAN_POINT('Ctrl Pts',(25.9998988377329,0.362220184116273,3.44629484435783));
#4241=CARTESIAN_POINT('Ctrl Pts',(25.9998978950717,0.356162020878131,3.38865527138698));
#4242=CARTESIAN_POINT('Ctrl Pts',(25.9998967763243,0.351113570491798,3.34062247448234));
#4243=CARTESIAN_POINT('Ctrl Pts',(25.9998964230877,0.347074779324141,3.30219594335876));
#4244=CARTESIAN_POINT('Ctrl Pts',(25.9998960448292,0.34303598958173,3.26376942579549));
#4245=CARTESIAN_POINT('Ctrl Pts',(25.9998947361219,0.337987550015466,3.21573673183693));
#4246=CARTESIAN_POINT('Ctrl Pts',(25.9998933883344,0.331929409853218,3.15809737841854));
#4247=CARTESIAN_POINT('Ctrl Pts',(25.9998919808647,0.32587127309046,3.10045805734414));
#4248=CARTESIAN_POINT('Ctrl Pts',(25.9998904570176,0.320822845778503,3.05242547997753));
#4249=CARTESIAN_POINT('Ctrl Pts',(25.999889985806,0.317288912741668,3.01880235310826));
#4250=CARTESIAN_POINT('Ctrl Pts',(25.9998898401401,0.315269515394795,2.99958907077222));
#4251=CARTESIAN_POINT('Ctrl Pts',(25.9998897171314,0.31325011675738,2.9803757761575));
#4252=CARTESIAN_POINT('Ctrl Pts',(25.9998892254856,0.310725887706452,2.95635934100103));
#4253=CARTESIAN_POINT('Ctrl Pts',(25.9998888232253,0.307696802153152,2.92753951708391));
#4254=CARTESIAN_POINT('Ctrl Pts',(25.9998883017928,0.30517257479887,2.90352309806996));
#4255=CARTESIAN_POINT('Ctrl Pts',(25.9998881343042,0.303153178695015,2.88430982756044));
#4256=CARTESIAN_POINT('Ctrl Pts',(25.9998880105088,0.30113378010241,2.86509653337206));
#4257=CARTESIAN_POINT('Ctrl Pts',(25.9998874148939,0.299114408384513,2.84588349487943));
#4258=CARTESIAN_POINT('Ctrl Pts',(25.9998873039312,0.297095009060973,2.82667019373667));
#4259=CARTESIAN_POINT('Ctrl Pts',(25.9998871263491,0.295832890648509,2.8146619391761));
#4260=CARTESIAN_POINT('Ctrl Pts',(25.9998870919311,0.294823189786996,2.80505527718992));
#4261=CARTESIAN_POINT('Ctrl Pts',(25.9998870203132,0.293813491044264,2.7954486353626));
#4262=CARTESIAN_POINT('Ctrl Pts',(25.999886918291,0.292046516917464,2.77863699953904));
#4263=CARTESIAN_POINT('Ctrl Pts',(25.9998862334761,0.290405788837158,2.76302651461274));
#4264=CARTESIAN_POINT('Ctrl Pts',(25.9998861817375,0.289206769684787,2.75161860940948));
#4265=CARTESIAN_POINT('Ctrl Pts',(25.9998861800933,0.288954344071606,2.7492169401281));
#4266=CARTESIAN_POINT('Ctrl Pts',(25.9998861713303,0.288575706018462,2.74561443969425));
#4267=CARTESIAN_POINT('Ctrl Pts',(25.9998861281177,0.287755324873285,2.73780903448766));
#4268=CARTESIAN_POINT('Ctrl Pts',(25.9998859358091,0.286745633219501,2.72820246010718));
#4269=CARTESIAN_POINT('Ctrl Pts',(25.9998858890212,0.285925252076126,2.72039705491773));
#4270=CARTESIAN_POINT('Ctrl Pts',(25.9998858798884,0.285546614333663,2.71679455743981));
#4271=CARTESIAN_POINT('Ctrl Pts',(25.9998858769575,0.285294188091652,2.71439288217551));
#4272=CARTESIAN_POINT('Ctrl Pts',(25.9998858620212,0.284978659789603,2.7113908309142));
#4273=CARTESIAN_POINT('Ctrl Pts',(25.9998858512217,0.284600014874154,2.70778826518987));
#4274=CARTESIAN_POINT('Ctrl Pts',(25.9998858357012,0.284284498263117,2.70478632516111));
#4275=CARTESIAN_POINT('Ctrl Pts',(25.9998858322624,0.284032025066127,2.70238420315002));
#4276=CARTESIAN_POINT('Ctrl Pts',(25.9998858280357,0.283874179677482,2.70088240459503));
#4277=CARTESIAN_POINT('Ctrl Pts',(25.9998858273427,0.283747880879391,2.69968075179987));
#4278=CARTESIAN_POINT('Ctrl Pts',(25.9998858256153,0.283653142738289,2.69877937859771));
#4279=CARTESIAN_POINT('Ctrl Pts',(25.9998858261602,0.283582080650712,2.69810326799762));
#4280=CARTESIAN_POINT('Ctrl Pts',(25.9998858241271,0.283534700487868,2.69765247586043));
#4281=CARTESIAN_POINT('Ctrl Pts',(25.9998858285844,0.283503115129134,2.69735196124601));
#4282=CARTESIAN_POINT('Ctrl Pts',(25.9998858133648,0.283479416925054,2.69712648789548));
#4283=CARTESIAN_POINT('Ctrl Pts',(25.999896711764,0.276720245837609,2.63281727076109));
#4284=CARTESIAN_POINT('Ctrl Pts',(25.9799696651215,0.266583930000105,2.53637666765996));
#4285=CARTESIAN_POINT('Ctrl Pts',(25.9169831560095,0.254643417330986,2.42277027835571));
#4286=CARTESIAN_POINT('Ctrl Pts',(25.7910899490433,0.23900155725842,2.27394792088335));
#4287=CARTESIAN_POINT('Ctrl Pts',(25.6289647489895,0.232181238921841,2.20905692653531));
#4288=CARTESIAN_POINT('Ctrl Pts',(25.5,0.232181238921841,2.20905692653531));
#4289=CARTESIAN_POINT('Ctrl Pts',(25.5,0.19882140630798,1.89165932091518));
#4290=CARTESIAN_POINT('Ctrl Pts',(24.9687530350592,0.19882140630798,1.89165932091518));
#4291=CARTESIAN_POINT('Ctrl Pts',(23.9062591051777,0.19882140630797,1.89165932091511));
#4292=CARTESIAN_POINT('Ctrl Pts',(22.3125182103556,0.198821406307945,1.89165932091493));
#4293=CARTESIAN_POINT('Ctrl Pts',(20.7187773155335,0.198821406307924,1.89165932091478));
#4294=CARTESIAN_POINT('Ctrl Pts',(19.1250364207128,0.198821406307814,1.89165932091399));
#4295=CARTESIAN_POINT('Ctrl Pts',(17.5312955258916,0.198821406307742,1.89165932091347));
#4296=CARTESIAN_POINT('Ctrl Pts',(15.9375546310769,0.198821406307244,1.89165932090989));
#4297=CARTESIAN_POINT('Ctrl Pts',(14.343813736259,0.198821406306981,1.891659320908));
#4298=CARTESIAN_POINT('Ctrl Pts',(12.7500728414717,0.198821406304717,1.89165932089172));
#4299=CARTESIAN_POINT('Ctrl Pts',(11.1563319466658,0.198821406303805,1.89165932088516));
#4300=CARTESIAN_POINT('Ctrl Pts',(9.56259105200335,0.198821406293467,1.89165932081083));
#4301=CARTESIAN_POINT('Ctrl Pts',(7.96885015723001,0.198821406291015,1.89165932079321));
#4302=CARTESIAN_POINT('Ctrl Pts',(6.37510926293557,0.198821406256439,1.89165932054461));
#4303=CARTESIAN_POINT('Ctrl Pts',(4.78136836893381,0.198821406208141,1.89165932019737));
#4304=CARTESIAN_POINT('Ctrl Pts',(3.18762747610156,0.198821406076082,1.89165931924786));
#4305=CARTESIAN_POINT('Ctrl Pts',(1.59388658477881,0.1988214058722,1.89165931778205));
#4306=CARTESIAN_POINT('Ctrl Pts',(0.000145698606300974,0.198821405294197,
1.89165931362618));
#4307=CARTESIAN_POINT('Ctrl Pts',(-1.59359518122686,0.198821404430875,1.89165930741936));
#4308=CARTESIAN_POINT('Ctrl Pts',(-3.18733603814803,0.198821401879749,1.89165928907658));
#4309=CARTESIAN_POINT('Ctrl Pts',(-4.78107686883856,0.198821398234938,1.89165926287256));
#4310=CARTESIAN_POINT('Ctrl Pts',(-6.37481759777099,0.198821386978934,1.89165918194075));
#4311=CARTESIAN_POINT('Ctrl Pts',(-7.96855820765777,0.198821370922609,1.89165906650594));
#4312=CARTESIAN_POINT('Ctrl Pts',(-9.56229864816538,0.198821339260181,1.89165883884684));
#4313=CARTESIAN_POINT('Ctrl Pts',(-11.1560379210649,0.198821247008892,1.89165817561481));
#4314=CARTESIAN_POINT('Ctrl Pts',(-12.7497760129089,0.198821051547967,1.89165677021181));
#4315=CARTESIAN_POINT('Ctrl Pts',(-14.3435107773037,0.19882071580758,1.8916543564933));
#4316=CARTESIAN_POINT('Ctrl Pts',(-15.9372393768432,0.19881984668148,1.89164810726228));
#4317=CARTESIAN_POINT('Ctrl Pts',(-17.530953868628,0.198818429792038,1.89163792103279));
#4318=CARTESIAN_POINT('Ctrl Pts',(-18.85902610479,0.198815181711042,1.89161456634012));
#4319=CARTESIAN_POINT('Ctrl Pts',(-19.9214655453824,0.198812431787103,1.89159479752065));
#4320=CARTESIAN_POINT('Ctrl Pts',(-20.9839564802735,0.198810441893182,1.89158048354054));
#4321=CARTESIAN_POINT('Ctrl Pts',(-22.0460482869558,0.198791390118605,1.89144352901155));
#4322=CARTESIAN_POINT('Ctrl Pts',(-22.9757279444284,0.198783224367188,1.89138478761263));
#4323=CARTESIAN_POINT('Ctrl Pts',(-23.5066919651386,0.198776656542046,1.8913376098038));
#4324=CARTESIAN_POINT('Ctrl Pts',(-24.3043232977115,0.198775835172051,1.89133151502754));
#4325=CARTESIAN_POINT('Ctrl Pts',(-24.9620240552563,0.198672684852371,1.89059103681309));
#4326=CARTESIAN_POINT('Ctrl Pts',(-25.5051239904493,0.19865645676206,1.89047238459053));
#4327=CARTESIAN_POINT('Ctrl Pts',(-25.5197102615862,0.198673446934092,1.89063375943822));
#4328=CARTESIAN_POINT('Ctrl Pts',(-25.5452420430923,0.198773613848867,1.89158603381487));
#4329=CARTESIAN_POINT('Ctrl Pts',(-25.5915856498981,0.19912717484697,1.89494708779338));
#4330=CARTESIAN_POINT('Ctrl Pts',(-25.6820346608755,0.200513474303271,1.90812590831559));
#4331=CARTESIAN_POINT('Ctrl Pts',(-25.8607736345849,0.206166201573012,1.96186539610197));
#4332=CARTESIAN_POINT('Ctrl Pts',(-26.1751700419225,0.227926937398549,2.16872621105276));
#4333=CARTESIAN_POINT('Ctrl Pts',(-26.3057181025772,0.261467915203149,2.48760182561281));
#4334=CARTESIAN_POINT('Ctrl Pts',(-26.2997752174588,0.284854515263152,2.70992905007936));
#4335=CARTESIAN_POINT('Ctrl Pts',(-26.3000113192552,0.286518789300039,2.72577130424798));
#4336=CARTESIAN_POINT('Ctrl Pts',(-26.299884609962,0.290744793066289,2.76597569554196));
#4337=CARTESIAN_POINT('Ctrl Pts',(-26.2999658877125,0.297682266850097,2.83198596754019));
#4338=CARTESIAN_POINT('Ctrl Pts',(-26.2998871864849,0.307872240185214,2.92894057293976));
#4339=CARTESIAN_POINT('Ctrl Pts',(-26.2999065114437,0.319937992081114,3.04374432157303));
#4340=CARTESIAN_POINT('Ctrl Pts',(-26.2998788821683,0.336112903031576,3.19764263001006));
#4341=CARTESIAN_POINT('Ctrl Pts',(-26.2998494774363,0.356284613100502,3.38957855352979));
#4342=CARTESIAN_POINT('Ctrl Pts',(-26.2998155286701,0.388596857020218,3.69701965860999));
#4343=CARTESIAN_POINT('Ctrl Pts',(-26.2997220038762,0.428959898626425,4.08108483827453));
#4344=CARTESIAN_POINT('Ctrl Pts',(-26.2996590872581,0.493570819147038,4.69583957857681));
#4345=CARTESIAN_POINT('Ctrl Pts',(-26.2994714022032,0.574305970368636,5.46405425572763));
#4346=CARTESIAN_POINT('Ctrl Pts',(-26.2993859864864,0.671220678804415,6.38616792939837));
#4347=CARTESIAN_POINT('Ctrl Pts',(-26.2992945586842,0.751977282294817,7.15455016179348));
#4348=CARTESIAN_POINT('Ctrl Pts',(-26.2992786995916,0.808517321732265,7.69249863082695));
#4349=CARTESIAN_POINT('Ctrl Pts',(-26.2992739823667,0.840826715058902,7.99990375191703));
#4350=CARTESIAN_POINT('Ctrl Pts',(-26.2992696035968,0.88929140435609,8.46101611191001));
#4351=CARTESIAN_POINT('Ctrl Pts',(-26.2992426967429,0.961984223054386,9.15265219338375));
#4352=CARTESIAN_POINT('Ctrl Pts',(-26.2992311123031,1.05891300389476,10.0748722918056));
#4353=CARTESIAN_POINT('Ctrl Pts',(-26.2992185105982,1.15584156867141,10.9970907182368));
#4354=CARTESIAN_POINT('Ctrl Pts',(-26.2992125387411,1.25277150306979,11.9193196841358));
#4355=CARTESIAN_POINT('Ctrl Pts',(-26.2992076361185,1.34970165662823,12.841550333779));
#4356=CARTESIAN_POINT('Ctrl Pts',(-26.2992048943186,1.44663225622374,13.7637844151912));
#4357=CARTESIAN_POINT('Ctrl Pts',(-26.2992029067364,1.54356301105133,14.6860196902278));
#4358=CARTESIAN_POINT('Ctrl Pts',(-26.2992017179501,1.64049393067009,15.6082562330006));
#4359=CARTESIAN_POINT('Ctrl Pts',(-26.2992009031804,1.73742492734419,16.5304933683944));
#4360=CARTESIAN_POINT('Ctrl Pts',(-26.2992004013544,1.84512611796288,17.5552019366368));
#4361=CARTESIAN_POINT('Ctrl Pts',(-26.2991999051418,1.96359743913466,18.6823814500742));
#4362=CARTESIAN_POINT('Ctrl Pts',(-26.2991995981197,2.09283892872144,19.9120321999643));
#4363=CARTESIAN_POINT('Ctrl Pts',(-26.2991994911653,2.22208045955118,21.1416832670844));
#4364=CARTESIAN_POINT('Ctrl Pts',(-26.2991993952041,2.3513219926481,22.3713343516518));
#4365=CARTESIAN_POINT('Ctrl Pts',(-26.2991993591385,2.48056353809251,23.6009855311891));
#4366=CARTESIAN_POINT('Ctrl Pts',(-26.2991993334801,2.59903495627584,24.7281657908492));
#4367=CARTESIAN_POINT('Ctrl Pts',(-26.2991993208176,2.70673624773167,25.7528751347206));
#4368=CARTESIAN_POINT('Ctrl Pts',(-26.2991993139425,2.80366741097391,26.6751135513827));
#4369=CARTESIAN_POINT('Ctrl Pts',(-26.2991993091824,2.90059857465206,27.597351971408));
#4370=CARTESIAN_POINT('Ctrl Pts',(-26.2991993062394,2.99752973870465,28.5195903943304));
#4371=CARTESIAN_POINT('Ctrl Pts',(-26.2991993043053,3.09446090296499,29.4418288188759));
#4372=CARTESIAN_POINT('Ctrl Pts',(-26.2991993031408,3.19139206738359,30.3640672446776));
#4373=CARTESIAN_POINT('Ctrl Pts',(-26.2991993024775,3.28832323190492,31.2863056713288));
#4374=CARTESIAN_POINT('Ctrl Pts',(-26.2991993022165,3.38525439650827,32.2085440987019));
#4375=CARTESIAN_POINT('Ctrl Pts',(-26.2991993022989,3.48218556118102,33.130782526748));
#4376=CARTESIAN_POINT('Ctrl Pts',(-26.2991993027447,3.57911672592652,34.0530209555672));
#4377=CARTESIAN_POINT('Ctrl Pts',(-26.2991993036341,3.67604789076025,34.9752593853922));
#4378=CARTESIAN_POINT('Ctrl Pts',(-26.2991993051328,3.77297905571441,35.8974978166447));
#4379=CARTESIAN_POINT('Ctrl Pts',(-26.2991993075171,3.8699102208437,36.8197362500126));
#4380=CARTESIAN_POINT('Ctrl Pts',(-26.2991993112289,3.96684138623425,37.7419746865662));
#4381=CARTESIAN_POINT('Ctrl Pts',(-26.2991993169532,4.06377255202281,38.6642131279866));
#4382=CARTESIAN_POINT('Ctrl Pts',(-26.2991993257513,4.16070371841449,39.5864515768054));
#4383=CARTESIAN_POINT('Ctrl Pts',(-26.2991993392448,4.25763488573774,40.5086900370335));
#4384=CARTESIAN_POINT('Ctrl Pts',(-26.299199359941,4.35456605446688,41.4309285145441));
#4385=CARTESIAN_POINT('Ctrl Pts',(-26.2991993916408,4.45149722539523,42.3531670189588));
#4386=CARTESIAN_POINT('Ctrl Pts',(-26.2991994402662,4.54842839959113,43.2754055636428));
#4387=CARTESIAN_POINT('Ctrl Pts',(-26.2991995146767,4.64535957902103,44.1976441721569));
#4388=CARTESIAN_POINT('Ctrl Pts',(-26.2991996289302,4.74229076596376,45.1198828737343));
#4389=CARTESIAN_POINT('Ctrl Pts',(-26.2991998034939,4.83922196555028,46.0421217285013));
#4390=CARTESIAN_POINT('Ctrl Pts',(-26.2992000721287,4.93615318198605,46.964360794384));
#4391=CARTESIAN_POINT('Ctrl Pts',(-26.2992004812171,5.0330844298751,47.8866002364757));
#4392=CARTESIAN_POINT('Ctrl Pts',(-26.2992011137722,5.1300157133884,48.8088401374343));
#4393=CARTESIAN_POINT('Ctrl Pts',(-26.2992020703569,5.22694707954424,49.7310810039647));
#4394=CARTESIAN_POINT('Ctrl Pts',(-26.2992035645137,5.32387850973778,50.6533227644986));
#4395=CARTESIAN_POINT('Ctrl Pts',(-26.299205790817,5.4208101777377,51.5755672015753));
#4396=CARTESIAN_POINT('Ctrl Pts',(-26.299209343397,5.51774189846515,52.4978128244816));
#4397=CARTESIAN_POINT('Ctrl Pts',(-26.299214472236,5.6146743954372,53.4200667700519));
#4398=CARTESIAN_POINT('Ctrl Pts',(-26.2992230340298,5.71160653009279,54.342318952572));
#4399=CARTESIAN_POINT('Ctrl Pts',(-26.2992345856658,5.80854157212655,55.2646008241233));
#4400=CARTESIAN_POINT('Ctrl Pts',(-26.2992557852514,5.90547334305594,56.186855914623));
#4401=CARTESIAN_POINT('Ctrl Pts',(-26.2992804636316,6.0024173413606,57.1092312374029));
#4402=CARTESIAN_POINT('Ctrl Pts',(-26.2993356984796,6.09934160784133,58.0314309448006));
#4403=CARTESIAN_POINT('Ctrl Pts',(-26.2993814650858,6.19632148239242,58.9541645779889));
#4404=CARTESIAN_POINT('Ctrl Pts',(-26.2995384189836,6.29319482379521,59.8759226794732));
#4405=CARTESIAN_POINT('Ctrl Pts',(-26.2995829999197,6.39033767656629,60.8002346819364));
#4406=CARTESIAN_POINT('Ctrl Pts',(-26.2999565673787,6.45464918688262,61.4122541772693));
#4407=CARTESIAN_POINT('Ctrl Pts',(-26.2997719870062,6.48926802610231,61.74164456331));
#4408=CARTESIAN_POINT('Ctrl Pts',(-26.2953665765904,6.49536945986094,61.799636950475));
#4409=CARTESIAN_POINT('Ctrl Pts',(-26.2773110584173,6.50577016658787,61.8985124882174));
#4410=CARTESIAN_POINT('Ctrl Pts',(-26.2352614424594,6.5189660306009,62.0239559778243));
#4411=CARTESIAN_POINT('Ctrl Pts',(-26.1568587117846,6.53302996935312,62.1576562544308));
#4412=CARTESIAN_POINT('Ctrl Pts',(-25.9531937222752,6.55744365921138,62.3897484596054));
#4413=CARTESIAN_POINT('Ctrl Pts',(-25.7003416499563,6.56765169968095,62.4868254256415));
#4414=CARTESIAN_POINT('Ctrl Pts',(-25.4889327783752,6.56764699021822,62.486789159806));
#4415=CARTESIAN_POINT('Ctrl Pts',(-25.4748958960649,6.56764713035791,62.4867904047063));
#4416=CARTESIAN_POINT('Ctrl Pts',(-25.4403528302065,6.56764702425488,62.486789736463));
#4417=CARTESIAN_POINT('Ctrl Pts',(-25.3831343103551,6.56764699329071,62.4867901260499));
#4418=CARTESIAN_POINT('Ctrl Pts',(-25.2662913917114,6.56764666481693,62.4867896709947));
#4419=CARTESIAN_POINT('Ctrl Pts',(-25.0344477248873,6.5676458577753,62.486789533585));
#4420=CARTESIAN_POINT('Ctrl Pts',(-24.7021766334288,6.56764359946936,62.4867883100874));
#4421=CARTESIAN_POINT('Ctrl Pts',(-24.3040302182964,6.56764218614112,62.4867877385869));
#4422=CARTESIAN_POINT('Ctrl Pts',(-23.5072268838598,6.56764013296904,62.4867867375826));
#4423=CARTESIAN_POINT('Ctrl Pts',(-22.3125401734145,6.56763129892908,62.4867826740623));
#4424=CARTESIAN_POINT('Ctrl Pts',(-20.7189978763553,6.56762918340047,62.486781670312));
#4425=CARTESIAN_POINT('Ctrl Pts',(-19.1255441263971,6.56762664498149,62.486780501441));
#4426=CARTESIAN_POINT('Ctrl Pts',(-17.5319624387223,6.56762611043559,62.486780248893));
#4427=CARTESIAN_POINT('Ctrl Pts',(-15.938396328493,6.56762553981865,62.4867799859471));
#4428=CARTESIAN_POINT('Ctrl Pts',(-14.344802479894,6.56762541031913,62.4867799249079));
#4429=CARTESIAN_POINT('Ctrl Pts',(-12.9282782487867,6.56762527495782,62.4867798624747));
#4430=CARTESIAN_POINT('Ctrl Pts',(-11.6888136265551,6.56762525651023,62.4867798537778));
#4431=CARTESIAN_POINT('Ctrl Pts',(-10.6264162504237,6.56762523008978,62.4867798415806));
#4432=CARTESIAN_POINT('Ctrl Pts',(-9.5640176772084,6.56762522537915,62.4867798393766));
#4433=CARTESIAN_POINT('Ctrl Pts',(-8.50161933401797,6.56762521711046,62.4867798356047));
#4434=CARTESIAN_POINT('Ctrl Pts',(-7.439220674196,6.56762521482792,62.4867798345676));
#4435=CARTESIAN_POINT('Ctrl Pts',(-6.1997555592715,6.56762521267025,62.4867798336976));
#4436=CARTESIAN_POINT('Ctrl Pts',(-4.78322398182359,6.56762521039867,62.4867798329946));
#4437=CARTESIAN_POINT('Ctrl Pts',(-3.18962587233015,6.56762520966841,62.4867798334215));
#4438=CARTESIAN_POINT('Ctrl Pts',(-1.59602774022028,6.56762520932569,62.4867798346532));
#4439=CARTESIAN_POINT('Ctrl Pts',(-0.00242956767946576,6.56762520970461,
62.486779838154));
#4440=CARTESIAN_POINT('Ctrl Pts',(1.59116863915436,6.56762521060778,62.4867798444772));
#4441=CARTESIAN_POINT('Ctrl Pts',(3.18476695220649,6.5676252131128,62.4867798601868));
#4442=CARTESIAN_POINT('Ctrl Pts',(4.77836539304954,6.56762521752063,62.4867798875184));
#4443=CARTESIAN_POINT('Ctrl Pts',(6.37196429006226,6.56762522869773,62.4867799564518));
#4444=CARTESIAN_POINT('Ctrl Pts',(7.96556371183955,6.5676252476753,62.4867800734232));
#4445=CARTESIAN_POINT('Ctrl Pts',(9.55916516466007,6.56762529676454,62.4867803759071));
#4446=CARTESIAN_POINT('Ctrl Pts',(11.1527687668377,6.56762537780962,62.4867808752834));
#4447=CARTESIAN_POINT('Ctrl Pts',(12.7463814529333,6.5676255935125,62.4867822043642));
#4448=CARTESIAN_POINT('Ctrl Pts',(14.3400028441577,6.56762593869206,62.4867843312243));
#4449=CARTESIAN_POINT('Ctrl Pts',(15.9336649883672,6.56762688792478,62.4867901800284));
#4450=CARTESIAN_POINT('Ctrl Pts',(17.5273618598589,6.56762835395634,62.4867992131263));
#4451=CARTESIAN_POINT('Ctrl Pts',(19.1212421790506,6.56763253883045,62.4868249986973));
#4452=CARTESIAN_POINT('Ctrl Pts',(20.7152572575388,6.56763873068981,62.4868631504391));
#4453=CARTESIAN_POINT('Ctrl Pts',(22.0443140289559,6.56765442526826,62.4869598543547));
#4454=CARTESIAN_POINT('Ctrl Pts',(22.974611768448,6.56766480777805,62.4870238271468));
#4455=CARTESIAN_POINT('Ctrl Pts',(23.5060752445107,6.56766870834468,62.4870478611049));
#4456=CARTESIAN_POINT('Ctrl Pts',(23.838403814008,6.56767362431525,62.4870781509934));
#4457=CARTESIAN_POINT('Ctrl Pts',(24.0709367741807,6.56767555227276,62.4870900308531));
#4458=CARTESIAN_POINT('Ctrl Pts',(24.2037762300469,6.56767621016121,62.4870940837228));
#4459=CARTESIAN_POINT('Ctrl Pts',(24.3034288191351,6.5676768365457,62.4870979449886));
#4460=CARTESIAN_POINT('Ctrl Pts',(24.4030534000378,6.56767756854481,62.487102451214));
#4461=CARTESIAN_POINT('Ctrl Pts',(24.5359991264711,6.56767865070811,62.487109131116));
#4462=CARTESIAN_POINT('Ctrl Pts',(24.7019295469207,6.56768193349241,62.4871293103846));
#4463=CARTESIAN_POINT('Ctrl Pts',(24.9021459861189,6.56768715853157,62.4871616146752));
#4464=CARTESIAN_POINT('Ctrl Pts',(25.1660039727956,6.56768997742891,62.4871786648781));
#4465=CARTESIAN_POINT('Ctrl Pts',(25.3725536627486,6.56770983783941,62.4873020284163));
#4466=CARTESIAN_POINT('Ctrl Pts',(25.5396672973138,6.56771343838861,62.4873221477268));
#4467=CARTESIAN_POINT('Ctrl Pts',(25.6488795082021,6.56674690769369,62.4781296751219));
#4468=CARTESIAN_POINT('Ctrl Pts',(25.8360484185772,6.56104681275849,62.4239347099264));
#4469=CARTESIAN_POINT('Ctrl Pts',(26.0619474310698,6.54667580629913,62.2872966004769));
#4470=CARTESIAN_POINT('Ctrl Pts',(26.1984547070102,6.52661837065244,62.0966021768649));
#4471=CARTESIAN_POINT('Ctrl Pts',(26.2565599803382,6.51139689328472,61.9519010750683));
#4472=CARTESIAN_POINT('Ctrl Pts',(26.2852917637932,6.50080363207148,61.8511981555728));
#4473=CARTESIAN_POINT('Ctrl Pts',(26.2953300005696,6.49256866888377,61.772911240259));
#4474=CARTESIAN_POINT('Ctrl Pts',(26.2968298015728,6.48631443671454,61.7134568338056));
#4475=CARTESIAN_POINT('Ctrl Pts',(26.2967191588006,6.48548093367778,61.7055226945007));
#4476=CARTESIAN_POINT('Ctrl Pts',(26.2967786469972,6.4833691801681,61.6854325664859));
#4477=CARTESIAN_POINT('Ctrl Pts',(26.2967442786365,6.47989567537982,61.6523826273859));
#4478=CARTESIAN_POINT('Ctrl Pts',(26.2967865556186,6.472783746992,61.5847164299342));
#4479=CARTESIAN_POINT('Ctrl Pts',(26.2968036173532,6.45868338319946,61.4505551072796));
#4480=CARTESIAN_POINT('Ctrl Pts',(26.2969911814566,6.43039593818435,61.1813978903547));
#4481=CARTESIAN_POINT('Ctrl Pts',(26.2972523570683,6.37388968837962,60.6437431867318));
#4482=CARTESIAN_POINT('Ctrl Pts',(26.2983361480398,6.32143039044311,60.1444969541113));
#4483=CARTESIAN_POINT('Ctrl Pts',(26.2984013227251,6.28104749415948,59.7602713464921));
#4484=CARTESIAN_POINT('Ctrl Pts',(26.2984121543142,6.26489263141597,59.6065668084662));
#4485=CARTESIAN_POINT('Ctrl Pts',(26.2984559703881,6.24470119756966,59.4144528434588));
#4486=CARTESIAN_POINT('Ctrl Pts',(26.2984828603141,6.22046977242148,59.1839029937352));
#4487=CARTESIAN_POINT('Ctrl Pts',(26.2985307058237,6.17200677667428,58.722802609022));
#4488=CARTESIAN_POINT('Ctrl Pts',(26.2988038669627,6.09932354397308,58.0312348660578));
#4489=CARTESIAN_POINT('Ctrl Pts',(26.2989185342082,6.00239855918665,57.1090413896885));
#4490=CARTESIAN_POINT('Ctrl Pts',(26.2990625459377,5.92163044604781,56.3405667383401));
#4491=CARTESIAN_POINT('Ctrl Pts',(26.2990851924627,5.85701074474743,55.7257486147736));
#4492=CARTESIAN_POINT('Ctrl Pts',(26.2991080861311,5.80854629959594,55.2646374564976));
#4493=CARTESIAN_POINT('Ctrl Pts',(26.2991221963139,5.76008136019596,54.8035226561472));
#4494=CARTESIAN_POINT('Ctrl Pts',(26.2991346401229,5.71161632634119,54.3424071583575));
#4495=CARTESIAN_POINT('Ctrl Pts',(26.2991437347691,5.66315110382737,53.8812902699434));
#4496=CARTESIAN_POINT('Ctrl Pts',(26.2991512600778,5.59853054756822,53.2664658378818));
#4497=CARTESIAN_POINT('Ctrl Pts',(26.2991689863018,5.51775532147126,52.4979387577171));
#4498=CARTESIAN_POINT('Ctrl Pts',(26.299178081766,5.42082436347434,51.575701198283));
#4499=CARTESIAN_POINT('Ctrl Pts',(26.2991860468612,5.32389334174729,50.6534631689727));
#4500=CARTESIAN_POINT('Ctrl Pts',(26.2991903237883,5.22696211202515,49.7312236060188));
#4501=CARTESIAN_POINT('Ctrl Pts',(26.2991934745757,5.1300308187991,48.8089835748316));
#4502=CARTESIAN_POINT('Ctrl Pts',(26.2991953540932,5.03309945388045,47.8867430150236));
#4503=CARTESIAN_POINT('Ctrl Pts',(26.2991966084248,4.92539789027109,46.8620309351106));
#4504=CARTESIAN_POINT('Ctrl Pts',(26.2991978284383,4.80692616129135,45.7348475807749));
#4505=CARTESIAN_POINT('Ctrl Pts',(26.2991984671908,4.67768423609496,44.5051927245694));
#4506=CARTESIAN_POINT('Ctrl Pts',(26.2991989304313,4.54844230100254,43.2755377954004));
#4507=CARTESIAN_POINT('Ctrl Pts',(26.2991990340194,4.41920034562035,42.0458827166086));
#4508=CARTESIAN_POINT('Ctrl Pts',(26.2991991694962,4.28995839204001,40.816227651111));
#4509=CARTESIAN_POINT('Ctrl Pts',(26.2991992096909,4.17148659649429,39.6890438058822));
#4510=CARTESIAN_POINT('Ctrl Pts',(26.299199251071,4.06378496445345,38.6643312213281));
#4511=CARTESIAN_POINT('Ctrl Pts',(26.2991992648796,3.96685349427515,37.7420898852901));
#4512=CARTESIAN_POINT('Ctrl Pts',(26.299199278767,3.86992202407744,36.8198485490525));
#4513=CARTESIAN_POINT('Ctrl Pts',(26.2991992856811,3.77299055344748,35.8976072095352));
#4514=CARTESIAN_POINT('Ctrl Pts',(26.2991992912213,3.67605908268167,34.9753658688778));
#4515=CARTESIAN_POINT('Ctrl Pts',(26.2991992944754,3.57912761169709,34.0531245263942));
#4516=CARTESIAN_POINT('Ctrl Pts',(26.2991992969132,3.48219614052911,33.1308831822325));
#4517=CARTESIAN_POINT('Ctrl Pts',(26.2991992985965,3.38526466910806,32.2086418357055));
#4518=CARTESIAN_POINT('Ctrl Pts',(26.299199300011,3.28833319734928,31.2864004859232));
#4519=CARTESIAN_POINT('Ctrl Pts',(26.29919930134,3.19140172509154,30.36415913129));
#4520=CARTESIAN_POINT('Ctrl Pts',(26.2991993028647,3.09447025208731,29.4419177693559));
#4521=CARTESIAN_POINT('Ctrl Pts',(26.2991993048507,2.99753877794915,28.5196763963097));
#4522=CARTESIAN_POINT('Ctrl Pts',(26.2991993076734,2.90060730207888,27.597435006272));
#4523=CARTESIAN_POINT('Ctrl Pts',(26.2991993118496,2.80367582356264,26.6751935902678));
#4524=CARTESIAN_POINT('Ctrl Pts',(26.2991993181574,2.7067443409858,25.7529521344073));
#4525=CARTESIAN_POINT('Ctrl Pts',(26.2991993277531,2.60981285220876,24.830710617685));
#4526=CARTESIAN_POINT('Ctrl Pts',(26.299199342433,2.51288135388709,23.9084690072687));
#4527=CARTESIAN_POINT('Ctrl Pts',(26.299199364864,2.41594984104112,22.986227254274));
#4528=CARTESIAN_POINT('Ctrl Pts',(26.2991993993014,2.31901830571523,22.063985280603));
#4529=CARTESIAN_POINT('Ctrl Pts',(26.2991994518752,2.22208673644322,21.1417429736956));
#4530=CARTESIAN_POINT('Ctrl Pts',(26.2991995328408,2.12515511403786,20.2195001451976));
#4531=CARTESIAN_POINT('Ctrl Pts',(26.2991996559833,2.02822341270578,19.2972565419045));
#4532=CARTESIAN_POINT('Ctrl Pts',(26.2991998467279,1.93129158487188,18.3750116967886));
#4533=CARTESIAN_POINT('Ctrl Pts',(26.2992001344337,1.83435957559916,17.4527650705527));
#4534=CARTESIAN_POINT('Ctrl Pts',(26.2992005855098,1.73742726062101,16.5305154433162));
#4535=CARTESIAN_POINT('Ctrl Pts',(26.2992012539189,1.64049453896093,15.6082618238289));
#4536=CARTESIAN_POINT('Ctrl Pts',(26.2992023290047,1.5435610563122,14.6860007339884));
#4537=CARTESIAN_POINT('Ctrl Pts',(26.2992038629224,1.44662671508062,13.7637312157476));
#4538=CARTESIAN_POINT('Ctrl Pts',(26.2992064666161,1.34969037204531,12.8414420465162));
#4539=CARTESIAN_POINT('Ctrl Pts',(26.2992098913404,1.25275249266788,11.9191377955644));
#4540=CARTESIAN_POINT('Ctrl Pts',(26.2992164003744,1.15580884181907,10.9967768881444));
#4541=CARTESIAN_POINT('Ctrl Pts',(26.2992235492395,1.05886399369514,10.0744042275033));
#4542=CARTESIAN_POINT('Ctrl Pts',(26.2992381614094,0.978060425118347,9.30560136174296));
#4543=CARTESIAN_POINT('Ctrl Pts',(26.2992437199491,0.913429043171995,8.69067169463433));
#4544=CARTESIAN_POINT('Ctrl Pts',(26.299254588378,0.848787725169722,8.07564448882221));
#4545=CARTESIAN_POINT('Ctrl Pts',(26.2992825221597,0.767959228712983,7.30659691498967));
#4546=CARTESIAN_POINT('Ctrl Pts',(26.2993398169625,0.695153413432503,6.61386344621881));
#4547=CARTESIAN_POINT('Ctrl Pts',(26.2993490529513,0.646670395262711,6.15257311733482));
#4548=CARTESIAN_POINT('Ctrl Pts',(26.2993561051109,0.626463142568123,5.9603099616489));
#4549=CARTESIAN_POINT('Ctrl Pts',(26.299358202349,0.610303972988969,5.8065645467291));
#4550=CARTESIAN_POINT('Ctrl Pts',(26.2993628782521,0.594139978118959,5.65277176365661));
#4551=CARTESIAN_POINT('Ctrl Pts',(26.2993700518599,0.565854875590368,5.38365293194848));
#4552=CARTESIAN_POINT('Ctrl Pts',(26.2994289508575,0.537472982649809,5.11358394342086));
#4553=CARTESIAN_POINT('Ctrl Pts',(26.2994354736993,0.513227909145904,4.88290378835366));
#4554=CARTESIAN_POINT('Ctrl Pts',(26.2994401606471,0.501102704896518,4.76753752495282));
#4555=CARTESIAN_POINT('Ctrl Pts',(26.2994470118635,0.488973450790073,4.65213150555526));
#4556=CARTESIAN_POINT('Ctrl Pts',(26.2994523814433,0.464730535311441,4.42147253504949));
#4557=CARTESIAN_POINT('Ctrl Pts',(26.2995676778208,0.440281920850909,4.18879429128682));
#4558=CARTESIAN_POINT('Ctrl Pts',(26.2995767405127,0.418051500331923,3.97728084234501));
#4559=CARTESIAN_POINT('Ctrl Pts',(26.2995802789108,0.409967256578066,3.90036239950087));
#4560=CARTESIAN_POINT('Ctrl Pts',(26.2995832489506,0.401884076356949,3.82345439697685));
#4561=CARTESIAN_POINT('Ctrl Pts',(26.2995936582486,0.391767569883965,3.72719637955158));
#4562=CARTESIAN_POINT('Ctrl Pts',(26.2996054032074,0.381648564074344,3.63091382703341));
#4563=CARTESIAN_POINT('Ctrl Pts',(26.2996095201305,0.373563237763641,3.55398475711632));
#4564=CARTESIAN_POINT('Ctrl Pts',(26.2996132482705,0.367498044602083,3.49627619013469));
#4565=CARTESIAN_POINT('Ctrl Pts',(26.2996173591955,0.36143213515924,3.43856059167614));
#4566=CARTESIAN_POINT('Ctrl Pts',(26.2996212547966,0.355366628638279,3.38084894855745));
#4567=CARTESIAN_POINT('Ctrl Pts',(26.2996258780842,0.350309463266252,3.33273061902077));
#4568=CARTESIAN_POINT('Ctrl Pts',(26.2996273378545,0.34626792040355,3.29427708157406));
#4569=CARTESIAN_POINT('Ctrl Pts',(26.2996289010296,0.342226184045986,3.25582164465755));
#4570=CARTESIAN_POINT('Ctrl Pts',(26.2996343093373,0.33716754971606,3.20768889488712));
#4571=CARTESIAN_POINT('Ctrl Pts',(26.299639879146,0.331098910357501,3.14994649782341));
#4572=CARTESIAN_POINT('Ctrl Pts',(26.2996456955954,0.325029809476191,3.0921995701561));
#4573=CARTESIAN_POINT('Ctrl Pts',(26.2996519929804,0.319969511472697,3.04405048869792));
#4574=CARTESIAN_POINT('Ctrl Pts',(26.2996539402896,0.316431907720696,3.01039133584529));
#4575=CARTESIAN_POINT('Ctrl Pts',(26.299654542262,0.314411375644343,2.99116691678425));
#4576=CARTESIAN_POINT('Ctrl Pts',(26.2996550506026,0.312391018775091,2.97194421766858));
#4577=CARTESIAN_POINT('Ctrl Pts',(26.2996570823571,0.309862959828002,2.94789019425774));
#4578=CARTESIAN_POINT('Ctrl Pts',(26.2996587447205,0.30683074068781,2.91903961596603));
#4579=CARTESIAN_POINT('Ctrl Pts',(26.2996608995704,0.304302451400087,2.89498333138367));
#4580=CARTESIAN_POINT('Ctrl Pts',(26.2996615917266,0.302281750568625,2.87575725571414));
#4581=CARTESIAN_POINT('Ctrl Pts',(26.2996621033183,0.300261387615858,2.85653449687878));
#4582=CARTESIAN_POINT('Ctrl Pts',(26.2996645647307,0.298237376088387,2.8372759212919));
#4583=CARTESIAN_POINT('Ctrl Pts',(26.2996650232906,0.296217112370522,2.81805413661005));
#4584=CARTESIAN_POINT('Ctrl Pts',(26.2996657571588,0.294953610602464,2.80603230520046));
#4585=CARTESIAN_POINT('Ctrl Pts',(26.2996658993928,0.293943641627128,2.79642301182947));
#4586=CARTESIAN_POINT('Ctrl Pts',(26.2996661953579,0.292933384984615,2.78681089453283));
#4587=CARTESIAN_POINT('Ctrl Pts',(26.2996666169707,0.291165616109513,2.76999145870633));
#4588=CARTESIAN_POINT('Ctrl Pts',(26.299669447007,0.289519553356354,2.75432861699756));
#4589=CARTESIAN_POINT('Ctrl Pts',(26.2996696608197,0.288320131162944,2.74291675617554));
#4590=CARTESIAN_POINT('Ctrl Pts',(26.2996696676144,0.28806769274156,2.74051496118894));
#4591=CARTESIAN_POINT('Ctrl Pts',(26.2996697038277,0.287688986425482,2.73691179079313));
#4592=CARTESIAN_POINT('Ctrl Pts',(26.2996698824112,0.286868268649684,2.72910308174884));
#4593=CARTESIAN_POINT('Ctrl Pts',(26.2996706771205,0.285857078944906,2.71948180484734));
#4594=CARTESIAN_POINT('Ctrl Pts',(26.2996708704959,0.285036333295994,2.71167282224545));
#4595=CARTESIAN_POINT('Ctrl Pts',(26.299670908214,0.284657624442297,2.70806962684867));
#4596=CARTESIAN_POINT('Ctrl Pts',(26.2996709203823,0.284405175291349,2.70566772675212));
#4597=CARTESIAN_POINT('Ctrl Pts',(26.2996709818695,0.284089530964224,2.70266453674546));
#4598=CARTESIAN_POINT('Ctrl Pts',(26.29967102705,0.283710801161364,2.6990611379576));
#4599=CARTESIAN_POINT('Ctrl Pts',(26.299671090172,0.283395165049563,2.69605802498937));
#4600=CARTESIAN_POINT('Ctrl Pts',(26.2996711058849,0.283142662993191,2.69365561989836));
#4601=CARTESIAN_POINT('Ctrl Pts',(26.2996711206329,0.28298478842856,2.69215353471062));
#4602=CARTESIAN_POINT('Ctrl Pts',(26.2996711277528,0.282858478362765,2.69095177177864));
#4603=CARTESIAN_POINT('Ctrl Pts',(26.299671125723,0.282763739409254,2.69005038963527));
#4604=CARTESIAN_POINT('Ctrl Pts',(26.2996711404668,0.282692658127949,2.68937409245383));
#4605=CARTESIAN_POINT('Ctrl Pts',(26.2996711274715,0.282645291635704,2.68892343222692));
#4606=CARTESIAN_POINT('Ctrl Pts',(26.2996711601437,0.282613670538972,2.68862257225812));
#4607=CARTESIAN_POINT('Ctrl Pts',(26.2996710528749,0.282590088445715,2.6883982205053));
#4608=CARTESIAN_POINT('Ctrl Pts',(26.2997499999978,0.275744829542588,2.62325718935082));
#4609=CARTESIAN_POINT('Ctrl Pts',(26.2731484192242,0.256402898216413,2.43932130500363));
#4610=CARTESIAN_POINT('Ctrl Pts',(26.1740258978904,0.237150975638517,2.25629362912821));
#4611=CARTESIAN_POINT('Ctrl Pts',(25.9732374957755,0.210749066552602,2.00530518618052));
#4612=CARTESIAN_POINT('Ctrl Pts',(25.7098251584932,0.19882140630798,1.89165932091518));
#4613=CARTESIAN_POINT('Ctrl Pts',(25.5,0.19882140630798,1.89165932091518));
#4614=CARTESIAN_POINT('Ctrl Pts',(25.5,0.287441794827523,1.24181057101223));
#4615=CARTESIAN_POINT('Ctrl Pts',(24.9687530350592,0.287441794827523,1.24181057101223));
#4616=CARTESIAN_POINT('Ctrl Pts',(23.9062591051779,0.287441794827503,1.241810571012));
#4617=CARTESIAN_POINT('Ctrl Pts',(22.3125182103564,0.287441794827453,1.24181057101144));
#4618=CARTESIAN_POINT('Ctrl Pts',(20.7187773155348,0.287441794827411,1.24181057101097));
#4619=CARTESIAN_POINT('Ctrl Pts',(19.1250364207166,0.28744179482719,1.24181057100846));
#4620=CARTESIAN_POINT('Ctrl Pts',(17.5312955258972,0.287441794827046,1.24181057100683));
#4621=CARTESIAN_POINT('Ctrl Pts',(15.9375546310937,0.287441794826047,1.24181057099552));
#4622=CARTESIAN_POINT('Ctrl Pts',(14.3438137362827,0.287441794825518,1.24181057098954));
#4623=CARTESIAN_POINT('Ctrl Pts',(12.7500728415464,0.287441794820978,1.24181057093812));
#4624=CARTESIAN_POINT('Ctrl Pts',(11.1563319467651,0.287441794819148,1.2418105709174));
#4625=CARTESIAN_POINT('Ctrl Pts',(9.56259105233531,0.287441794798409,1.24181057068257));
#4626=CARTESIAN_POINT('Ctrl Pts',(7.96885015763531,0.287441794793489,1.24181057062687));
#4627=CARTESIAN_POINT('Ctrl Pts',(6.37510926410756,0.28744179472413,1.24181056984151));
#4628=CARTESIAN_POINT('Ctrl Pts',(4.78136837131191,0.287441794627239,1.24181056874443));
#4629=CARTESIAN_POINT('Ctrl Pts',(3.18762748136488,0.287441794362324,1.2418105657448));
#4630=CARTESIAN_POINT('Ctrl Pts',(1.59388659519087,0.287441793953315,1.24181056111361));
#4631=CARTESIAN_POINT('Ctrl Pts',(0.000145721547541668,0.287441792793827,
1.24181054798477));
#4632=CARTESIAN_POINT('Ctrl Pts',(-1.59359513620723,0.287441791061899,1.24181052837419));
#4633=CARTESIAN_POINT('Ctrl Pts',(-3.18733593827859,0.2874417859443,1.24181047042782));
#4634=CARTESIAN_POINT('Ctrl Pts',(-4.78107667437669,0.287441778632333,1.24181038763458));
#4635=CARTESIAN_POINT('Ctrl Pts',(-6.37481716347584,0.287441756052655,1.24181013196584));
#4636=CARTESIAN_POINT('Ctrl Pts',(-7.9685573527274,0.287441723841475,1.24180976723931));
#4637=CARTESIAN_POINT('Ctrl Pts',(-9.56229713863349,0.287441660326777,1.24180904806521));
#4638=CARTESIAN_POINT('Ctrl Pts',(-11.1560340194428,0.287441475258732,1.24180695254378));
#4639=CARTESIAN_POINT('Ctrl Pts',(-12.749768072905,0.287441083164997,1.24180251288395));
#4640=CARTESIAN_POINT('Ctrl Pts',(-14.3434937615125,0.28744040961684,1.2417948863096));
#4641=CARTESIAN_POINT('Ctrl Pts',(-15.9372046777945,0.287438666160758,1.24177514523674));
#4642=CARTESIAN_POINT('Ctrl Pts',(-17.530880004014,0.287435823635129,1.24174295935975));
#4643=CARTESIAN_POINT('Ctrl Pts',(-18.8588874121523,0.287429308057295,1.24166918378321));
#4644=CARTESIAN_POINT('Ctrl Pts',(-19.9212455627308,0.287423791099263,1.24160671530033));
#4645=CARTESIAN_POINT('Ctrl Pts',(-20.983736907113,0.287419800437931,1.24156152958325));
#4646=CARTESIAN_POINT('Ctrl Pts',(-22.0452255097262,0.287381577329128,1.24112872920078));
#4647=CARTESIAN_POINT('Ctrl Pts',(-22.974922713218,0.287365201609567,1.24094330928752));
#4648=CARTESIAN_POINT('Ctrl Pts',(-23.5054441664341,0.287352018770673,1.24079403791159));
#4649=CARTESIAN_POINT('Ctrl Pts',(-24.3043146684851,0.287350403080377,1.24077575449556));
#4650=CARTESIAN_POINT('Ctrl Pts',(-24.9519527681234,0.287143282112161,1.23843046374954));
#4651=CARTESIAN_POINT('Ctrl Pts',(-25.5078066045219,0.287111061812748,1.23806574907993));
#4652=CARTESIAN_POINT('Ctrl Pts',(-25.5353664388281,0.287137885710078,1.23835692509949));
#4653=CARTESIAN_POINT('Ctrl Pts',(-25.5796259630497,0.287295820631332,1.24007022968353));
#4654=CARTESIAN_POINT('Ctrl Pts',(-25.6622215584607,0.287853450006345,1.24612196133507));
#4655=CARTESIAN_POINT('Ctrl Pts',(-25.8218047763823,0.290038941800599,1.26982886928053));
#4656=CARTESIAN_POINT('Ctrl Pts',(-26.1380906010133,0.298951607959776,1.3665995166701));
#4657=CARTESIAN_POINT('Ctrl Pts',(-26.6923039524214,0.333203443209893,1.7385667182012));
#4658=CARTESIAN_POINT('Ctrl Pts',(-26.9152160580967,0.385698013555564,2.31143068273375));
#4659=CARTESIAN_POINT('Ctrl Pts',(-26.8976734725024,0.421481456724865,2.70259133138934));
#4660=CARTESIAN_POINT('Ctrl Pts',(-26.8983716256163,0.422650163576634,2.71168405861868));
#4661=CARTESIAN_POINT('Ctrl Pts',(-26.8979987692344,0.427137525796035,2.75544755541565));
#4662=CARTESIAN_POINT('Ctrl Pts',(-26.8982435145606,0.433893284393757,2.81898158538501));
#4663=CARTESIAN_POINT('Ctrl Pts',(-26.8980244917615,0.44421389745279,2.91771138422266));
#4664=CARTESIAN_POINT('Ctrl Pts',(-26.8980932711782,0.456209736073951,3.03155945023791));
#4665=CARTESIAN_POINT('Ctrl Pts',(-26.8980233493962,0.472412929159741,3.18583943551091));
#4666=CARTESIAN_POINT('Ctrl Pts',(-26.8979722664541,0.492555882805904,3.37737298223799));
#4667=CARTESIAN_POINT('Ctrl Pts',(-26.8978984156492,0.524872446245752,3.68486498724467));
#4668=CARTESIAN_POINT('Ctrl Pts',(-26.8977111735669,0.565206502110371,4.06850869334419));
#4669=CARTESIAN_POINT('Ctrl Pts',(-26.8975814767826,0.629807342451863,4.68310930221822));
#4670=CARTESIAN_POINT('Ctrl Pts',(-26.8972007389303,0.710496891145785,5.45065080246238));
#4671=CARTESIAN_POINT('Ctrl Pts',(-26.8970263210096,0.807393730640284,6.37249774504649));
#4672=CARTESIAN_POINT('Ctrl Pts',(-26.8968405715633,0.888128823449354,7.14056171991072));
#4673=CARTESIAN_POINT('Ctrl Pts',(-26.8968082330603,0.944665430183878,7.67845908541271));
#4674=CARTESIAN_POINT('Ctrl Pts',(-26.8967986469558,0.976973719584866,7.98584786730617));
#4675=CARTESIAN_POINT('Ctrl Pts',(-26.8967897322064,1.0254374256217,8.44694563000905));
#4676=CARTESIAN_POINT('Ctrl Pts',(-26.8967349887367,1.09812411085728,9.13849075661745));
#4677=CARTESIAN_POINT('Ctrl Pts',(-26.8967114153876,1.19505026152714,10.0606718400123));
#4678=CARTESIAN_POINT('Ctrl Pts',(-26.8966857756215,1.29197595601063,10.982847699554));
#4679=CARTESIAN_POINT('Ctrl Pts',(-26.896673624148,1.38890453265243,11.9050565270338));
#4680=CARTESIAN_POINT('Ctrl Pts',(-26.8966636489421,1.48583357004085,12.8272706231561));
#4681=CARTESIAN_POINT('Ctrl Pts',(-26.8966580700781,1.58276354595488,13.7494954543818));
#4682=CARTESIAN_POINT('Ctrl Pts',(-26.8966540259663,1.67969384838318,14.6717240199258));
#4683=CARTESIAN_POINT('Ctrl Pts',(-26.8966516071113,1.77662449753096,15.5939565512456));
#4684=CARTESIAN_POINT('Ctrl Pts',(-26.8966499492994,1.87355530877595,16.516190936532));
#4685=CARTESIAN_POINT('Ctrl Pts',(-26.8966489282255,1.98125638520944,17.5408978112634));
#4686=CARTESIAN_POINT('Ctrl Pts',(-26.8966479185788,2.09972759345862,18.6680756499319));
#4687=CARTESIAN_POINT('Ctrl Pts',(-26.8966472938792,2.22896901318314,19.8977253636773));
#4688=CARTESIAN_POINT('Ctrl Pts',(-26.8966470762581,2.3582105196735,21.1273760698173));
#4689=CARTESIAN_POINT('Ctrl Pts',(-26.8966468810123,2.48745203093692,22.3570268305585));
#4690=CARTESIAN_POINT('Ctrl Pts',(-26.8966468076314,2.61669356817484,23.5866778883818));
#4691=CARTESIAN_POINT('Ctrl Pts',(-26.8966467554407,2.73516498052584,24.7138580615208));
#4692=CARTESIAN_POINT('Ctrl Pts',(-26.8966467296905,2.84286626910559,25.7385673627192));
#4693=CARTESIAN_POINT('Ctrl Pts',(-26.8966467157246,2.93979743079211,26.6608057562798));
#4694=CARTESIAN_POINT('Ctrl Pts',(-26.8966467060739,3.03672859340022,27.5830441603926));
#4695=CARTESIAN_POINT('Ctrl Pts',(-26.8966467001397,3.13365975680361,28.5052825736202));
#4696=CARTESIAN_POINT('Ctrl Pts',(-26.896646696287,3.23059092065521,29.4275209920022));
#4697=CARTESIAN_POINT('Ctrl Pts',(-26.8966466940445,3.32752208485702,30.3497594144327));
#4698=CARTESIAN_POINT('Ctrl Pts',(-26.8966466928893,3.42445324930129,31.271997839702));
#4699=CARTESIAN_POINT('Ctrl Pts',(-26.8966466926563,3.52138441395847,32.1942362675072));
#4700=CARTESIAN_POINT('Ctrl Pts',(-26.8966466932807,3.61831557882347,33.1164746978436));
#4701=CARTESIAN_POINT('Ctrl Pts',(-26.8966466948877,3.71524674393628,34.0387131312505));
#4702=CARTESIAN_POINT('Ctrl Pts',(-26.8966466977699,3.81217790937986,34.9609515688025));
#4703=CARTESIAN_POINT('Ctrl Pts',(-26.8966467024627,3.90910907529931,35.8831900123521));
#4704=CARTESIAN_POINT('Ctrl Pts',(-26.8966467098325,4.00604024192799,36.8054284648635));
#4705=CARTESIAN_POINT('Ctrl Pts',(-26.896646721244,4.10297140962878,37.7276669309397));
#4706=CARTESIAN_POINT('Ctrl Pts',(-26.8966467388041,4.19990257896699,38.6499054177394));
#4707=CARTESIAN_POINT('Ctrl Pts',(-26.8966467657678,4.29683375080123,39.5721439361464));
#4708=CARTESIAN_POINT('Ctrl Pts',(-26.8966468071049,4.39376492647307,40.4943825031308));
#4709=CARTESIAN_POINT('Ctrl Pts',(-26.8966468704974,4.49069610798605,41.4166211441078));
#4710=CARTESIAN_POINT('Ctrl Pts',(-26.8966469675859,4.58762729853054,42.3388598993785));
#4711=CARTESIAN_POINT('Ctrl Pts',(-26.8966471165104,4.68455850272923,43.2610988276984));
#4712=CARTESIAN_POINT('Ctrl Pts',(-26.8966473443994,4.78148972826089,44.1833380258122));
#4713=CARTESIAN_POINT('Ctrl Pts',(-26.8966476943193,4.87842098556482,45.1055776270011));
#4714=CARTESIAN_POINT('Ctrl Pts',(-26.8966482289259,4.97535229359957,46.0278178688954));
#4715=CARTESIAN_POINT('Ctrl Pts',(-26.8966490516763,5.07228367480718,46.9500590411065));
#4716=CARTESIAN_POINT('Ctrl Pts',(-26.8966503044854,5.16921517832339,47.8723017536965));
#4717=CARTESIAN_POINT('Ctrl Pts',(-26.8966522418927,5.26614684653538,48.7945465704611));
#4718=CARTESIAN_POINT('Ctrl Pts',(-26.8966551712051,5.36307881781801,49.7167951832134));
#4719=CARTESIAN_POINT('Ctrl Pts',(-26.8966597479281,5.46001114037538,50.6390483370797));
#4720=CARTESIAN_POINT('Ctrl Pts',(-26.896666564595,5.55694425364035,51.5613112958157));
#4721=CARTESIAN_POINT('Ctrl Pts',(-26.8966774483079,5.65387801526415,52.483582927733));
#4722=CARTESIAN_POINT('Ctrl Pts',(-26.8966931478831,5.75081402724759,53.4058820215919));
#4723=CARTESIAN_POINT('Ctrl Pts',(-26.8967193870741,5.84775068306395,54.3281915744587));
#4724=CARTESIAN_POINT('Ctrl Pts',(-26.8967547252654,5.94469458320941,55.2505877135802));
#4725=CARTESIAN_POINT('Ctrl Pts',(-26.8968197399746,6.04163562088749,56.1729590893865));
#4726=CARTESIAN_POINT('Ctrl Pts',(-26.8968951216172,6.13860342910563,57.0956438287733));
#4727=CARTESIAN_POINT('Ctrl Pts',(-26.8970647263518,6.23554273663612,58.0180248476996));
#4728=CARTESIAN_POINT('Ctrl Pts',(-26.897203903409,6.33259351430093,58.9416897825575));
#4729=CARTESIAN_POINT('Ctrl Pts',(-26.8976867989306,6.42946855492418,59.8634145704453));
#4730=CARTESIAN_POINT('Ctrl Pts',(-26.8978182832038,6.52685682944486,60.7909907831119));
#4731=CARTESIAN_POINT('Ctrl Pts',(-26.8989718987069,6.59098808238491,61.400467749927));
#4732=CARTESIAN_POINT('Ctrl Pts',(-26.8983902307497,6.62619929301155,61.7378412135759));
#4733=CARTESIAN_POINT('Ctrl Pts',(-26.8885170884477,6.63609275593323,61.8471385302216));
#4734=CARTESIAN_POINT('Ctrl Pts',(-26.8538092406793,6.6517168575487,62.0169934708522));
#4735=CARTESIAN_POINT('Ctrl Pts',(-26.7760844077335,6.67194232142841,62.2383961296899));
#4736=CARTESIAN_POINT('Ctrl Pts',(-26.6355472665213,6.69304020413316,62.4688218845379));
#4737=CARTESIAN_POINT('Ctrl Pts',(-26.2764174089461,6.72948274369901,62.8673174739266));
#4738=CARTESIAN_POINT('Ctrl Pts',(-25.8425231711234,6.74422570338001,63.0283145824584));
#4739=CARTESIAN_POINT('Ctrl Pts',(-25.4833725234737,6.7442261616237,63.0283352843002));
#4740=CARTESIAN_POINT('Ctrl Pts',(-25.474452764125,6.74422619586146,63.0283353623075));
#4741=CARTESIAN_POINT('Ctrl Pts',(-25.4372282971441,6.74422624917207,63.0283364518966));
#4742=CARTESIAN_POINT('Ctrl Pts',(-25.3817696107222,6.74422643359463,63.0283392179326));
#4743=CARTESIAN_POINT('Ctrl Pts',(-25.2636433379566,6.74422706475657,63.028349348539));
#4744=CARTESIAN_POINT('Ctrl Pts',(-25.032911190522,6.7442288987473,63.0283783453523));
#4745=CARTESIAN_POINT('Ctrl Pts',(-24.7001017552951,6.74423378836922,63.0284559724115));
#4746=CARTESIAN_POINT('Ctrl Pts',(-24.3024630084778,6.74423690456651,63.0285053674475));
#4747=CARTESIAN_POINT('Ctrl Pts',(-23.5056545051475,6.74424138220412,63.0285764095447));
#4748=CARTESIAN_POINT('Ctrl Pts',(-22.3120042013639,6.74426071813855,63.0288830967929));
#4749=CARTESIAN_POINT('Ctrl Pts',(-20.7185768475249,6.74426533975416,63.0289564123068));
#4750=CARTESIAN_POINT('Ctrl Pts',(-19.1254155177411,6.74427089548473,63.0290445322342));
#4751=CARTESIAN_POINT('Ctrl Pts',(-17.5318675546223,6.74427206357299,63.0290630619069));
#4752=CARTESIAN_POINT('Ctrl Pts',(-15.9383663287926,6.74427331240358,63.0290828697906));
#4753=CARTESIAN_POINT('Ctrl Pts',(-14.3447812655735,6.74427359542776,63.0290873594143));
#4754=CARTESIAN_POINT('Ctrl Pts',(-12.9282721327388,6.74427389166198,63.0290920580387));
#4755=CARTESIAN_POINT('Ctrl Pts',(-11.6888087391419,6.7442739319806,63.0290926976107));
#4756=CARTESIAN_POINT('Ctrl Pts',(-10.6264141733741,6.74427398980602,63.0290936147701));
#4757=CARTESIAN_POINT('Ctrl Pts',(-9.56401598515167,6.7442740001065,63.0290937781589));
#4758=CARTESIAN_POINT('Ctrl Pts',(-8.50161849199342,6.74427401823848,63.0290940656657));
#4759=CARTESIAN_POINT('Ctrl Pts',(-7.43922004029379,6.74427402324914,63.0290941451023));
#4760=CARTESIAN_POINT('Ctrl Pts',(-6.19975514378622,6.74427402806106,63.0290942212166));
#4761=CARTESIAN_POINT('Ctrl Pts',(-4.78322378060132,6.74427403327776,63.029094303392));
#4762=CARTESIAN_POINT('Ctrl Pts',(-3.18962573970233,6.74427403541262,63.0290943360169));
#4763=CARTESIAN_POINT('Ctrl Pts',(-1.59602763029615,6.7442740371386,63.0290943611447));
#4764=CARTESIAN_POINT('Ctrl Pts',(-0.00242939832469195,6.74427403864302,
63.0290943796319));
#4765=CARTESIAN_POINT('Ctrl Pts',(1.59116893770622,6.74427404081063,63.0290944044685));
#4766=CARTESIAN_POINT('Ctrl Pts',(3.18476759567824,6.7442740455394,63.0290944559562));
#4767=CARTESIAN_POINT('Ctrl Pts',(4.77836664159366,6.74427405364192,63.0290945435955));
#4768=CARTESIAN_POINT('Ctrl Pts',(6.37196707003254,6.74427407392646,63.0290947622825));
#4769=CARTESIAN_POINT('Ctrl Pts',(7.96556909187435,6.7442741083182,63.0290951329218));
#4770=CARTESIAN_POINT('Ctrl Pts',(9.559177268841,6.74427419721866,63.0290960908323));
#4771=CARTESIAN_POINT('Ctrl Pts',(11.1527919737522,6.74427434397981,63.0290976721657));
#4772=CARTESIAN_POINT('Ctrl Pts',(12.7464342057887,6.74427473457289,63.0291018807189));
#4773=CARTESIAN_POINT('Ctrl Pts',(14.3401028850087,6.74427535961889,63.0291086154426));
#4774=CARTESIAN_POINT('Ctrl Pts',(15.9338950495139,6.74427707847171,63.0291271356689));
#4775=CARTESIAN_POINT('Ctrl Pts',(17.5277927631451,6.74427973313407,63.029155739016));
#4776=CARTESIAN_POINT('Ctrl Pts',(19.1222462971554,6.74428731102321,63.0292373889444));
#4777=CARTESIAN_POINT('Ctrl Pts',(20.7171096566291,6.7442985231245,63.0293581966302));
#4778=CARTESIAN_POINT('Ctrl Pts',(22.0483161411711,6.74432694256296,63.0296644092265));
#4779=CARTESIAN_POINT('Ctrl Pts',(22.9800363630483,6.74434574301551,63.0298669795641));
#4780=CARTESIAN_POINT('Ctrl Pts',(23.5120337975772,6.74435280608174,63.0299430824037));
#4781=CARTESIAN_POINT('Ctrl Pts',(23.8450364473356,6.74436170783593,63.0300389966489));
#4782=CARTESIAN_POINT('Ctrl Pts',(24.0778325538336,6.74436519893132,63.0300766123721));
#4783=CARTESIAN_POINT('Ctrl Pts',(24.2107634913048,6.74436639024167,63.0300894484357));
#4784=CARTESIAN_POINT('Ctrl Pts',(24.31049886103,6.7443675244454,63.0301016692472));
#4785=CARTESIAN_POINT('Ctrl Pts',(24.4102308126117,6.74436885003216,63.0301159520313));
#4786=CARTESIAN_POINT('Ctrl Pts',(24.543303753867,6.74437080930586,63.0301370630096));
#4787=CARTESIAN_POINT('Ctrl Pts',(24.7097676120358,6.74437675485104,63.0302011237218));
#4788=CARTESIAN_POINT('Ctrl Pts',(24.910508285117,6.74438621363906,63.0303030424027));
#4789=CARTESIAN_POINT('Ctrl Pts',(25.1753090594956,6.74439132563753,63.0303581156235));
#4790=CARTESIAN_POINT('Ctrl Pts',(25.3828476831906,6.74442726486561,63.0307453749373));
#4791=CARTESIAN_POINT('Ctrl Pts',(25.5540624201531,6.74443383388708,63.0308161070526));
#4792=CARTESIAN_POINT('Ctrl Pts',(25.753716408822,6.74302515072567,63.0154262488891));
#4793=CARTESIAN_POINT('Ctrl Pts',(26.0673346968074,6.73469029691245,62.9243630220681));
#4794=CARTESIAN_POINT('Ctrl Pts',(26.4635556354656,6.7135680425546,62.693523038208));
#4795=CARTESIAN_POINT('Ctrl Pts',(26.7046596162103,6.68357219256721,62.3656139169167));
#4796=CARTESIAN_POINT('Ctrl Pts',(26.8112079110244,6.66049825892553,62.1135066850251));
#4797=CARTESIAN_POINT('Ctrl Pts',(26.8646678944611,6.64437514153563,61.9374232697838));
#4798=CARTESIAN_POINT('Ctrl Pts',(26.8849740050799,6.63173005134195,61.7993430056425));
#4799=CARTESIAN_POINT('Ctrl Pts',(26.8894573615399,6.62214353304717,61.69486861843));
#4800=CARTESIAN_POINT('Ctrl Pts',(26.8891266597801,6.62155810033363,61.6902860549521));
#4801=CARTESIAN_POINT('Ctrl Pts',(26.8893045284178,6.6193162986475,61.6684390270337));
#4802=CARTESIAN_POINT('Ctrl Pts',(26.8892019565813,6.61592783063135,61.6365382899921));
#4803=CARTESIAN_POINT('Ctrl Pts',(26.889328939163,6.60875362713603,61.5680319631477));
#4804=CARTESIAN_POINT('Ctrl Pts',(26.8893816017634,6.59470236118624,61.4345373231062));
#4805=CARTESIAN_POINT('Ctrl Pts',(26.8899497413875,6.56638888886209,61.1650435550316));
#4806=CARTESIAN_POINT('Ctrl Pts',(26.8907424245634,6.50992875004342,60.6280360051229));
#4807=CARTESIAN_POINT('Ctrl Pts',(26.89402890055,6.45750917815459,60.1294209798412));
#4808=CARTESIAN_POINT('Ctrl Pts',(26.8942266019449,6.41713215046876,59.7452804754917));
#4809=CARTESIAN_POINT('Ctrl Pts',(26.894259445681,6.40097758740586,59.5915809269025));
#4810=CARTESIAN_POINT('Ctrl Pts',(26.8943923341704,6.38078886569725,59.3995074666786));
#4811=CARTESIAN_POINT('Ctrl Pts',(26.894473883401,6.35655887226174,59.1689793215687));
#4812=CARTESIAN_POINT('Ctrl Pts',(26.8946189893476,6.30809866507581,58.7079208227263));
#4813=CARTESIAN_POINT('Ctrl Pts',(26.8954474257234,6.23543097484302,58.0165870934408));
#4814=CARTESIAN_POINT('Ctrl Pts',(26.8957951866244,6.13851256175413,57.094492491896));
#4815=CARTESIAN_POINT('Ctrl Pts',(26.8962319420972,6.05775265554931,56.3261413880453));
#4816=CARTESIAN_POINT('Ctrl Pts',(26.8963006240536,5.9931342497901,55.7113427601362));
#4817=CARTESIAN_POINT('Ctrl Pts',(26.8963700554636,5.94467111018528,55.2502512542799));
#4818=CARTESIAN_POINT('Ctrl Pts',(26.896412848534,5.89620697654881,54.7891485814361));
#4819=CARTESIAN_POINT('Ctrl Pts',(26.8964505878487,5.84774265268156,54.3280437705607));
#4820=CARTESIAN_POINT('Ctrl Pts',(26.8964781698997,5.79927794930659,53.8669346959978));
#4821=CARTESIAN_POINT('Ctrl Pts',(26.8965009924946,5.73465782249069,53.2521167279014));
#4822=CARTESIAN_POINT('Ctrl Pts',(26.8965547522096,5.65388360809389,52.4836048756233));
#4823=CARTESIAN_POINT('Ctrl Pts',(26.8965823367393,5.55695316917912,51.5613751293424));
#4824=CARTESIAN_POINT('Ctrl Pts',(26.8966064931103,5.46002260204291,50.6391439424419));
#4825=CARTESIAN_POINT('Ctrl Pts',(26.8966194640836,5.36309161641065,49.7169080534897));
#4826=CARTESIAN_POINT('Ctrl Pts',(26.8966290197246,5.26616050300743,48.7946707289619));
#4827=CARTESIAN_POINT('Ctrl Pts',(26.8966347198854,5.16922924535561,47.8724317837168));
#4828=CARTESIAN_POINT('Ctrl Pts',(26.8966385239959,5.06152775333255,46.8477207813094));
#4829=CARTESIAN_POINT('Ctrl Pts',(26.896642224027,4.94305609397966,45.7205384749875));
#4830=CARTESIAN_POINT('Ctrl Pts',(26.8966441612233,4.81381420523211,44.4908841674129));
#4831=CARTESIAN_POINT('Ctrl Pts',(26.8966455661299,4.68457229657413,43.2612296361361));
#4832=CARTESIAN_POINT('Ctrl Pts',(26.8966458802925,4.55533034708901,42.0315746461296));
#4833=CARTESIAN_POINT('Ctrl Pts',(26.8966462911656,4.42608840123082,40.8019196968798));
#4834=CARTESIAN_POINT('Ctrl Pts',(26.8966464130771,4.30761660793071,39.6747358855279));
#4835=CARTESIAN_POINT('Ctrl Pts',(26.8966465385822,4.19991497820833,38.6500233359389));
#4836=CARTESIAN_POINT('Ctrl Pts',(26.896646580474,4.10298350875008,37.7277820108465));
#4837=CARTESIAN_POINT('Ctrl Pts',(26.8966466226118,4.00605203924227,36.8055406851552));
#4838=CARTESIAN_POINT('Ctrl Pts',(26.8966466436126,3.90912056884755,35.8832993494301));
#4839=CARTESIAN_POINT('Ctrl Pts',(26.8966466604632,3.81218909815374,34.9610580102419));
#4840=CARTESIAN_POINT('Ctrl Pts',(26.8966466704066,3.71525762698013,34.0388166655044));
#4841=CARTESIAN_POINT('Ctrl Pts',(26.8966466779139,3.61832615537691,33.1165753156981));
#4842=CARTESIAN_POINT('Ctrl Pts',(26.8966466831939,3.52139468317164,32.1943339587565));
#4843=CARTESIAN_POINT('Ctrl Pts',(26.8966466877516,3.42446321014453,31.2720925920127));
#4844=CARTESIAN_POINT('Ctrl Pts',(26.8966466921928,3.32753173589554,30.3498512106699));
#4845=CARTESIAN_POINT('Ctrl Pts',(26.8966466974457,3.23060025981039,29.4276098073621));
#4846=CARTESIAN_POINT('Ctrl Pts',(26.8966467044328,3.13366878093205,28.5053683706278));
#4847=CARTESIAN_POINT('Ctrl Pts',(26.8966467144706,3.03673729778373,27.5831268827829));
#4848=CARTESIAN_POINT('Ctrl Pts',(26.8966467293989,2.93980580811071,26.6608853168333));
#4849=CARTESIAN_POINT('Ctrl Pts',(26.8966467519985,2.84287430842331,25.7386436310008));
#4850=CARTESIAN_POINT('Ctrl Pts',(26.8966467864122,2.74594279344395,24.8164017621041));
#4851=CARTESIAN_POINT('Ctrl Pts',(26.8966468390824,2.64901125492349,23.8941596113892));
#4852=CARTESIAN_POINT('Ctrl Pts',(26.8966469195772,2.55207968057957,22.9719170318183));
#4853=CARTESIAN_POINT('Ctrl Pts',(26.8966470431673,2.45514805078986,22.0496737884846));
#4854=CARTESIAN_POINT('Ctrl Pts',(26.8966472318523,2.35821633727326,21.1274295428239));
#4855=CARTESIAN_POINT('Ctrl Pts',(26.8966475224382,2.26128449270505,20.2051837282931));
#4856=CARTESIAN_POINT('Ctrl Pts',(26.8966479644001,2.16435245346674,19.2829355832902));
#4857=CARTESIAN_POINT('Ctrl Pts',(26.8966486489895,2.06742010221586,18.3606837030623));
#4858=CARTESIAN_POINT('Ctrl Pts',(26.8966496815773,1.97048730345207,17.4384264654816));
#4859=CARTESIAN_POINT('Ctrl Pts',(26.8966513005085,1.87355375067581,16.5161602013215));
#4860=CARTESIAN_POINT('Ctrl Pts',(26.8966536994573,1.77661919483192,15.5938819290446));
#4861=CARTESIAN_POINT('Ctrl Pts',(26.8966575579869,1.67968276203437,14.6715811870182));
#4862=CARTESIAN_POINT('Ctrl Pts',(26.8966630632837,1.58274421157029,13.7492550935736));
#4863=CARTESIAN_POINT('Ctrl Pts',(26.8966724080535,1.48580072372272,12.8268698927713));
#4864=CARTESIAN_POINT('Ctrl Pts',(26.8966846995377,1.38885344653755,11.9044393283198));
#4865=CARTESIAN_POINT('Ctrl Pts',(26.8967080607432,1.29189193420682,10.9818383493479));
#4866=CARTESIAN_POINT('Ctrl Pts',(26.8967337183305,1.19492746883614,10.0592020183745));
#4867=CARTESIAN_POINT('Ctrl Pts',(26.8967861620426,1.11408380290992,9.28986021452664));
#4868=CARTESIAN_POINT('Ctrl Pts',(26.8968061118828,1.04943716773905,8.6747255327781));
#4869=CARTESIAN_POINT('Ctrl Pts',(26.896845119146,0.984766025610967,8.05929746861607));
#4870=CARTESIAN_POINT('Ctrl Pts',(26.8969453747017,0.903860875883536,7.28921961802692));
#4871=CARTESIAN_POINT('Ctrl Pts',(26.8971510082365,0.830897837565407,6.5943729551311));
#4872=CARTESIAN_POINT('Ctrl Pts',(26.8971841566011,0.782389474859341,6.13274197689981));
#4873=CARTESIAN_POINT('Ctrl Pts',(26.8972094671081,0.76216287028812,5.94021871765259));
#4874=CARTESIAN_POINT('Ctrl Pts',(26.8972169941867,0.745997945664362,5.78639595066895));
#4875=CARTESIAN_POINT('Ctrl Pts',(26.8972337762061,0.729821119618402,5.63243070708406));
#4876=CARTESIAN_POINT('Ctrl Pts',(26.8972595225958,0.701516331946524,5.36304729246387));
#4877=CARTESIAN_POINT('Ctrl Pts',(26.8974709136557,0.67297281388675,5.09080594257317));
#4878=CARTESIAN_POINT('Ctrl Pts',(26.897494324418,0.648709841010722,4.85988520668157));
#4879=CARTESIAN_POINT('Ctrl Pts',(26.8975111460774,0.636571775277465,4.74434607540741));
#4880=CARTESIAN_POINT('Ctrl Pts',(26.8975357353903,0.624423720704127,4.62868736380405));
#4881=CARTESIAN_POINT('Ctrl Pts',(26.8975550070453,0.600166070526905,4.39783034803114));
#4882=CARTESIAN_POINT('Ctrl Pts',(26.8979688107504,0.575401070533313,4.16089964826907));
#4883=CARTESIAN_POINT('Ctrl Pts',(26.8980013371451,0.553145781023038,3.94905194165693));
#4884=CARTESIAN_POINT('Ctrl Pts',(26.8980140366097,0.545051827528025,3.87200299269692));
#4885=CARTESIAN_POINT('Ctrl Pts',(26.8980246962112,0.536960497201755,3.79498544672058));
#4886=CARTESIAN_POINT('Ctrl Pts',(26.8980620556336,0.526815426507067,3.69834350499013));
#4887=CARTESIAN_POINT('Ctrl Pts',(26.8981042088008,0.516664191280244,3.60162776522345));
#4888=CARTESIAN_POINT('Ctrl Pts',(26.8981189846168,0.508567567694149,3.52454685155402));
#4889=CARTESIAN_POINT('Ctrl Pts',(26.8981323650728,0.502492144119771,3.46670078024357));
#4890=CARTESIAN_POINT('Ctrl Pts',(26.8981471193613,0.496414953861011,3.40883355926025));
#4891=CARTESIAN_POINT('Ctrl Pts',(26.8981611008429,0.490338757395907,3.35097823537125));
#4892=CARTESIAN_POINT('Ctrl Pts',(26.8981776940226,0.485268905230715,3.30268938593379));
#4893=CARTESIAN_POINT('Ctrl Pts',(26.8981829332016,0.481223356602874,3.26418200803542));
#4894=CARTESIAN_POINT('Ctrl Pts',(26.8981885435051,0.477177330726279,3.22566891680469));
#4895=CARTESIAN_POINT('Ctrl Pts',(26.8982079541562,0.472103855424433,3.17733669337482));
#4896=CARTESIAN_POINT('Ctrl Pts',(26.8982279444416,0.46601993191778,3.11938886603548));
#4897=CARTESIAN_POINT('Ctrl Pts',(26.8982488199308,0.459934870080343,3.06142741129108));
#4898=CARTESIAN_POINT('Ctrl Pts',(26.898271421519,0.454857291382014,3.01304606448969));
#4899=CARTESIAN_POINT('Ctrl Pts',(26.8982784104963,0.451314344006316,2.97931508937505));
#4900=CARTESIAN_POINT('Ctrl Pts',(26.8982805710013,0.449292160053676,2.96006846787271));
#4901=CARTESIAN_POINT('Ctrl Pts',(26.8982823954579,0.447270408243623,2.94082701971905));
#4902=CARTESIAN_POINT('Ctrl Pts',(26.8982896875129,0.444736773945965,2.91669805946535));
#4903=CARTESIAN_POINT('Ctrl Pts',(26.8982956538074,0.441699993103647,2.88778616851695));
#4904=CARTESIAN_POINT('Ctrl Pts',(26.8983033876573,0.439165790678345,2.863650406984));
#4905=CARTESIAN_POINT('Ctrl Pts',(26.8983058718358,0.437143190496745,2.84439880264124));
#4906=CARTESIAN_POINT('Ctrl Pts',(26.8983077079606,0.435121423681899,2.82515717485931));
#4907=CARTESIAN_POINT('Ctrl Pts',(26.8983165420766,0.433090657776803,2.80580781543229));
#4908=CARTESIAN_POINT('Ctrl Pts',(26.8983181878682,0.431069135721586,2.78656911776403));
#4909=CARTESIAN_POINT('Ctrl Pts',(26.8983208217529,0.429803620141125,2.77452021922354));
#4910=CARTESIAN_POINT('Ctrl Pts',(26.8983213322369,0.428793260860544,2.76490567986086));
#4911=CARTESIAN_POINT('Ctrl Pts',(26.8983223944683,0.427782192058449,2.75528264653766));
#4912=CARTESIAN_POINT('Ctrl Pts',(26.8983239076551,0.426013266232816,2.73844766043875));
#4913=CARTESIAN_POINT('Ctrl Pts',(26.8983340647785,0.42435943755858,2.72268043899631));
#4914=CARTESIAN_POINT('Ctrl Pts',(26.8983348321615,0.423159428640361,2.71126069215812));
#4915=CARTESIAN_POINT('Ctrl Pts',(26.8983348565482,0.422906971573508,2.70885864656259));
#4916=CARTESIAN_POINT('Ctrl Pts',(26.8983349865194,0.422528165884024,2.70525414051461));
#4917=CARTESIAN_POINT('Ctrl Pts',(26.8983356274604,0.42170695806013,2.6974388448603));
#4918=CARTESIAN_POINT('Ctrl Pts',(26.8983384797159,0.420693587575392,2.68778825666185));
#4919=CARTESIAN_POINT('Ctrl Pts',(26.8983391737372,0.419872311299955,2.67997214204425));
#4920=CARTESIAN_POINT('Ctrl Pts',(26.8983393091215,0.419493498925982,2.67636755526052));
#4921=CARTESIAN_POINT('Ctrl Pts',(26.898339352764,0.419241016426617,2.6739652069312));
#4922=CARTESIAN_POINT('Ctrl Pts',(26.8983395735712,0.418925203191782,2.67095974670233));
#4923=CARTESIAN_POINT('Ctrl Pts',(26.8983397354324,0.418546349825711,2.66735468708116));
#4924=CARTESIAN_POINT('Ctrl Pts',(26.8983399625222,0.418230539730686,2.66434923574584));
#4925=CARTESIAN_POINT('Ctrl Pts',(26.8983400181159,0.417977995692887,2.66194626625109));
#4926=CARTESIAN_POINT('Ctrl Pts',(26.8983400724966,0.41782007860031,2.66044360971385));
#4927=CARTESIAN_POINT('Ctrl Pts',(26.8983400957814,0.417693752217964,2.65924162707211));
#4928=CARTESIAN_POINT('Ctrl Pts',(26.8983400933834,0.417599011895784,2.6583402274014));
#4929=CARTESIAN_POINT('Ctrl Pts',(26.8983401372404,0.417527903018124,2.65766355769437));
#4930=CARTESIAN_POINT('Ctrl Pts',(26.8983401020054,0.417480555992659,2.65721316114258));
#4931=CARTESIAN_POINT('Ctrl Pts',(26.898340192033,0.417448883907125,2.65691161100603));
#4932=CARTESIAN_POINT('Ctrl Pts',(26.8983398977448,0.417425467389171,2.65668950082924));
#4933=CARTESIAN_POINT('Ctrl Pts',(26.8985571535756,0.410457402103541,2.5898861146008));
#4934=CARTESIAN_POINT('Ctrl Pts',(26.8585938395426,0.378174159481676,2.23067055370374));
#4935=CARTESIAN_POINT('Ctrl Pts',(26.687274001779,0.348533399722069,1.90859307956748));
#4936=CARTESIAN_POINT('Ctrl Pts',(26.3368817550739,0.306787255181492,1.45298761691636));
#4937=CARTESIAN_POINT('Ctrl Pts',(25.8712791475359,0.287441794827523,1.24181057101222));
#4938=CARTESIAN_POINT('Ctrl Pts',(25.5,0.287441794827524,1.24181057101223));
#4939=CARTESIAN_POINT('Ctrl Pts',(25.5,0.948515219918599,0.300139025798145));
#4940=CARTESIAN_POINT('Ctrl Pts',(24.9687530350592,0.948515219918599,0.300139025798145));
#4941=CARTESIAN_POINT('Ctrl Pts',(23.9062591051782,0.948515219918578,0.300139025797755));
#4942=CARTESIAN_POINT('Ctrl Pts',(22.3125182103574,0.948515219918527,0.300139025796779));
#4943=CARTESIAN_POINT('Ctrl Pts',(20.7187773155364,0.948515219918485,0.300139025795968));
#4944=CARTESIAN_POINT('Ctrl Pts',(19.1250364207211,0.948515219918257,0.300139025791644));
#4945=CARTESIAN_POINT('Ctrl Pts',(17.5312955259039,0.948515219918109,0.300139025788824));
#4946=CARTESIAN_POINT('Ctrl Pts',(15.9375546311138,0.948515219917082,0.300139025769279));
#4947=CARTESIAN_POINT('Ctrl Pts',(14.343813736311,0.94851521991654,0.300139025758947));
#4948=CARTESIAN_POINT('Ctrl Pts',(12.7500728416352,0.948515219911875,0.30013902567014));
#4949=CARTESIAN_POINT('Ctrl Pts',(11.1563319468837,0.948515219909995,0.300139025634344));
#4950=CARTESIAN_POINT('Ctrl Pts',(9.56259105272979,0.948515219888689,0.300139025228716));
#4951=CARTESIAN_POINT('Ctrl Pts',(7.96885015811989,0.948515219883636,0.300139025132498));
#4952=CARTESIAN_POINT('Ctrl Pts',(6.37510926549909,0.948515219812381,0.300139023775911));
#4953=CARTESIAN_POINT('Ctrl Pts',(4.78136837415399,0.948515219712844,0.300139021880856));
#4954=CARTESIAN_POINT('Ctrl Pts',(3.1876274876124,0.948515219440692,0.300139016699462));
#4955=CARTESIAN_POINT('Ctrl Pts',(1.5938866076396,0.948515219020509,0.300139008699755));
#4956=CARTESIAN_POINT('Ctrl Pts',(0.000145748766791397,0.948515217829348,
0.300138986021678));
#4957=CARTESIAN_POINT('Ctrl Pts',(-1.59359508235365,0.948515216050103,0.300138952147315));
#4958=CARTESIAN_POINT('Ctrl Pts',(-3.18733581984425,0.94851521079271,0.300138852053705));
#4959=CARTESIAN_POINT('Ctrl Pts',(-4.78107644161954,0.948515203280971,0.300138709040649));
#4960=CARTESIAN_POINT('Ctrl Pts',(-6.3748166487313,0.94851518008451,0.300138267411531));
#4961=CARTESIAN_POINT('Ctrl Pts',(-7.96855632901854,0.948515146993275,0.300137637400481));
#4962=CARTESIAN_POINT('Ctrl Pts',(-9.5622953489408,0.948515081743659,0.300136395136168));
#4963=CARTESIAN_POINT('Ctrl Pts',(-11.1560293390228,0.94851489161935,0.300132775433616));
#4964=CARTESIAN_POINT('Ctrl Pts',(-12.7497586674625,0.948514488815498,0.30012510659381));
#4965=CARTESIAN_POINT('Ctrl Pts',(-14.3434733326709,0.948513796864428,0.300111932812392));
#4966=CARTESIAN_POINT('Ctrl Pts',(-15.937163610767,0.948512005786116,0.300077833103328));
#4967=CARTESIAN_POINT('Ctrl Pts',(-17.5307912418557,0.948509085594086,0.300022236739893));
#4968=CARTESIAN_POINT('Ctrl Pts',(-18.8587232304509,0.948502392047092,0.299894800638974));
#4969=CARTESIAN_POINT('Ctrl Pts',(-19.9209816417323,0.948496724337202,0.299786895459794));
#4970=CARTESIAN_POINT('Ctrl Pts',(-20.983481316344,0.948492624763594,0.299708844552303));
#4971=CARTESIAN_POINT('Ctrl Pts',(-22.0442245253736,0.948453357111524,0.298961244559436));
#4972=CARTESIAN_POINT('Ctrl Pts',(-22.9739774760281,0.948436534505031,0.298640962321551));
#4973=CARTESIAN_POINT('Ctrl Pts',(-23.5039230889153,0.948422990883864,0.298383114392208));
#4974=CARTESIAN_POINT('Ctrl Pts',(-24.304480967838,0.948421333886896,0.298351549917077));
#4975=CARTESIAN_POINT('Ctrl Pts',(-24.9388457697759,0.948208537523437,0.294300305843288));
#4976=CARTESIAN_POINT('Ctrl Pts',(-25.5120969622888,0.94817546656996,0.293670497357324));
#4977=CARTESIAN_POINT('Ctrl Pts',(-25.5572930413735,0.948203429347488,0.294133591830507));
#4978=CARTESIAN_POINT('Ctrl Pts',(-25.6270127548421,0.948368150831119,0.296854597189689));
#4979=CARTESIAN_POINT('Ctrl Pts',(-25.7589027335705,0.948949507490575,0.3064747340826));
#4980=CARTESIAN_POINT('Ctrl Pts',(-26.012551039225,0.951228986667089,0.344118520638284));
#4981=CARTESIAN_POINT('Ctrl Pts',(-26.5165818154362,0.960514944054446,0.498107993209307));
#4982=CARTESIAN_POINT('Ctrl Pts',(-27.4021142071335,0.996173180430693,1.09018082679283));
#4983=CARTESIAN_POINT('Ctrl Pts',(-27.7652697083975,1.05040005172802,2.01154773026872));
#4984=CARTESIAN_POINT('Ctrl Pts',(-27.739163928696,1.08698974847753,2.6418583081429));
#4985=CARTESIAN_POINT('Ctrl Pts',(-27.7402028115737,1.08812622491605,2.6413916272075));
#4986=CARTESIAN_POINT('Ctrl Pts',(-27.7396478872228,1.09263058490765,2.69019769396383));
#4987=CARTESIAN_POINT('Ctrl Pts',(-27.7400118435183,1.09937452447223,2.75022890769514));
#4988=CARTESIAN_POINT('Ctrl Pts',(-27.7396851955149,1.10970363168544,2.85148630632213));
#4989=CARTESIAN_POINT('Ctrl Pts',(-27.7397869202176,1.12169492135901,2.96399219736967));
#4990=CARTESIAN_POINT('Ctrl Pts',(-27.7396822437504,1.13789995184964,3.11882425959278));
#4991=CARTESIAN_POINT('Ctrl Pts',(-27.7396043123301,1.15804102918483,3.30982295254439));
#4992=CARTESIAN_POINT('Ctrl Pts',(-27.7394930002359,1.19035786906631,3.61741296826168));
#4993=CARTESIAN_POINT('Ctrl Pts',(-27.7392096004192,1.23069002466498,4.00054697901984));
#4994=CARTESIAN_POINT('Ctrl Pts',(-27.7390135930366,1.2952901998857,4.6149843321581));
#4995=CARTESIAN_POINT('Ctrl Pts',(-27.7384377215397,1.37597675323274,5.38174261539481));
#4996=CARTESIAN_POINT('Ctrl Pts',(-27.7381740010487,1.47287241735623,6.30328812974966));
#4997=CARTESIAN_POINT('Ctrl Pts',(-27.7378930740773,1.55360609685446,7.07098399589741));
#4998=CARTESIAN_POINT('Ctrl Pts',(-27.7378441746211,1.61014247787236,7.60882320254966));
#4999=CARTESIAN_POINT('Ctrl Pts',(-27.7378296768046,1.64245069473886,7.91619310473511));
#5000=CARTESIAN_POINT('Ctrl Pts',(-27.7378161956097,1.6909143361447,8.37727413298473));
#5001=CARTESIAN_POINT('Ctrl Pts',(-27.7377334078099,1.76360061827704,9.06871468440163));
#5002=CARTESIAN_POINT('Ctrl Pts',(-27.737697758481,1.86052659608043,9.99085094479806));
#5003=CARTESIAN_POINT('Ctrl Pts',(-27.7376589838842,1.9574521019212,10.9129778706245));
#5004=CARTESIAN_POINT('Ctrl Pts',(-27.7376406074862,2.05438058932638,11.8351635555806));
#5005=CARTESIAN_POINT('Ctrl Pts',(-27.7376255221617,2.15130955335705,12.7573586238779));
#5006=CARTESIAN_POINT('Ctrl Pts',(-27.7376170853627,2.24823948828069,13.6795728240297));
#5007=CARTESIAN_POINT('Ctrl Pts',(-27.7376109695285,2.34516976097601,14.601793677552));
#5008=CARTESIAN_POINT('Ctrl Pts',(-27.7376073115433,2.4421003923476,15.5240215983975));
#5009=CARTESIAN_POINT('Ctrl Pts',(-27.7376048044663,2.53903119140564,16.4462528227322));
#5010=CARTESIAN_POINT('Ctrl Pts',(-27.7376032603171,2.64673226033455,17.4709577510306));
#5011=CARTESIAN_POINT('Ctrl Pts',(-27.7376017334483,2.76520346116212,18.598133664759));
#5012=CARTESIAN_POINT('Ctrl Pts',(-27.7376007887299,2.89444487629516,19.8277821876084));
#5013=CARTESIAN_POINT('Ctrl Pts',(-27.7376004596255,3.02368638118585,21.0574324788464));
#5014=CARTESIAN_POINT('Ctrl Pts',(-27.7376001643661,3.15292789101455,22.2870828674141));
#5015=CARTESIAN_POINT('Ctrl Pts',(-27.7376000533952,3.28216942771318,23.5167337853479));
#5016=CARTESIAN_POINT('Ctrl Pts',(-27.7375999744836,3.40064083968138,24.6439138590874));
#5017=CARTESIAN_POINT('Ctrl Pts',(-27.7375999355551,3.50834212807256,25.6686231112767));
#5018=CARTESIAN_POINT('Ctrl Pts',(-27.7375999144558,3.60527328965756,26.5908614783466));
#5019=CARTESIAN_POINT('Ctrl Pts',(-27.7375998998927,3.70220445219644,27.5130998642624));
#5020=CARTESIAN_POINT('Ctrl Pts',(-27.7375998909676,3.79913561555886,28.4353382664907));
#5021=CARTESIAN_POINT('Ctrl Pts',(-27.7375998852164,3.89606677938621,29.3575766780086));
#5022=CARTESIAN_POINT('Ctrl Pts',(-27.7375998819404,3.99299794357777,30.2798150969021));
#5023=CARTESIAN_POINT('Ctrl Pts',(-27.7375998803703,4.0899291080231,31.2020535211005));
#5024=CARTESIAN_POINT('Ctrl Pts',(-27.7375998802889,4.18686027269321,32.1242919501956));
#5025=CARTESIAN_POINT('Ctrl Pts',(-27.7375998816484,4.28379143758526,33.0465303843799));
#5026=CARTESIAN_POINT('Ctrl Pts',(-27.7375998847149,4.38072260274427,33.9687688249224));
#5027=CARTESIAN_POINT('Ctrl Pts',(-27.7375998900488,4.47765376826175,34.8910072742101));
#5028=CARTESIAN_POINT('Ctrl Pts',(-27.7375998986399,4.57458493429645,35.8132457362671));
#5029=CARTESIAN_POINT('Ctrl Pts',(-27.7375999120746,4.67151610110307,36.735484217484));
#5030=CARTESIAN_POINT('Ctrl Pts',(-27.7375999328405,4.76844726907735,37.6577227277616));
#5031=CARTESIAN_POINT('Ctrl Pts',(-27.7375999647723,4.86537843883529,38.5799612824583));
#5032=CARTESIAN_POINT('Ctrl Pts',(-27.7376000137875,4.96230961131285,39.5021999049576));
#5033=CARTESIAN_POINT('Ctrl Pts',(-27.7376000889237,5.05924078797121,40.4244386316065));
#5034=CARTESIAN_POINT('Ctrl Pts',(-27.7376002041364,5.15617197099491,41.3466775170658));
#5035=CARTESIAN_POINT('Ctrl Pts',(-27.7376003805985,5.25310316385693,42.2689166474791));
#5036=CARTESIAN_POINT('Ctrl Pts',(-27.7376006512427,5.35003437160138,43.1911561495757));
#5037=CARTESIAN_POINT('Ctrl Pts',(-27.7376010654545,5.44696560257874,44.1133962293429));
#5038=CARTESIAN_POINT('Ctrl Pts',(-27.7376017013231,5.54389686819979,45.0356371761243));
#5039=CARTESIAN_POINT('Ctrl Pts',(-27.7376026731251,5.64082818904068,45.9578794919871));
#5040=CARTESIAN_POINT('Ctrl Pts',(-27.7376041679847,5.73775958973446,46.8801238153079));
#5041=CARTESIAN_POINT('Ctrl Pts',(-27.7376064458342,5.83469112341614,47.8023714165174));
#5042=CARTESIAN_POINT('Ctrl Pts',(-27.7376099647907,5.9316228371689,48.7246235902995));
#5043=CARTESIAN_POINT('Ctrl Pts',(-27.737615293381,6.02855487975918,49.6468837754873));
#5044=CARTESIAN_POINT('Ctrl Pts',(-27.7376236005839,6.12548730818378,50.5691539950616));
#5045=CARTESIAN_POINT('Ctrl Pts',(-27.737636013167,6.22242059126008,51.4914445929154));
#5046=CARTESIAN_POINT('Ctrl Pts',(-27.7376557404537,6.319354596163,52.4137552555119));
#5047=CARTESIAN_POINT('Ctrl Pts',(-27.7376843917171,6.41629101870704,53.3361215695961));
#5048=CARTESIAN_POINT('Ctrl Pts',(-27.7377318153017,6.51322821935215,54.2585175877125));
#5049=CARTESIAN_POINT('Ctrl Pts',(-27.7377966295214,6.6101731424365,55.1810831246492));
#5050=CARTESIAN_POINT('Ctrl Pts',(-27.7379134734008,6.70711532793697,56.1036317298435));
#5051=CARTESIAN_POINT('Ctrl Pts',(-27.7380534097301,6.80408583142625,57.0267717854523));
#5052=CARTESIAN_POINT('Ctrl Pts',(-27.7383551034622,6.9010271795197,57.9494405079101));
#5053=CARTESIAN_POINT('Ctrl Pts',(-27.7386226671384,6.99808574708441,58.8744612690132));
#5054=CARTESIAN_POINT('Ctrl Pts',(-27.7394676022367,7.09496230287278,59.7962188407668));
#5055=CARTESIAN_POINT('Ctrl Pts',(-27.7397813023965,7.19237657081505,60.7284878541263));
#5056=CARTESIAN_POINT('Ctrl Pts',(-27.7417368810656,7.25649219537628,61.33451881104));
#5057=CARTESIAN_POINT('Ctrl Pts',(-27.7409220789082,7.29176365550719,61.6832186835428));
#5058=CARTESIAN_POINT('Ctrl Pts',(-27.7256526207909,7.30202884912031,61.8653447486942));
#5059=CARTESIAN_POINT('Ctrl Pts',(-27.6705782100576,7.3181227147707,62.1367470879938));
#5060=CARTESIAN_POINT('Ctrl Pts',(-27.5464259076985,7.33891963232201,62.4965438453193));
#5061=CARTESIAN_POINT('Ctrl Pts',(-27.321056198272,7.36048949125441,62.8682355292767));
#5062=CARTESIAN_POINT('Ctrl Pts',(-26.7448529829101,7.39759562429146,63.5122067622695));
#5063=CARTESIAN_POINT('Ctrl Pts',(-26.0490246833216,7.41241065247111,63.7704631120061));
#5064=CARTESIAN_POINT('Ctrl Pts',(-25.4757260496039,7.41241265633233,63.7705579712346));
#5065=CARTESIAN_POINT('Ctrl Pts',(-25.4742229991131,7.41241265075327,63.7705567933671));
#5066=CARTESIAN_POINT('Ctrl Pts',(-25.4331115207124,7.41241274443195,63.770560407467));
#5067=CARTESIAN_POINT('Ctrl Pts',(-25.380202031229,7.41241296242043,63.7705672640929));
#5068=CARTESIAN_POINT('Ctrl Pts',(-25.2602101608338,7.41241377868838,63.7705944678421));
#5069=CARTESIAN_POINT('Ctrl Pts',(-25.0310732887151,7.41241610401771,63.7706710383171));
#5070=CARTESIAN_POINT('Ctrl Pts',(-24.6974413893735,7.41242233726376,63.7708769751832));
#5071=CARTESIAN_POINT('Ctrl Pts',(-24.3005116107356,7.41242630158604,63.771007785234));
#5072=CARTESIAN_POINT('Ctrl Pts',(-23.5036570050964,7.41243200494904,63.7711961209335));
#5073=CARTESIAN_POINT('Ctrl Pts',(-22.3113421869443,7.41245662379786,63.7720088757262));
#5074=CARTESIAN_POINT('Ctrl Pts',(-20.7180415855608,7.41246250939573,63.7722032058059));
#5075=CARTESIAN_POINT('Ctrl Pts',(-19.1252561970759,7.4124695831003,63.7724367347145));
#5076=CARTESIAN_POINT('Ctrl Pts',(-17.531747043631,7.41247107060827,63.7724858481933));
#5077=CARTESIAN_POINT('Ctrl Pts',(-15.9383290958206,7.41247266066066,63.7725383418019));
#5078=CARTESIAN_POINT('Ctrl Pts',(-14.3447543260644,7.41247302107321,63.7725502415184));
#5079=CARTESIAN_POINT('Ctrl Pts',(-12.9282645230072,7.41247339825045,63.7725626935654));
#5080=CARTESIAN_POINT('Ctrl Pts',(-11.6888025625945,7.41247344959348,63.772564388742));
#5081=CARTESIAN_POINT('Ctrl Pts',(-10.6264115717128,7.41247352321888,63.7725668193247));
#5082=CARTESIAN_POINT('Ctrl Pts',(-9.56401385269956,7.41247353633512,63.7725672523637));
#5083=CARTESIAN_POINT('Ctrl Pts',(-8.50161743535703,7.41247355941768,63.7725680141393));
#5084=CARTESIAN_POINT('Ctrl Pts',(-7.43921924215325,7.41247356579587,63.7725682245897));
#5085=CARTESIAN_POINT('Ctrl Pts',(-6.19975462093262,7.41247357191277,63.7725684259101));
#5086=CARTESIAN_POINT('Ctrl Pts',(-4.78322352385832,7.41247357852803,63.7725686426132));
#5087=CARTESIAN_POINT('Ctrl Pts',(-3.18962556512419,7.41247358118734,63.7725687267267));
#5088=CARTESIAN_POINT('Ctrl Pts',(-1.59602747583198,7.41247358327783,63.7725687890512));
#5089=CARTESIAN_POINT('Ctrl Pts',(-0.0024291497388227,7.41247358493718,
63.77256882784));
#5090=CARTESIAN_POINT('Ctrl Pts',(1.59116938338243,7.41247358724223,63.7725688755387));
#5091=CARTESIAN_POINT('Ctrl Pts',(3.18476856023094,7.41247359214236,63.7725689673373));
#5092=CARTESIAN_POINT('Ctrl Pts',(4.7783685150672,7.41247360051075,63.7725691219801));
#5093=CARTESIAN_POINT('Ctrl Pts',(6.37197124242399,7.41247362142671,63.7725695058663));
#5094=CARTESIAN_POINT('Ctrl Pts',(7.96557716707019,7.4124736568825,63.772570156109));
#5095=CARTESIAN_POINT('Ctrl Pts',(9.55919543693866,7.41247374852541,63.7725718361785));
#5096=CARTESIAN_POINT('Ctrl Pts',(11.1528268068442,7.41247389981243,63.7725746095765));
#5097=CARTESIAN_POINT('Ctrl Pts',(12.7465133869005,7.41247430244892,63.7725819905718));
#5098=CARTESIAN_POINT('Ctrl Pts',(14.3402530443349,7.41247494676691,63.7725938019696));
#5099=CARTESIAN_POINT('Ctrl Pts',(15.9342403673638,7.41247671861691,63.7726262828149));
#5100=CARTESIAN_POINT('Ctrl Pts',(17.5284395403455,7.4124794551294,63.7726764474882));
#5101=CARTESIAN_POINT('Ctrl Pts',(19.1237534614571,7.41248726666644,63.7728196454313));
#5102=CARTESIAN_POINT('Ctrl Pts',(20.7198900701267,7.4124988244655,63.7730315184669));
#5103=CARTESIAN_POINT('Ctrl Pts',(22.0543232438197,7.41252812015655,63.7735685552251));
#5104=CARTESIAN_POINT('Ctrl Pts',(22.9881785730063,7.41254750027341,63.7739238239875));
#5105=CARTESIAN_POINT('Ctrl Pts',(23.5209774872152,7.41255478112033,63.7740572932797));
#5106=CARTESIAN_POINT('Ctrl Pts',(23.8549918851607,7.41256395732651,63.7742255083676));
#5107=CARTESIAN_POINT('Ctrl Pts',(24.0881830173462,7.41256755608086,63.7742914785293));
#5108=CARTESIAN_POINT('Ctrl Pts',(24.2212511985148,7.41256878409544,63.7743139910972));
#5109=CARTESIAN_POINT('Ctrl Pts',(24.3211109725724,7.41256995332997,63.7743354226061));
#5110=CARTESIAN_POINT('Ctrl Pts',(24.4210037284285,7.41257131964687,63.77436047509));
#5111=CARTESIAN_POINT('Ctrl Pts',(24.5542686744747,7.41257333974885,63.7743974898876));
#5112=CARTESIAN_POINT('Ctrl Pts',(24.7215289994278,7.41257946694421,63.7745098785286));
#5113=CARTESIAN_POINT('Ctrl Pts',(24.9230661726404,7.41258922118486,63.7746885353803));
#5114=CARTESIAN_POINT('Ctrl Pts',(25.1892540496485,7.41259447971916,63.7747853803242));
#5115=CARTESIAN_POINT('Ctrl Pts',(25.3983641607839,7.41263156152273,63.7754637567601));
#5116=CARTESIAN_POINT('Ctrl Pts',(25.5755530672036,7.41263826126354,63.7755894748012));
#5117=CARTESIAN_POINT('Ctrl Pts',(25.9062882746396,7.41121756486559,63.7508500922504));
#5118=CARTESIAN_POINT('Ctrl Pts',(26.4025551881479,7.4028002186277,63.6043670183898));
#5119=CARTESIAN_POINT('Ctrl Pts',(27.0425026919611,7.38142619308551,63.2325527693688));
#5120=CARTESIAN_POINT('Ctrl Pts',(27.4279760623081,7.35084336247549,62.7028336213683));
#5121=CARTESIAN_POINT('Ctrl Pts',(27.5988206509042,7.32716101237909,62.2952915624332));
#5122=CARTESIAN_POINT('Ctrl Pts',(27.6840216137876,7.31057350101072,62.0107645024772));
#5123=CARTESIAN_POINT('Ctrl Pts',(27.716115782074,7.29751357158803,61.7874678709173));
#5124=CARTESIAN_POINT('Ctrl Pts',(27.7227827290354,7.28759170528728,61.6192487797169));
#5125=CARTESIAN_POINT('Ctrl Pts',(27.7222926233922,7.28703123633698,61.6194116252732));
#5126=CARTESIAN_POINT('Ctrl Pts',(27.7225586964385,7.28477634612921,61.5950768201637));
#5127=CARTESIAN_POINT('Ctrl Pts',(27.7224126004342,7.28139643182652,61.564802661172));
#5128=CARTESIAN_POINT('Ctrl Pts',(27.7226248994995,7.27421594644057,61.4951045872813));
#5129=CARTESIAN_POINT('Ctrl Pts',(27.7227677176915,7.26016958090302,61.3625478954402));
#5130=CARTESIAN_POINT('Ctrl Pts',(27.7239022375209,7.23185330698091,61.0925505589926));
#5131=CARTESIAN_POINT('Ctrl Pts',(27.7255454049023,7.17539751629633,60.5564159775017));
#5132=CARTESIAN_POINT('Ctrl Pts',(27.7322472844507,7.12298080011474,60.0585252977867));
#5133=CARTESIAN_POINT('Ctrl Pts',(27.7326529861763,7.08260429271254,59.6744948654413));
#5134=CARTESIAN_POINT('Ctrl Pts',(27.7327198909507,7.06644974843876,59.5208006952846));
#5135=CARTESIAN_POINT('Ctrl Pts',(27.7329916895041,7.04626125297676,59.3287776617212));
#5136=CARTESIAN_POINT('Ctrl Pts',(27.7331583131389,7.02203137507674,59.0982760149185));
#5137=CARTESIAN_POINT('Ctrl Pts',(27.7334549738023,6.97357139761518,58.6372692733886));
#5138=CARTESIAN_POINT('Ctrl Pts',(27.7351483874739,6.90090498106055,57.9462238117515));
#5139=CARTESIAN_POINT('Ctrl Pts',(27.7358592829834,6.80398710737266,57.0242511229656));
#5140=CARTESIAN_POINT('Ctrl Pts',(27.7367520678812,6.7232278739464,56.256052241217));
#5141=CARTESIAN_POINT('Ctrl Pts',(27.7368924663444,6.65860957448184,55.6412776458011));
#5142=CARTESIAN_POINT('Ctrl Pts',(27.7370343938073,6.61014654191769,55.1802103557077));
#5143=CARTESIAN_POINT('Ctrl Pts',(27.7371218696077,6.56168247436525,54.7191226290917));
#5144=CARTESIAN_POINT('Ctrl Pts',(27.7371990142814,6.51321820871582,54.2580309875316));
#5145=CARTESIAN_POINT('Ctrl Pts',(27.7372553961989,6.46475354791375,53.796931542433));
#5146=CARTESIAN_POINT('Ctrl Pts',(27.7373020489785,6.40013345631301,53.1821215399795));
#5147=CARTESIAN_POINT('Ctrl Pts',(27.7374119419264,6.31935932487984,52.4136284535635));
#5148=CARTESIAN_POINT('Ctrl Pts',(27.737468328835,6.22242892853143,51.4914083356365));
#5149=CARTESIAN_POINT('Ctrl Pts',(27.7375177080881,6.12549839867345,50.5691855808641));
#5150=CARTESIAN_POINT('Ctrl Pts',(27.7375442227025,6.02856743305741,49.6469542194899));
#5151=CARTESIAN_POINT('Ctrl Pts',(27.7375637558676,5.93163633440034,48.7247202304638));
#5152=CARTESIAN_POINT('Ctrl Pts',(27.737575407851,5.8347050855448,47.8024832748914));
#5153=CARTESIAN_POINT('Ctrl Pts',(27.7375831840229,5.7270035993921,46.7777736003245));
#5154=CARTESIAN_POINT('Ctrl Pts',(27.7375907474404,5.6085319457489,45.650592585497));
#5155=CARTESIAN_POINT('Ctrl Pts',(27.7375947073546,5.47929005999038,44.4209389539993));
#5156=CARTESIAN_POINT('Ctrl Pts',(27.7375975791914,5.35004815350017,43.1912849130468));
#5157=CARTESIAN_POINT('Ctrl Pts',(27.7375982213731,5.22080620449886,41.9616300324095));
#5158=CARTESIAN_POINT('Ctrl Pts',(27.7375990612505,5.09156425927407,40.7319752263871));
#5159=CARTESIAN_POINT('Ctrl Pts',(27.7375993104113,4.97309246615884,39.6047914566416));
#5160=CARTESIAN_POINT('Ctrl Pts',(27.7375995669228,4.86539083662723,38.5800789500152));
#5161=CARTESIAN_POINT('Ctrl Pts',(27.7375996524934,4.76845936722906,37.657837638213));
#5162=CARTESIAN_POINT('Ctrl Pts',(27.7375997385348,4.67152789777939,36.7355963252189));
#5163=CARTESIAN_POINT('Ctrl Pts',(27.7375997813169,4.57459642740636,35.8133549937024));
#5164=CARTESIAN_POINT('Ctrl Pts',(27.7375998155374,4.47766495672217,34.8911136556128));
#5165=CARTESIAN_POINT('Ctrl Pts',(27.7375998355182,4.38073348553874,33.9688723070053));
#5166=CARTESIAN_POINT('Ctrl Pts',(27.7375998503356,4.28380201390853,33.0466309485682));
#5167=CARTESIAN_POINT('Ctrl Pts',(27.7375998603183,4.1868705416523,32.1243895762258));
#5168=CARTESIAN_POINT('Ctrl Pts',(27.7375998683932,4.08993906854164,31.2021481846466));
#5169=CARTESIAN_POINT('Ctrl Pts',(27.7375998755691,3.9930075941607,30.2799067643619));
#5170=CARTESIAN_POINT('Ctrl Pts',(27.737599883391,3.89607611787093,29.357665300832));
#5171=CARTESIAN_POINT('Ctrl Pts',(27.7375998932062,3.79914463867747,28.4354237714619));
#5172=CARTESIAN_POINT('Ctrl Pts',(27.7375999068776,3.70221315504511,27.513182141397));
#5173=CARTESIAN_POINT('Ctrl Pts',(27.7375999269049,3.60528166462997,26.5909403574419));
#5174=CARTESIAN_POINT('Ctrl Pts',(27.7375999570211,3.50835016380433,25.6686983372711));
#5175=CARTESIAN_POINT('Ctrl Pts',(27.7376000027461,3.41141864708185,24.7464559563879));
#5176=CARTESIAN_POINT('Ctrl Pts',(27.7376000726401,3.31448710588715,23.8242130202013));
#5177=CARTESIAN_POINT('Ctrl Pts',(27.7376001794,3.217555527452,22.9019692389816));
#5178=CARTESIAN_POINT('Ctrl Pts',(27.7376003432792,3.12062389137795,21.9797241498579));
#5179=CARTESIAN_POINT('Ctrl Pts',(27.737600593449,3.02369216826527,21.0574770857091));
#5180=CARTESIAN_POINT('Ctrl Pts',(27.737600978709,2.92676030891737,20.1352269301959));
#5181=CARTESIAN_POINT('Ctrl Pts',(27.7376015646536,2.82982824719934,19.212972182626));
#5182=CARTESIAN_POINT('Ctrl Pts',(27.737602472262,2.73289586112738,18.290710075018));
#5183=CARTESIAN_POINT('Ctrl Pts',(27.737603841232,2.63596300984153,17.3684374110648));
#5184=CARTESIAN_POINT('Ctrl Pts',(27.7376059875534,2.53902937471894,16.446146960774));
#5185=CARTESIAN_POINT('Ctrl Pts',(27.7376091679925,2.44209469685326,15.5238328492032));
#5186=CARTESIAN_POINT('Ctrl Pts',(27.7376142834894,2.34515806779272,14.6014744623272));
#5187=CARTESIAN_POINT('Ctrl Pts',(27.7376215822092,2.24821923730324,13.6790661219897));
#5188=CARTESIAN_POINT('Ctrl Pts',(27.7376339711602,2.15127527413651,12.7565413141192));
#5189=CARTESIAN_POINT('Ctrl Pts',(27.7376502667563,2.05432737174832,11.8339271198758));
#5190=CARTESIAN_POINT('Ctrl Pts',(27.7376812381799,1.95736467115619,10.9109771339552));
#5191=CARTESIAN_POINT('Ctrl Pts',(27.7377152540616,1.86039890071927,9.98795748901833));
#5192=CARTESIAN_POINT('Ctrl Pts',(27.7377847819981,1.77955256725779,9.2178321973479));
#5193=CARTESIAN_POINT('Ctrl Pts',(27.7378112307595,1.71490491734368,8.60239947306443));
#5194=CARTESIAN_POINT('Ctrl Pts',(27.7378629451483,1.65023179112168,7.98638865618378));
#5195=CARTESIAN_POINT('Ctrl Pts',(27.7379958602612,1.56932154192246,7.21481302818531));
#5196=CARTESIAN_POINT('Ctrl Pts',(27.7382684816066,1.49634804411006,6.516894283539));
#5197=CARTESIAN_POINT('Ctrl Pts',(27.7383124284842,1.44783799532137,6.0547680821615));
#5198=CARTESIAN_POINT('Ctrl Pts',(27.7383459842195,1.42761010333804,5.86186669418752));
#5199=CARTESIAN_POINT('Ctrl Pts',(27.7383559633423,1.41144479585146,5.70793147569698));
#5200=CARTESIAN_POINT('Ctrl Pts',(27.7383782123238,1.39526711619261,5.55371551553733));
#5201=CARTESIAN_POINT('Ctrl Pts',(27.7384123459363,1.36696101893757,5.28394746027953));
#5202=CARTESIAN_POINT('Ctrl Pts',(27.7386926003959,1.33840674852857,5.00854801354382));
#5203=CARTESIAN_POINT('Ctrl Pts',(27.7387236375199,1.31414258487044,4.77727753034249));
#5204=CARTESIAN_POINT('Ctrl Pts',(27.7387459390546,1.30200366350801,4.66148709028767));
#5205=CARTESIAN_POINT('Ctrl Pts',(27.7387785386574,1.28985435820591,4.54546102430604));
#5206=CARTESIAN_POINT('Ctrl Pts',(27.7388040883059,1.26559572778115,4.3143160978089));
#5207=CARTESIAN_POINT('Ctrl Pts',(27.7393526939744,1.24080967977375,4.07120333823696));
#5208=CARTESIAN_POINT('Ctrl Pts',(27.7393958162672,1.21855273581718,3.85886970045701));
#5209=CARTESIAN_POINT('Ctrl Pts',(27.7394126527482,1.21045813636733,3.78163102663825));
#5210=CARTESIAN_POINT('Ctrl Pts',(27.7394267848542,1.2023662638433,3.70445423053114));
#5211=CARTESIAN_POINT('Ctrl Pts',(27.7394763145966,1.19221929287167,3.60725415415627));
#5212=CARTESIAN_POINT('Ctrl Pts',(27.7395321997087,1.18206591353538,3.50990866314006));
#5213=CARTESIAN_POINT('Ctrl Pts',(27.7395517889398,1.17396853838139,3.43260700476245));
#5214=CARTESIAN_POINT('Ctrl Pts',(27.7395695282542,1.16789243421372,3.37456103485575));
#5215=CARTESIAN_POINT('Ctrl Pts',(27.7395890889449,1.16181449348206,3.31647339077652));
#5216=CARTESIAN_POINT('Ctrl Pts',(27.7396076250768,1.15573758585267,3.25840918921407));
#5217=CARTESIAN_POINT('Ctrl Pts',(27.7396296237016,1.15066688967987,3.20987244438965));
#5218=CARTESIAN_POINT('Ctrl Pts',(27.7396365696117,1.1466210745626,3.17128679527757));
#5219=CARTESIAN_POINT('Ctrl Pts',(27.7396440075449,1.14257476331943,3.13268988838388));
#5220=CARTESIAN_POINT('Ctrl Pts',(27.7396697414691,1.13750030070005,3.08406767768704));
#5221=CARTESIAN_POINT('Ctrl Pts',(27.7396962438511,1.13141536039293,3.02582120357726));
#5222=CARTESIAN_POINT('Ctrl Pts',(27.7397239198037,1.12532923672936,2.96754787747627));
#5223=CARTESIAN_POINT('Ctrl Pts',(27.7397538841546,1.12025050840735,2.91882887209742));
#5224=CARTESIAN_POINT('Ctrl Pts',(27.7397631498825,1.11670720553921,2.88499348449279));
#5225=CARTESIAN_POINT('Ctrl Pts',(27.7397660142002,1.11468491169306,2.86571458592043));
#5226=CARTESIAN_POINT('Ctrl Pts',(27.7397684329974,1.11266306708252,2.84644588112397));
#5227=CARTESIAN_POINT('Ctrl Pts',(27.7397781005347,1.11012906187645,2.82220798052036));
#5228=CARTESIAN_POINT('Ctrl Pts',(27.7397860104275,1.10709197756017,2.79320695554899));
#5229=CARTESIAN_POINT('Ctrl Pts',(27.7397962636801,1.10455738175468,2.76895565342912));
#5230=CARTESIAN_POINT('Ctrl Pts',(27.7397995571121,1.10253465521601,2.74966693646607));
#5231=CARTESIAN_POINT('Ctrl Pts',(27.7398019913786,1.10051279500717,2.73039787772277));
#5232=CARTESIAN_POINT('Ctrl Pts',(27.7398137033233,1.09848157975715,2.71091654018013));
#5233=CARTESIAN_POINT('Ctrl Pts',(27.739815885253,1.09645997398919,2.69165325505146));
#5234=CARTESIAN_POINT('Ctrl Pts',(27.7398193771601,1.09519432443689,2.67956500733908));
#5235=CARTESIAN_POINT('Ctrl Pts',(27.739820053941,1.09418393919068,2.66994284155195));
#5236=CARTESIAN_POINT('Ctrl Pts',(27.7398214622081,1.09317281635847,2.6603039389219));
#5237=CARTESIAN_POINT('Ctrl Pts',(27.7398234683353,1.091403813565,2.64344634642467));
#5238=CARTESIAN_POINT('Ctrl Pts',(27.7398369342744,1.08974946825142,2.62752738167051));
#5239=CARTESIAN_POINT('Ctrl Pts',(27.7398379516424,1.08854942030047,2.61609617044004));
#5240=CARTESIAN_POINT('Ctrl Pts',(27.7398379839733,1.0882969619932,2.61369376051872));
#5241=CARTESIAN_POINT('Ctrl Pts',(27.7398381562843,1.08791814969275,2.61008731275));
#5242=CARTESIAN_POINT('Ctrl Pts',(27.7398390060214,1.08709690926769,2.60226244173201));
#5243=CARTESIAN_POINT('Ctrl Pts',(27.7398427874322,1.08608339370332,2.59256924187447));
#5244=CARTESIAN_POINT('Ctrl Pts',(27.7398437075451,1.08526208212722,2.58474275900622));
#5245=CARTESIAN_POINT('Ctrl Pts',(27.7398438870271,1.08488326286635,2.58113614947202));
#5246=CARTESIAN_POINT('Ctrl Pts',(27.7398439449,1.08463077814856,2.57873314952999));
#5247=CARTESIAN_POINT('Ctrl Pts',(27.7398442375816,1.08431495367636,2.57572438889067));
#5248=CARTESIAN_POINT('Ctrl Pts',(27.7398444523015,1.08393609209129,2.572116914922));
#5249=CARTESIAN_POINT('Ctrl Pts',(27.7398447531282,1.08362027041951,2.56910806395538));
#5250=CARTESIAN_POINT('Ctrl Pts',(27.7398448271875,1.08336772359218,2.56670427424942));
#5251=CARTESIAN_POINT('Ctrl Pts',(27.7398448986402,1.08320980366432,2.56520078656689));
#5252=CARTESIAN_POINT('Ctrl Pts',(27.7398449305171,1.08308347620597,2.56399848536308));
#5253=CARTESIAN_POINT('Ctrl Pts',(27.7398449251691,1.08298873577231,2.5630970583944));
#5254=CARTESIAN_POINT('Ctrl Pts',(27.7398449873335,1.08291762509662,2.56241985049267));
#5255=CARTESIAN_POINT('Ctrl Pts',(27.7398449355586,1.08287027931855,2.56196983302032));
#5256=CARTESIAN_POINT('Ctrl Pts',(27.7398450670004,1.08283860395472,2.56166728967181));
#5257=CARTESIAN_POINT('Ctrl Pts',(27.7398446365893,1.08281519807286,2.56144840448257));
#5258=CARTESIAN_POINT('Ctrl Pts',(27.7401619967139,1.07583923909155,2.49225292635905));
#5259=CARTESIAN_POINT('Ctrl Pts',(27.6732405968453,1.04260481972173,1.88698008482095));
#5260=CARTESIAN_POINT('Ctrl Pts',(27.3965294514597,1.01199564235464,1.37460495555132));
#5261=CARTESIAN_POINT('Ctrl Pts',(26.8329895846319,0.968731233041378,0.641086024378951));
#5262=CARTESIAN_POINT('Ctrl Pts',(26.0907610872951,0.9485152199186,0.300139025798135));
#5263=CARTESIAN_POINT('Ctrl Pts',(25.5,0.9485152199186,0.300139025798148));
#5264=CARTESIAN_POINT('Ctrl Pts',(25.5,1.74250614911137,-4.15222440239123E-17));
#5265=CARTESIAN_POINT('Ctrl Pts',(24.9687530350592,1.74250614911137,-4.15222440239123E-17));
#5266=CARTESIAN_POINT('Ctrl Pts',(23.9062591051784,1.74250614911136,-5.30887405182703E-13));
#5267=CARTESIAN_POINT('Ctrl Pts',(22.312518210358,1.74250614911132,-1.85967659008137E-12));
#5268=CARTESIAN_POINT('Ctrl Pts',(20.7187773155373,1.7425061491113,-2.96435567804176E-12));
#5269=CARTESIAN_POINT('Ctrl Pts',(19.1250364207238,1.74250614911115,-8.84807045092978E-12));
#5270=CARTESIAN_POINT('Ctrl Pts',(17.5312955259078,1.74250614911105,-1.26863065652938E-11));
#5271=CARTESIAN_POINT('Ctrl Pts',(15.9375546311258,1.74250614911038,-3.92874215824776E-11));
#5272=CARTESIAN_POINT('Ctrl Pts',(14.3438137363276,1.74250614911002,-5.33490237602172E-11));
#5273=CARTESIAN_POINT('Ctrl Pts',(12.7500728416886,1.74250614910697,-1.74214670527596E-10));
#5274=CARTESIAN_POINT('Ctrl Pts',(11.1563319469532,1.74250614910574,-2.22933993577805E-10));
#5275=CARTESIAN_POINT('Ctrl Pts',(9.56259105296701,1.7425061490918,-7.74990268022139E-10));
#5276=CARTESIAN_POINT('Ctrl Pts',(7.96885015840311,1.7425061490885,-9.05949315662143E-10));
#5277=CARTESIAN_POINT('Ctrl Pts',(6.37510926633917,1.74250614904188,-2.75224855306792E-9));
#5278=CARTESIAN_POINT('Ctrl Pts',(4.78136837581831,1.74250614897676,-5.33144634834102E-9));
#5279=CARTESIAN_POINT('Ctrl Pts',(3.18762749138882,1.7425061487987,-1.23832469051405E-8));
#5280=CARTESIAN_POINT('Ctrl Pts',(1.59388661491509,1.7425061485238,-2.32709883829976E-8));
#5281=CARTESIAN_POINT('Ctrl Pts',(0.000145765252645461,1.7425061477445,
-5.41354793231905E-8));
#5282=CARTESIAN_POINT('Ctrl Pts',(-1.59359505095637,1.74250614658041,-1.00239185763728E-7));
#5283=CARTESIAN_POINT('Ctrl Pts',(-3.18733574794978,1.74250614314083,-2.36464780237325E-7));
#5284=CARTESIAN_POINT('Ctrl Pts',(-4.78107630629742,1.74250613822622,-4.31109008562637E-7));
#5285=CARTESIAN_POINT('Ctrl Pts',(-6.37481633547451,1.74250612305026,-1.03215744808329E-6));
#5286=CARTESIAN_POINT('Ctrl Pts',(-7.96855573499764,1.74250610140004,-1.88961919301765E-6));
#5287=CARTESIAN_POINT('Ctrl Pts',(-9.56229426127613,1.74250605871157,-3.58030873384353E-6));
#5288=CARTESIAN_POINT('Ctrl Pts',(-11.1560266466966,1.74250593432138,-8.50681070762996E-6));
#5289=CARTESIAN_POINT('Ctrl Pts',(-12.7497529286477,1.74250567079368,-1.89439019821325E-5));
#5290=CARTESIAN_POINT('Ctrl Pts',(-14.3434616268635,1.74250521807633,-3.68738721975953E-5));
#5291=CARTESIAN_POINT('Ctrl Pts',(-15.9371384524963,1.74250404629577,-8.32825863509003E-5));
#5292=CARTESIAN_POINT('Ctrl Pts',(-17.5307406052263,1.7425021357168,-0.000158951473506125));
#5293=CARTESIAN_POINT('Ctrl Pts',(-18.8586227510771,1.74249775659656,-0.000332387839125362));
#5294=CARTESIAN_POINT('Ctrl Pts',(-19.9208299026678,1.74249404836415,-0.00047925309404414));
#5295=CARTESIAN_POINT('Ctrl Pts',(-20.9833128117017,1.74249136667292,-0.000585462880817502));
#5296=CARTESIAN_POINT('Ctrl Pts',(-22.0436871549722,1.74246567451626,-0.00160300506509355));
#5297=CARTESIAN_POINT('Ctrl Pts',(-22.9733767508354,1.74245467033993,-0.00203883147528522));
#5298=CARTESIAN_POINT('Ctrl Pts',(-23.5031146872104,1.74244580679594,-0.00238987009290475));
#5299=CARTESIAN_POINT('Ctrl Pts',(-24.3040908349773,1.74244473442312,-0.00243236064687111));
#5300=CARTESIAN_POINT('Ctrl Pts',(-24.9341260599598,1.74230544214079,-0.00794895257852578));
#5301=CARTESIAN_POINT('Ctrl Pts',(-25.5116161495844,1.74228392783083,-0.00880123019383772));
#5302=CARTESIAN_POINT('Ctrl Pts',(-25.5612592155272,1.74230110851813,-0.008303547594211));
#5303=CARTESIAN_POINT('Ctrl Pts',(-25.6373996755355,1.74240237796946,-0.00538735685305121));
#5304=CARTESIAN_POINT('Ctrl Pts',(-25.7817407422509,1.74275950642656,0.00493641614935064));
#5305=CARTESIAN_POINT('Ctrl Pts',(-26.0592520208952,1.74416131512425,0.0452770715697029));
#5306=CARTESIAN_POINT('Ctrl Pts',(-26.6120171835636,1.7498620749894,0.210812725480787));
#5307=CARTESIAN_POINT('Ctrl Pts',(-27.5910082853162,1.7717751166426,0.848483705551691));
#5308=CARTESIAN_POINT('Ctrl Pts',(-28.0172360907466,1.80494461702005,1.86077404695465));
#5309=CARTESIAN_POINT('Ctrl Pts',(-28.0028140783254,1.82757708699743,2.56789175334553));
#5310=CARTESIAN_POINT('Ctrl Pts',(-28.0033844912296,1.82927141860909,2.56435316038626));
#5311=CARTESIAN_POINT('Ctrl Pts',(-28.0030745308472,1.83348143730978,2.61477705096068));
#5312=CARTESIAN_POINT('Ctrl Pts',(-28.0032616227876,1.84042961131674,2.67367634117023));
#5313=CARTESIAN_POINT('Ctrl Pts',(-28.0030426665668,1.85061066230769,2.77572641859741));
#5314=CARTESIAN_POINT('Ctrl Pts',(-28.003064874612,1.86267980626767,2.88778438215421));
#5315=CARTESIAN_POINT('Ctrl Pts',(-28.0029733432305,1.87885214305873,3.04277703045438));
#5316=CARTESIAN_POINT('Ctrl Pts',(-28.0028268410707,1.89902298213459,3.23355261631114));
#5317=CARTESIAN_POINT('Ctrl Pts',(-28.0026889928096,1.93133302927042,3.54113622425513));
#5318=CARTESIAN_POINT('Ctrl Pts',(-28.002275136662,1.97169131704812,3.92397887355872));
#5319=CARTESIAN_POINT('Ctrl Pts',(-28.0020045808087,2.03629874049421,4.53828327778522));
#5320=CARTESIAN_POINT('Ctrl Pts',(-28.0011845371355,2.11702395281116,5.30454098110235));
#5321=CARTESIAN_POINT('Ctrl Pts',(-28.000813740274,2.21393404644961,6.22587799342045));
#5322=CARTESIAN_POINT('Ctrl Pts',(-28.0004148560482,2.29468578601335,6.99333472204493));
#5323=CARTESIAN_POINT('Ctrl Pts',(-28.0003459144801,2.35122497227435,7.5311344464563));
#5324=CARTESIAN_POINT('Ctrl Pts',(-28.0003253389533,2.38353411445835,7.83849204995133));
#5325=CARTESIAN_POINT('Ctrl Pts',(-28.0003062742746,2.43199856931578,8.29956193948107));
#5326=CARTESIAN_POINT('Ctrl Pts',(-28.0001890485155,2.50468995032301,8.99093343278319));
#5327=CARTESIAN_POINT('Ctrl Pts',(-28.000138587075,2.60161811184779,9.91304003143441));
#5328=CARTESIAN_POINT('Ctrl Pts',(-28.0000836868215,2.69854600321565,10.8351346295095));
#5329=CARTESIAN_POINT('Ctrl Pts',(-28.0000576720342,2.79547561841252,11.7573050110101));
#5330=CARTESIAN_POINT('Ctrl Pts',(-28.0000363138168,2.89240550996912,12.6794875057337));
#5331=CARTESIAN_POINT('Ctrl Pts',(-28.0000243696475,2.98933596302257,13.6016946776983));
#5332=CARTESIAN_POINT('Ctrl Pts',(-28.0000157108607,3.08626661162798,14.5239104344753));
#5333=CARTESIAN_POINT('Ctrl Pts',(-28.0000105320758,3.18319746771096,15.4461353076729));
#5334=CARTESIAN_POINT('Ctrl Pts',(-28.0000069825985,3.28012842084067,16.3683644428519));
#5335=CARTESIAN_POINT('Ctrl Pts',(-28.0000047964555,3.38782958463911,17.3930680845661));
#5336=CARTESIAN_POINT('Ctrl Pts',(-28.0000026347532,3.50630087929112,18.5202427260044));
#5337=CARTESIAN_POINT('Ctrl Pts',(-28.0000012972564,3.6355423524689,19.7498904616842));
#5338=CARTESIAN_POINT('Ctrl Pts',(-28.0000008313189,3.76478387758255,20.9795404786927));
#5339=CARTESIAN_POINT('Ctrl Pts',(-28.0000004133084,3.8940254055501,22.2091906212212));
#5340=CARTESIAN_POINT('Ctrl Pts',(-28.0000002562011,4.02326694906682,23.4388414466829));
#5341=CARTESIAN_POINT('Ctrl Pts',(-28.0000001444985,4.1417383658772,24.5660214546276));
#5342=CARTESIAN_POINT('Ctrl Pts',(-28.0000000894,4.24943965665489,25.5907306743434));
#5343=CARTESIAN_POINT('Ctrl Pts',(-28.000000059553,4.34637081952743,26.5129690237737));
#5344=CARTESIAN_POINT('Ctrl Pts',(-28.0000000389721,4.44330198294779,27.4352073974664));
#5345=CARTESIAN_POINT('Ctrl Pts',(-28.0000000263939,4.54023314683783,28.3574457921205));
#5346=CARTESIAN_POINT('Ctrl Pts',(-28.00000001834,4.63716431098672,29.2796841986357));
#5347=CARTESIAN_POINT('Ctrl Pts',(-28.0000000138378,4.7340954753307,30.2019226144763));
#5348=CARTESIAN_POINT('Ctrl Pts',(-28.0000000118229,4.83102663979759,31.1241610368711));
#5349=CARTESIAN_POINT('Ctrl Pts',(-28.0000000120267,4.92795780435788,32.0463994651392));
#5350=CARTESIAN_POINT('Ctrl Pts',(-28.0000000144402,5.02488896899042,32.9686378992929));
#5351=CARTESIAN_POINT('Ctrl Pts',(-28.0000000195307,5.12182013369139,33.8908763406076));
#5352=CARTESIAN_POINT('Ctrl Pts',(-28.0000000282301,5.21875129846789,34.8131147916081));
#5353=CARTESIAN_POINT('Ctrl Pts',(-28.0000000421518,5.31568246334163,35.7353532566368));
#5354=CARTESIAN_POINT('Ctrl Pts',(-28.0000000638676,5.41261362835239,36.6575917426346));
#5355=CARTESIAN_POINT('Ctrl Pts',(-28.0000000973967,5.50954479356438,37.5798302603829));
#5356=CARTESIAN_POINT('Ctrl Pts',(-28.000000148934,5.60647595908137,38.5020688266304));
#5357=CARTESIAN_POINT('Ctrl Pts',(-28.0000002280229,5.70340712505814,39.4243074668772));
#5358=CARTESIAN_POINT('Ctrl Pts',(-28.0000003492627,5.80033829174665,40.3465462207964));
#5359=CARTESIAN_POINT('Ctrl Pts',(-28.0000005351349,5.89726945950331,41.2687851479934));
#5360=CARTESIAN_POINT('Ctrl Pts',(-28.0000008198801,5.99420062894275,42.1910243425511));
#5361=CARTESIAN_POINT('Ctrl Pts',(-28.0000012564563,6.09113180085535,43.1132639425689));
#5362=CARTESIAN_POINT('Ctrl Pts',(-28.0000019249356,6.18806297679117,44.0355041732423));
#5363=CARTESIAN_POINT('Ctrl Pts',(-28.00000295043,6.28499415836972,44.9577453493703));
#5364=CARTESIAN_POINT('Ctrl Pts',(-28.0000045192729,6.38192534975931,45.8799880209068));
#5365=CARTESIAN_POINT('Ctrl Pts',(-28.0000069289996,6.47885655358385,46.8022328797941));
#5366=CARTESIAN_POINT('Ctrl Pts',(-28.00001060874,6.57578778226165,47.7244813227547));
#5367=CARTESIAN_POINT('Ctrl Pts',(-28.0000162758559,6.67271903608386,48.6467347393455));
#5368=CARTESIAN_POINT('Ctrl Pts',(-28.0000248961775,6.76965035730747,49.5689969338973));
#5369=CARTESIAN_POINT('Ctrl Pts',(-28.0000382473675,6.86658171738995,50.4912699982919));
#5370=CARTESIAN_POINT('Ctrl Pts',(-28.0000583891695,6.96351328076694,51.4135654779622));
#5371=CARTESIAN_POINT('Ctrl Pts',(-28.0000899599455,7.06044483490467,52.3358824550692));
#5372=CARTESIAN_POINT('Ctrl Pts',(-28.0001367600676,7.15737709060019,53.2582610470454));
#5373=CARTESIAN_POINT('Ctrl Pts',(-28.0002119924177,7.25430882431059,54.180670073234));
#5374=CARTESIAN_POINT('Ctrl Pts',(-28.0003194222126,7.35124332164159,55.1032684976864));
#5375=CARTESIAN_POINT('Ctrl Pts',(-28.0005015605007,7.44817410242075,56.0258385911173));
#5376=CARTESIAN_POINT('Ctrl Pts',(-28.000741565634,7.54511693041452,56.9490760745162));
#5377=CARTESIAN_POINT('Ctrl Pts',(-28.0011965633089,7.64203862944889,57.8717501645347));
#5378=CARTESIAN_POINT('Ctrl Pts',(-28.0016991234341,7.73901629731982,58.7971003383571));
#5379=CARTESIAN_POINT('Ctrl Pts',(-28.0029038576117,7.83588239885257,59.7186449484441));
#5380=CARTESIAN_POINT('Ctrl Pts',(-28.003772291955,7.93302286268719,60.6522154881842));
#5381=CARTESIAN_POINT('Ctrl Pts',(-28.0062437250672,7.99731739153271,61.256714739466));
#5382=CARTESIAN_POINT('Ctrl Pts',(-28.0061039214663,8.03194393802824,61.6089701283296));
#5383=CARTESIAN_POINT('Ctrl Pts',(-27.9934127177563,8.03809182635831,61.8148253521717));
#5384=CARTESIAN_POINT('Ctrl Pts',(-27.937631010518,8.04848577779915,62.1207754863844));
#5385=CARTESIAN_POINT('Ctrl Pts',(-27.8058810980165,8.06156945409255,62.5296971665702));
#5386=CARTESIAN_POINT('Ctrl Pts',(-27.5585721977077,8.0753500760847,62.9548025413931));
#5387=CARTESIAN_POINT('Ctrl Pts',(-26.9168866584628,8.09902862020069,63.6960862876454));
#5388=CARTESIAN_POINT('Ctrl Pts',(-26.1248054455798,8.10863990162562,63.9981960186464));
#5389=CARTESIAN_POINT('Ctrl Pts',(-25.4719382733076,8.10863593663779,63.9982599712303));
#5390=CARTESIAN_POINT('Ctrl Pts',(-25.4731919556887,8.10863603634249,63.9982595792696));
#5391=CARTESIAN_POINT('Ctrl Pts',(-25.430637113897,8.10863593059698,63.9982623769244));
#5392=CARTESIAN_POINT('Ctrl Pts',(-25.3786785538476,8.10863583525243,63.9982685233918));
#5393=CARTESIAN_POINT('Ctrl Pts',(-25.2580059015343,8.10863532988629,63.9982918970053));
#5394=CARTESIAN_POINT('Ctrl Pts',(-25.0294980870685,8.10863398006063,63.998358265476));
#5395=CARTESIAN_POINT('Ctrl Pts',(-24.6956572106311,8.10863029545338,63.9985363318012));
#5396=CARTESIAN_POINT('Ctrl Pts',(-24.2990524819712,8.10862796807283,63.9986495427096));
#5397=CARTESIAN_POINT('Ctrl Pts',(-23.5022692524837,8.10862460587468,63.9988124496089));
#5398=CARTESIAN_POINT('Ctrl Pts',(-22.3108329083653,8.10861011272809,63.9995155971821));
#5399=CARTESIAN_POINT('Ctrl Pts',(-20.7176707620891,8.10860664536668,63.9996837038444));
#5400=CARTESIAN_POINT('Ctrl Pts',(-19.1251348918286,8.10860248096717,63.9998857386445));
#5401=CARTESIAN_POINT('Ctrl Pts',(-17.5316632492643,8.10860160472515,63.9999282251942));
#5402=CARTESIAN_POINT('Ctrl Pts',(-15.9383009328094,8.10860066862181,63.9999736393291));
#5403=CARTESIAN_POINT('Ctrl Pts',(-14.3447355825408,8.10860045632704,63.9999839334867));
#5404=CARTESIAN_POINT('Ctrl Pts',(-12.9282588179581,8.10860023427237,63.9999947062034));
#5405=CARTESIAN_POINT('Ctrl Pts',(-11.6887981870661,8.10860020403078,63.9999961726684));
#5406=CARTESIAN_POINT('Ctrl Pts',(-10.6264096675421,8.10860016069177,63.9999982755015));
#5407=CARTESIAN_POINT('Ctrl Pts',(-9.56401232648757,8.10860015296769,63.9999986501255));
#5408=CARTESIAN_POINT('Ctrl Pts',(-8.50161666709546,8.1086001394027,63.9999993093444));
#5409=CARTESIAN_POINT('Ctrl Pts',(-7.43921866888867,8.10860013565841,63.9999994914919));
#5410=CARTESIAN_POINT('Ctrl Pts',(-6.19975424456827,8.10860013211412,63.9999996660782));
#5411=CARTESIAN_POINT('Ctrl Pts',(-4.7832233481089,8.10860012837437,63.9999998546893));
#5412=CARTESIAN_POINT('Ctrl Pts',(-3.18962545909813,8.10860012714569,63.9999999299244));
#5413=CARTESIAN_POINT('Ctrl Pts',(-1.59602740592996,8.10860012652744,63.9999999883252));
#5414=CARTESIAN_POINT('Ctrl Pts',(-0.00242906153331148,8.10860012701466,
64.0000000325959));
#5415=CARTESIAN_POINT('Ctrl Pts',(1.59116952518073,8.10860012825756,64.0000000928857));
#5416=CARTESIAN_POINT('Ctrl Pts',(3.18476885853438,8.10860013177869,64.0000002191766));
#5417=CARTESIAN_POINT('Ctrl Pts',(4.77836909032709,8.10860013798703,64.0000004344391));
#5418=CARTESIAN_POINT('Ctrl Pts',(6.37197252149529,8.10860015374479,64.0000009719529));
#5419=CARTESIAN_POINT('Ctrl Pts',(7.96557964164528,8.1086001805027,64.000001883024));
#5420=CARTESIAN_POINT('Ctrl Pts',(9.55920100386121,8.10860024972079,64.0000042377552));
#5421=CARTESIAN_POINT('Ctrl Pts',(11.1528374800054,8.10860036399877,64.000008125002));
#5422=CARTESIAN_POINT('Ctrl Pts',(12.7465376483273,8.10860066815226,64.000018470511));
#5423=CARTESIAN_POINT('Ctrl Pts',(14.3402990542184,8.10860115487575,64.0000350259011));
#5424=CARTESIAN_POINT('Ctrl Pts',(15.934346174008,8.10860249334915,64.0000805525263));
#5425=CARTESIAN_POINT('Ctrl Pts',(17.5286377175659,8.10860456054035,64.0001508656805));
#5426=CARTESIAN_POINT('Ctrl Pts',(19.1242152617313,8.10861046145645,64.0003515784299));
#5427=CARTESIAN_POINT('Ctrl Pts',(20.7207420097545,8.10861919234495,64.0006485496375));
#5428=CARTESIAN_POINT('Ctrl Pts',(22.0561638407746,8.10864132261336,64.0014012847466));
#5429=CARTESIAN_POINT('Ctrl Pts',(22.9906734011969,8.10865596257055,64.0018992463158));
#5430=CARTESIAN_POINT('Ctrl Pts',(23.5237178601067,8.10866146258429,64.0020863223255));
#5431=CARTESIAN_POINT('Ctrl Pts',(23.8580423254077,8.10866839441729,64.0023221016811));
#5432=CARTESIAN_POINT('Ctrl Pts',(24.0913544073139,8.10867111291318,64.0024145666146));
#5433=CARTESIAN_POINT('Ctrl Pts',(24.2244647668599,8.10867204062767,64.0024461239654));
#5434=CARTESIAN_POINT('Ctrl Pts',(24.3243623788605,8.10867292374838,64.0024761573658));
#5435=CARTESIAN_POINT('Ctrl Pts',(24.4243050638215,8.10867395618738,64.0025112861462));
#5436=CARTESIAN_POINT('Ctrl Pts',(24.5576268929413,8.10867548127971,64.0025631261412));
#5437=CARTESIAN_POINT('Ctrl Pts',(24.7251390203945,8.10868011347001,64.002720821165));
#5438=CARTESIAN_POINT('Ctrl Pts',(24.9269024987515,8.10868747359952,64.0029708554301));
#5439=CARTESIAN_POINT('Ctrl Pts',(25.1935669739112,8.10869147015726,64.0031077005753));
#5440=CARTESIAN_POINT('Ctrl Pts',(25.4029981335579,8.10871940684887,64.0040551136404));
#5441=CARTESIAN_POINT('Ctrl Pts',(25.5823518887394,8.10872462478866,64.0042384736697));
#5442=CARTESIAN_POINT('Ctrl Pts',(25.9617851091934,8.10780765112948,63.9754309136725));
#5443=CARTESIAN_POINT('Ctrl Pts',(26.5247624015993,8.10238108371958,63.8051055690683));
#5444=CARTESIAN_POINT('Ctrl Pts',(27.2494048765355,8.08863848163987,63.3738007748771));
#5445=CARTESIAN_POINT('Ctrl Pts',(27.6751184360169,8.06912150854536,62.7652772326629));
#5446=CARTESIAN_POINT('Ctrl Pts',(27.8590390487283,8.0540761697065,62.301571275414));
#5447=CARTESIAN_POINT('Ctrl Pts',(27.9485535680614,8.04354584657107,61.9790418920464));
#5448=CARTESIAN_POINT('Ctrl Pts',(27.9793784934263,8.03528650224201,61.7273817382551));
#5449=CARTESIAN_POINT('Ctrl Pts',(27.9829749414762,8.02897719105919,61.5386991270726));
#5450=CARTESIAN_POINT('Ctrl Pts',(27.9827141953188,8.02814780272512,61.5403856948285));
#5451=CARTESIAN_POINT('Ctrl Pts',(27.9828611736201,8.026033913278,61.5152525745836));
#5452=CARTESIAN_POINT('Ctrl Pts',(27.9827964436388,8.02256186967735,61.485501886703));
#5453=CARTESIAN_POINT('Ctrl Pts',(27.982962341444,8.01544911489647,61.4154259851175));
#5454=CARTESIAN_POINT('Ctrl Pts',(27.9831805819995,8.00135012041764,61.2831834529024));
#5455=CARTESIAN_POINT('Ctrl Pts',(27.9844266522152,7.97306474995202,61.0130830910695));
#5456=CARTESIAN_POINT('Ctrl Pts',(27.9863295999936,7.91656327803091,60.4773227532419));
#5457=CARTESIAN_POINT('Ctrl Pts',(27.9939171776384,7.86412032860498,59.9800319234813));
#5458=CARTESIAN_POINT('Ctrl Pts',(27.9943805549018,7.82373849527481,59.5960594379603));
#5459=CARTESIAN_POINT('Ctrl Pts',(27.994456188022,7.80758379368792,59.4423706508368));
#5460=CARTESIAN_POINT('Ctrl Pts',(27.994765196912,7.78739304616082,59.2503788215173));
#5461=CARTESIAN_POINT('Ctrl Pts',(27.9949543613575,7.76316203686809,59.0198948617532));
#5462=CARTESIAN_POINT('Ctrl Pts',(27.9952914349025,7.71469978658737,58.5589211065971));
#5463=CARTESIAN_POINT('Ctrl Pts',(27.9972150955861,7.64202080125461,57.868061595106));
#5464=CARTESIAN_POINT('Ctrl Pts',(27.9980227038931,7.5450976005083,56.9461672615845));
#5465=CARTESIAN_POINT('Ctrl Pts',(27.9990368923409,7.46433172689582,56.1780664945083));
#5466=CARTESIAN_POINT('Ctrl Pts',(27.9991963883795,7.39971237788537,55.5633073592813));
#5467=CARTESIAN_POINT('Ctrl Pts',(27.9993576165894,7.35124828877357,55.1022556721146));
#5468=CARTESIAN_POINT('Ctrl Pts',(27.9994569895334,7.30278356883896,54.6411775691069));
#5469=CARTESIAN_POINT('Ctrl Pts',(27.9995446255475,7.25431872851714,54.1800944107515));
#5470=CARTESIAN_POINT('Ctrl Pts',(27.9996086754393,7.20585364745375,53.7190011671683));
#5471=CARTESIAN_POINT('Ctrl Pts',(27.9996616728909,7.14123320823423,53.1041962953978));
#5472=CARTESIAN_POINT('Ctrl Pts',(27.9997865111768,7.06045825783263,52.3357152953427));
#5473=CARTESIAN_POINT('Ctrl Pts',(27.9998505666183,6.96352744129649,51.413501378839));
#5474=CARTESIAN_POINT('Ctrl Pts',(27.9999066613965,6.86659654345017,50.4912840549092));
#5475=CARTESIAN_POINT('Ctrl Pts',(27.9999367819622,6.76966538024673,49.5690556096316));
#5476=CARTESIAN_POINT('Ctrl Pts',(27.9999589716151,6.67273413602473,48.6468237688975));
#5477=CARTESIAN_POINT('Ctrl Pts',(27.9999722082529,6.57580280033811,47.7245880948208));
#5478=CARTESIAN_POINT('Ctrl Pts',(27.9999810419743,6.4681012562374,46.6998792754834));
#5479=CARTESIAN_POINT('Ctrl Pts',(27.9999896340063,6.3496295462326,45.5726990924814));
#5480=CARTESIAN_POINT('Ctrl Pts',(27.9999941324612,6.22038763097125,44.3430458964676));
#5481=CARTESIAN_POINT('Ctrl Pts',(27.9999973948624,6.0911457030839,43.1133921713437));
#5482=CARTESIAN_POINT('Ctrl Pts',(27.9999981243731,5.96190374931418,41.8837373612526));
#5483=CARTESIAN_POINT('Ctrl Pts',(27.9999990784683,5.83266179784179,40.6540826475475));
#5484=CARTESIAN_POINT('Ctrl Pts',(27.999999361492,5.71419000292563,39.5268989049392));
#5485=CARTESIAN_POINT('Ctrl Pts',(27.9999996528685,5.60648837153232,38.502186426287));
#5486=CARTESIAN_POINT('Ctrl Pts',(27.9999997500448,5.50955690157499,37.5799451235223));
#5487=CARTESIAN_POINT('Ctrl Pts',(27.9999998477397,5.41262543160265,36.6577038194271));
#5488=CARTESIAN_POINT('Ctrl Pts',(27.9999998962656,5.31569396109477,35.7354624917403));
#5489=CARTESIAN_POINT('Ctrl Pts',(27.9999999350258,5.21876249043743,34.813221156073));
#5490=CARTESIAN_POINT('Ctrl Pts',(27.9999999575488,5.12183101953767,33.8909798076045));
#5491=CARTESIAN_POINT('Ctrl Pts',(27.9999999741127,5.02489954846005,32.9687384476418));
#5492=CARTESIAN_POINT('Ctrl Pts',(27.9999999850413,4.92796807714555,32.0464970715616));
#5493=CARTESIAN_POINT('Ctrl Pts',(27.9999999935835,4.83103660553193,31.1242556734599));
#5494=CARTESIAN_POINT('Ctrl Pts',(28.0000000007686,4.7341051334836,30.2020142426092));
#5495=CARTESIAN_POINT('Ctrl Pts',(28.0000000081727,4.63717366079231,29.2797727625372));
#5496=CARTESIAN_POINT('Ctrl Pts',(28.0000000170529,4.54024218712817,28.3575312075849));
#5497=CARTESIAN_POINT('Ctrl Pts',(28.0000000291045,4.443310711981,27.4352895381584));
#5498=CARTESIAN_POINT('Ctrl Pts',(28.0000000465263,4.34637923457009,26.5130476938094));
#5499=CARTESIAN_POINT('Ctrl Pts',(28.0000000725678,4.24944775368642,25.5908055809805));
#5500=CARTESIAN_POINT('Ctrl Pts',(28.0000001120011,4.1525162675009,24.6685630581814));
#5501=CARTESIAN_POINT('Ctrl Pts',(28.0000001722088,4.05558477315421,23.7463199042569));
#5502=CARTESIAN_POINT('Ctrl Pts',(28.0000002641285,3.95865326638876,22.8240757899218));
#5503=CARTESIAN_POINT('Ctrl Pts',(28.0000004051977,3.8617217404025,21.9018301891101));
#5504=CARTESIAN_POINT('Ctrl Pts',(28.0000006205278,3.7647901853917,20.9795823436187));
#5505=CARTESIAN_POINT('Ctrl Pts',(28.0000009521223,3.66785858495102,20.0573309846934));
#5506=CARTESIAN_POINT('Ctrl Pts',(28.0000014564384,3.57092691702679,19.1350744067506));
#5507=CARTESIAN_POINT('Ctrl Pts',(28.0000022376016,3.47399514094161,18.2128094638925));
#5508=CARTESIAN_POINT('Ctrl Pts',(28.0000034158475,3.37706320972352,17.2905325234159));
#5509=CARTESIAN_POINT('Ctrl Pts',(28.0000052631423,3.28013101712275,16.368235368207));
#5510=CARTESIAN_POINT('Ctrl Pts',(28.0000080004796,3.18319847680292,15.4459113212091));
#5511=CARTESIAN_POINT('Ctrl Pts',(28.0000124032796,3.08626528582652,14.5235369539344));
#5512=CARTESIAN_POINT('Ctrl Pts',(28.0000186851327,2.98933136074908,13.6011058129797));
#5513=CARTESIAN_POINT('Ctrl Pts',(28.0000293480393,2.89239572409983,12.6785423030108));
#5514=CARTESIAN_POINT('Ctrl Pts',(28.0000433733119,2.79545877385534,11.7558772026181));
#5515=CARTESIAN_POINT('Ctrl Pts',(28.0000700297568,2.69851688891742,10.832830464424));
#5516=CARTESIAN_POINT('Ctrl Pts',(28.0000993065018,2.60157398029157,9.90970455656707));
#5517=CARTESIAN_POINT('Ctrl Pts',(28.000159147716,2.52077437601888,9.13936206512897));
#5518=CARTESIAN_POINT('Ctrl Pts',(28.0001819116015,2.45614450211288,8.52384671700952));
#5519=CARTESIAN_POINT('Ctrl Pts',(28.0002264210746,2.39150613273205,7.90767434847298));
#5520=CARTESIAN_POINT('Ctrl Pts',(28.0003408182815,2.31068521475321,7.13568350418656));
#5521=CARTESIAN_POINT('Ctrl Pts',(28.0005754576671,2.23789494364069,6.4369131120439));
#5522=CARTESIAN_POINT('Ctrl Pts',(28.0006132818086,2.18941443120883,5.97464962410085));
#5523=CARTESIAN_POINT('Ctrl Pts',(28.0006421625153,2.16920909177597,5.78164341066661));
#5524=CARTESIAN_POINT('Ctrl Pts',(28.0006507513338,2.15305049118074,5.62767701818655));
#5525=CARTESIAN_POINT('Ctrl Pts',(28.0006699005583,2.13688776489043,5.47339155397052));
#5526=CARTESIAN_POINT('Ctrl Pts',(28.0006992786316,2.10860460857264,5.20351686800996));
#5527=CARTESIAN_POINT('Ctrl Pts',(28.000940487676,2.08023869502058,4.92724192853357));
#5528=CARTESIAN_POINT('Ctrl Pts',(28.0009672006676,2.05599539117366,4.69587448781455));
#5529=CARTESIAN_POINT('Ctrl Pts',(28.0009863951235,2.04387145850043,4.58001437953106));
#5530=CARTESIAN_POINT('Ctrl Pts',(28.0010144529073,2.0317440631395,4.46388647497158));
#5531=CARTESIAN_POINT('Ctrl Pts',(28.0010364429457,2.00750260443611,4.23266173339548));
#5532=CARTESIAN_POINT('Ctrl Pts',(28.0015086161601,1.98308527005985,3.98783517315448));
#5533=CARTESIAN_POINT('Ctrl Pts',(28.0015457305991,1.9608573082631,3.77536682474634));
#5534=CARTESIAN_POINT('Ctrl Pts',(28.0015602213998,1.95277402448209,3.69807555509384));
#5535=CARTESIAN_POINT('Ctrl Pts',(28.0015723846024,1.94469165003731,3.62085461140663));
#5536=CARTESIAN_POINT('Ctrl Pts',(28.0016150137968,1.93457796762286,3.52349980803841));
#5537=CARTESIAN_POINT('Ctrl Pts',(28.0016631129225,1.92446214823859,3.42597973635719));
#5538=CARTESIAN_POINT('Ctrl Pts',(28.0016799729565,1.91637793885547,3.34861688277277));
#5539=CARTESIAN_POINT('Ctrl Pts',(28.0016952408066,1.910313757144,3.29051549665229));
#5540=CARTESIAN_POINT('Ctrl Pts',(28.0017120762765,1.90424896300143,3.23236674652413));
#5541=CARTESIAN_POINT('Ctrl Pts',(28.0017280299304,1.89818451336304,3.17424463955353));
#5542=CARTESIAN_POINT('Ctrl Pts',(28.0017469636783,1.89312860229602,3.12563917276701));
#5543=CARTESIAN_POINT('Ctrl Pts',(28.0017529418751,1.88908745547125,3.08703182518183));
#5544=CARTESIAN_POINT('Ctrl Pts',(28.0017593435458,1.8850461432055,3.04841168277381));
#5545=CARTESIAN_POINT('Ctrl Pts',(28.0017814921862,1.87998897615775,2.99970908133548));
#5546=CARTESIAN_POINT('Ctrl Pts',(28.001804302222,1.87392184789686,2.94137981588255));
#5547=CARTESIAN_POINT('Ctrl Pts',(28.001828122325,1.86785432502718,2.88302003229716));
#5548=CARTESIAN_POINT('Ctrl Pts',(28.0018539120036,1.86279573551391,2.83420742065862));
#5549=CARTESIAN_POINT('Ctrl Pts',(28.0018618868183,1.85925866006989,2.80034308765381));
#5550=CARTESIAN_POINT('Ctrl Pts',(28.0018643520755,1.85723829130956,2.78105524117964));
#5551=CARTESIAN_POINT('Ctrl Pts',(28.0018664338827,1.85521807235391,2.76177898025235));
#5552=CARTESIAN_POINT('Ctrl Pts',(28.0018747545262,1.85269056462493,2.73751087902786));
#5553=CARTESIAN_POINT('Ctrl Pts',(28.0018815624024,1.84965879648648,2.70848514417776));
#5554=CARTESIAN_POINT('Ctrl Pts',(28.0018903871586,1.84713109181285,2.68420181170858));
#5555=CARTESIAN_POINT('Ctrl Pts',(28.0018932217454,1.84511057876441,2.6649028063246));
#5556=CARTESIAN_POINT('Ctrl Pts',(28.0018953168667,1.84309035460726,2.64562614312561));
#5557=CARTESIAN_POINT('Ctrl Pts',(28.001905397088,1.84106701086475,2.62610821839524));
#5558=CARTESIAN_POINT('Ctrl Pts',(28.0019072750285,1.83904687155491,2.60683811709082));
#5559=CARTESIAN_POINT('Ctrl Pts',(28.0019102804386,1.83778356888641,2.59473896093705));
#5560=CARTESIAN_POINT('Ctrl Pts',(28.0019108629294,1.83677363849938,2.58511468094014));
#5561=CARTESIAN_POINT('Ctrl Pts',(28.001912074995,1.83576346215264,2.57547137899505));
#5562=CARTESIAN_POINT('Ctrl Pts',(28.0019138016259,1.83399580766175,2.55860751951535));
#5563=CARTESIAN_POINT('Ctrl Pts',(28.0019253914729,1.8323505127018,2.54264648823361));
#5564=CARTESIAN_POINT('Ctrl Pts',(28.0019262670998,1.8311511485161,2.53121209882574));
#5565=CARTESIAN_POINT('Ctrl Pts',(28.0019262949264,1.83089871193814,2.52880958790539));
#5566=CARTESIAN_POINT('Ctrl Pts',(28.0019264432308,1.83052001544682,2.52520260184991));
#5567=CARTESIAN_POINT('Ctrl Pts',(28.0019271745808,1.82969934612053,2.5173750763317));
#5568=CARTESIAN_POINT('Ctrl Pts',(28.0019304291626,1.82868837202315,2.50767006360861));
#5569=CARTESIAN_POINT('Ctrl Pts',(28.0019312210817,1.82786767883537,2.49984070642734));
#5570=CARTESIAN_POINT('Ctrl Pts',(28.0019313755607,1.82748898021676,2.49623353615378));
#5571=CARTESIAN_POINT('Ctrl Pts',(28.0019314253643,1.82723653436202,2.4938303555449));
#5572=CARTESIAN_POINT('Ctrl Pts',(28.0019316772962,1.82692090673788,2.49082068006921));
#5573=CARTESIAN_POINT('Ctrl Pts',(28.0019318620385,1.82654218914305,2.48721253653967));
#5574=CARTESIAN_POINT('Ctrl Pts',(28.0019321210691,1.82622657024776,2.48420274358613));
#5575=CARTESIAN_POINT('Ctrl Pts',(28.0019321846399,1.82597407231936,2.48179872581433));
#5576=CARTESIAN_POINT('Ctrl Pts',(28.0019322464465,1.82581620200028,2.48029500896184));
#5577=CARTESIAN_POINT('Ctrl Pts',(28.0019322733989,1.82568989348357,2.47909261750237));
#5578=CARTESIAN_POINT('Ctrl Pts',(28.0019322698371,1.82559515480343,2.47819118715244));
#5579=CARTESIAN_POINT('Ctrl Pts',(28.0019323214109,1.82552407599457,2.47751382229122));
#5580=CARTESIAN_POINT('Ctrl Pts',(28.0019322792788,1.82547670789991,2.47706391967811));
#5581=CARTESIAN_POINT('Ctrl Pts',(28.0019323866068,1.82544509107492,2.47676107766033));
#5582=CARTESIAN_POINT('Ctrl Pts',(28.0019320354824,1.82542149517414,2.47654316420664));
#5583=CARTESIAN_POINT('Ctrl Pts',(28.0021911027005,1.81858651074092,2.40662793319227));
#5584=CARTESIAN_POINT('Ctrl Pts',(27.9122495199671,1.79987572346309,1.72724493124661));
#5585=CARTESIAN_POINT('Ctrl Pts',(27.5953002096232,1.78079959313642,1.1660645928856));
#5586=CARTESIAN_POINT('Ctrl Pts',(26.9596319849361,1.75452578711807,0.365225797424866));
#5587=CARTESIAN_POINT('Ctrl Pts',(26.146094729136,1.74250614911137,-1.14571102094464E-14));
#5588=CARTESIAN_POINT('Ctrl Pts',(25.5,1.74250614911137,3.09463556174309E-15));
#5589=CARTESIAN_POINT('Ctrl Pts',(25.5,2.22122502965839,0.));
#5590=CARTESIAN_POINT('Ctrl Pts',(24.9687530350592,2.22122502965839,-1.24237922961496E-33));
#5591=CARTESIAN_POINT('Ctrl Pts',(23.9062591051783,2.22122502965839,-4.24740816239367E-13));
#5592=CARTESIAN_POINT('Ctrl Pts',(22.3125182103576,2.22122502965839,-1.48797017504741E-12));
#5593=CARTESIAN_POINT('Ctrl Pts',(20.7187773155368,2.22122502965839,-2.37186299368018E-12));
#5594=CARTESIAN_POINT('Ctrl Pts',(19.1250364207222,2.22122502965839,-7.07978568569761E-12));
#5595=CARTESIAN_POINT('Ctrl Pts',(17.5312955259054,2.22122502965839,-1.01508976918672E-11));
#5596=CARTESIAN_POINT('Ctrl Pts',(15.9375546311184,2.2212250296584,-3.14361182984877E-11));
#5597=CARTESIAN_POINT('Ctrl Pts',(14.3438137363175,2.22122502965841,-4.26872285500403E-11));
#5598=CARTESIAN_POINT('Ctrl Pts',(12.7500728416558,2.22122502965845,-1.39399478846421E-10));
#5599=CARTESIAN_POINT('Ctrl Pts',(11.156331946911,2.22122502965847,-1.78380695968503E-10));
#5600=CARTESIAN_POINT('Ctrl Pts',(9.56259105282136,2.22122502965866,-6.20116053791306E-10));
#5601=CARTESIAN_POINT('Ctrl Pts',(7.9688501582314,2.22122502965871,-7.2489466867322E-10));
#5602=CARTESIAN_POINT('Ctrl Pts',(6.37510926582249,2.22122502965935,-2.2022425624197E-9));
#5603=CARTESIAN_POINT('Ctrl Pts',(4.78136837480842,2.22122502966027,-4.26595691289761E-9));
#5604=CARTESIAN_POINT('Ctrl Pts',(3.18762748906491,2.22122502966274,-9.90859955050501E-9));
#5605=CARTESIAN_POINT('Ctrl Pts',(1.59388661050438,2.22122502966658,-1.8620264260823E-8));
#5606=CARTESIAN_POINT('Ctrl Pts',(0.000145755099004003,2.22122502967741,
-4.33171736218259E-8));
#5607=CARTESIAN_POINT('Ctrl Pts',(-1.5935950699696,2.2212250296937,-8.0206216870332E-8));
#5608=CARTESIAN_POINT('Ctrl Pts',(-3.18733579227279,2.22122502974148,-1.89210407553101E-7));
#5609=CARTESIAN_POINT('Ctrl Pts',(-4.7810763881399,2.22122502981029,-3.44950686456664E-7));
#5610=CARTESIAN_POINT('Ctrl Pts',(-6.37481652880607,2.22122503002104,-8.25895276746132E-7));
#5611=CARTESIAN_POINT('Ctrl Pts',(-7.96855609394129,2.22122503032428,-1.5119721701513E-6));
#5612=CARTESIAN_POINT('Ctrl Pts',(-9.56229493215355,2.22122503091645,-2.86483261362876E-6));
#5613=CARTESIAN_POINT('Ctrl Pts',(-11.1560282670294,2.22122503265788,-6.80666547211545E-6));
#5614=CARTESIAN_POINT('Ctrl Pts',(-12.7497564744116,2.22122503631341,-1.51582463360655E-5));
#5615=CARTESIAN_POINT('Ctrl Pts',(-14.3434686590746,2.2212250426635,-2.95043151271458E-5));
#5616=CARTESIAN_POINT('Ctrl Pts',(-15.9371540233112,2.22122505890888,-6.66399212618434E-5));
#5617=CARTESIAN_POINT('Ctrl Pts',(-17.5307709618866,2.22122508573621,-0.00012718338384181));
#5618=CARTESIAN_POINT('Ctrl Pts',(-18.8586849127178,2.22122514640635,-0.00026596544248124));
#5619=CARTESIAN_POINT('Ctrl Pts',(-19.9209212028964,2.22122519864857,-0.000383470935953406));
#5620=CARTESIAN_POINT('Ctrl Pts',(-20.9834202361097,2.22122523448454,-0.000468481179680108));
#5621=CARTESIAN_POINT('Ctrl Pts',(-22.0439998064237,2.2212255977536,-0.00128258484000723));
#5622=CARTESIAN_POINT('Ctrl Pts',(-22.9737542408244,2.22122574428352,-0.0016314288050074));
#5623=CARTESIAN_POINT('Ctrl Pts',(-23.5035825770493,2.22122587730836,-0.00191215388749186));
#5624=CARTESIAN_POINT('Ctrl Pts',(-24.3044616076583,2.22122585094643,-0.00194684988905433));
#5625=CARTESIAN_POINT('Ctrl Pts',(-24.9361772411723,2.22122804351993,-0.00635673848798962));
#5626=CARTESIAN_POINT('Ctrl Pts',(-25.5127309015566,2.22122791225555,-0.00704596663503027));
#5627=CARTESIAN_POINT('Ctrl Pts',(-25.5612950415652,2.22123834285226,-0.00656820709468881));
#5628=CARTESIAN_POINT('Ctrl Pts',(-25.6358809960296,2.22130022415883,-0.00376862591320274));
#5629=CARTESIAN_POINT('Ctrl Pts',(-25.7772303229202,2.22151812351761,0.00615187792845959));
#5630=CARTESIAN_POINT('Ctrl Pts',(-26.0491307441322,2.22237487098415,0.0448727724683946));
#5631=CARTESIAN_POINT('Ctrl Pts',(-26.5917424944897,2.2258517458894,0.20420426918336));
#5632=CARTESIAN_POINT('Ctrl Pts',(-27.5596120020345,2.23923697446841,0.818944772746197));
#5633=CARTESIAN_POINT('Ctrl Pts',(-28.0032310412145,2.25942447286395,1.81221009899848));
#5634=CARTESIAN_POINT('Ctrl Pts',(-28.0025467064849,2.27349569599779,2.51970915765303));
#5635=CARTESIAN_POINT('Ctrl Pts',(-28.0025694256723,2.27553240738123,2.5161576360583));
#5636=CARTESIAN_POINT('Ctrl Pts',(-28.002550516363,2.27956206905205,2.5665918048823));
#5637=CARTESIAN_POINT('Ctrl Pts',(-28.0025421010623,2.28663629861445,2.62549471796165));
#5638=CARTESIAN_POINT('Ctrl Pts',(-28.0024840658649,2.29672868178557,2.72757419726649));
#5639=CARTESIAN_POINT('Ctrl Pts',(-28.0024430575197,2.30884747776124,2.83965241870958));
#5640=CARTESIAN_POINT('Ctrl Pts',(-28.0023970059713,2.32500164139699,2.99466815709419));
#5641=CARTESIAN_POINT('Ctrl Pts',(-28.002262034582,2.3451965092861,3.18551106075047));
#5642=CARTESIAN_POINT('Ctrl Pts',(-28.0021610040746,2.37750665092931,3.49314514076937));
#5643=CARTESIAN_POINT('Ctrl Pts',(-28.0018229628296,2.41789532676618,3.87615652756599));
#5644=CARTESIAN_POINT('Ctrl Pts',(-28.0016093106042,2.48251625217579,4.49056760526002));
#5645=CARTESIAN_POINT('Ctrl Pts',(-28.0009492840531,2.56329318752641,5.25715480412881));
#5646=CARTESIAN_POINT('Ctrl Pts',(-28.0006531184596,2.66022469461334,6.178639675211));
#5647=CARTESIAN_POINT('Ctrl Pts',(-28.000332624994,2.7410011115678,6.94625640119372));
#5648=CARTESIAN_POINT('Ctrl Pts',(-28.00027746814,2.7975443583835,7.48408366197433));
#5649=CARTESIAN_POINT('Ctrl Pts',(-28.0002609408994,2.82985476943738,7.79144951624694));
#5650=CARTESIAN_POINT('Ctrl Pts',(-28.0002456600209,2.87832037157381,8.25252703446111));
#5651=CARTESIAN_POINT('Ctrl Pts',(-28.0001516278095,2.9510188698418,8.94394547127027));
#5652=CARTESIAN_POINT('Ctrl Pts',(-28.0001111586788,3.04795008786871,9.86607227327258));
#5653=CARTESIAN_POINT('Ctrl Pts',(-28.0000671224522,3.14488131088883,10.788188855469));
#5654=CARTESIAN_POINT('Ctrl Pts',(-28.0000462575869,3.24181250312292,11.7103696533035));
#5655=CARTESIAN_POINT('Ctrl Pts',(-28.0000291262724,3.33874369047066,12.6325607004622));
#5656=CARTESIAN_POINT('Ctrl Pts',(-28.0000195463429,3.43567486780069,13.5547726549993));
#5657=CARTESIAN_POINT('Ctrl Pts',(-28.000012601262,3.53260604165477,14.476991878957));
#5658=CARTESIAN_POINT('Ctrl Pts',(-28.0000084475263,3.62953721180997,15.3992188258179));
#5659=CARTESIAN_POINT('Ctrl Pts',(-28.0000056005629,3.726468380238,16.3214493822822));
#5660=CARTESIAN_POINT('Ctrl Pts',(-28.0000038471203,3.83416967662453,17.346153899367));
#5661=CARTESIAN_POINT('Ctrl Pts',(-28.0000021132693,3.95264110239226,18.4733294063943));
#5662=CARTESIAN_POINT('Ctrl Pts',(-28.0000010405006,4.0818826566913,19.7029776776439));
#5663=CARTESIAN_POINT('Ctrl Pts',(-28.0000006667828,4.21112421006564,20.9326278812216));
#5664=CARTESIAN_POINT('Ctrl Pts',(-28.0000003315137,4.34036576338819,22.1622781911654));
#5665=CARTESIAN_POINT('Ctrl Pts',(-28.0000002055032,4.46960731643447,23.3919290795452));
#5666=CARTESIAN_POINT('Ctrl Pts',(-28.0000001159231,4.58807874002423,24.5191091322978));
#5667=CARTESIAN_POINT('Ctrl Pts',(-28.0000000717416,4.69578003414756,25.5438183741441));
#5668=CARTESIAN_POINT('Ctrl Pts',(-28.0000000478209,4.79271119883646,26.4660567356357));
#5669=CARTESIAN_POINT('Ctrl Pts',(-28.0000000313417,4.88964236351424,27.3882951177347));
#5670=CARTESIAN_POINT('Ctrl Pts',(-28.000000021297,4.98657352818137,28.3105335176825));
#5671=CARTESIAN_POINT('Ctrl Pts',(-28.0000000149045,5.08350469284051,29.2327719278165));
#5672=CARTESIAN_POINT('Ctrl Pts',(-28.0000000113967,5.18043585749095,30.1550103460645));
#5673=CARTESIAN_POINT('Ctrl Pts',(-28.000000009939,5.27736702213123,31.0772487701927));
#5674=CARTESIAN_POINT('Ctrl Pts',(-28.0000000103452,5.37429818675762,31.9994871997996));
#5675=CARTESIAN_POINT('Ctrl Pts',(-28.000000012653,5.47122935136399,32.9217256351634));
#5676=CARTESIAN_POINT('Ctrl Pts',(-28.000000017306,5.56816051594044,33.8439640777752));
#5677=CARTESIAN_POINT('Ctrl Pts',(-28.000000025157,5.66509168047158,34.7662025304033));
#5678=CARTESIAN_POINT('Ctrl Pts',(-28.0000000376618,5.76202284493357,35.6884409976894));
#5679=CARTESIAN_POINT('Ctrl Pts',(-28.0000000571306,5.85895400928996,36.6106794869925));
#5680=CARTESIAN_POINT('Ctrl Pts',(-28.0000000871661,5.95588517348432,37.5329180097054));
#5681=CARTESIAN_POINT('Ctrl Pts',(-28.0000001333194,6.05281633743131,38.4551565834943));
#5682=CARTESIAN_POINT('Ctrl Pts',(-28.0000002041332,6.14974750099747,39.3773952352552));
#5683=CARTESIAN_POINT('Ctrl Pts',(-28.0000003126872,6.24667866398421,40.2996340067879));
#5684=CARTESIAN_POINT('Ctrl Pts',(-28.0000004790932,6.34360982607393,41.2218729609611));
#5685=CARTESIAN_POINT('Ctrl Pts',(-28.0000007340445,6.44054098680961,42.144112196833));
#5686=CARTESIAN_POINT('Ctrl Pts',(-28.0000011248716,6.53747214542478,43.0663518601742));
#5687=CARTESIAN_POINT('Ctrl Pts',(-28.0000017234481,6.63440330089253,43.9885921878222));
#5688=CARTESIAN_POINT('Ctrl Pts',(-28.0000026413741,6.73133445130998,44.9108335126634));
#5689=CARTESIAN_POINT('Ctrl Pts',(-28.0000040463931,6.82826559449607,45.8330764118119));
#5690=CARTESIAN_POINT('Ctrl Pts',(-28.0000062028359,6.92519672546906,46.7553216200665));
#5691=CARTESIAN_POINT('Ctrl Pts',(-28.0000094994792,7.02212784025383,47.677570597058));
#5692=CARTESIAN_POINT('Ctrl Pts',(-28.0000145683596,7.1190589245956,48.5998248349023));
#5693=CARTESIAN_POINT('Ctrl Pts',(-28.0000222969759,7.21598997486689,49.5220882813346));
#5694=CARTESIAN_POINT('Ctrl Pts',(-28.0000342260025,7.31292094486379,50.444363278663));
#5695=CARTESIAN_POINT('Ctrl Pts',(-28.0000523130112,7.4098518544802,51.3666616875951));
#5696=CARTESIAN_POINT('Ctrl Pts',(-28.0000804574784,7.50678253183086,52.288983226163));
#5697=CARTESIAN_POINT('Ctrl Pts',(-28.0001226269198,7.60371316508564,53.2113686453003));
#5698=CARTESIAN_POINT('Ctrl Pts',(-28.0001893810029,7.70064303500657,54.1337884956816));
#5699=CARTESIAN_POINT('Ctrl Pts',(-28.0002869040663,7.79757328773242,55.0564026971953));
#5700=CARTESIAN_POINT('Ctrl Pts',(-28.0004469785598,7.89450066290238,55.9789987721438));
#5701=CARTESIAN_POINT('Ctrl Pts',(-28.0006685336256,7.99143135838903,56.9022720387867));
#5702=CARTESIAN_POINT('Ctrl Pts',(-28.0010609877429,8.08834989395165,57.8250099514192));
#5703=CARTESIAN_POINT('Ctrl Pts',(-28.001544190494,8.18528828537132,58.7504378611003));
#5704=CARTESIAN_POINT('Ctrl Pts',(-28.0025484032083,8.28217113962351,59.6721463738814));
#5705=CARTESIAN_POINT('Ctrl Pts',(-28.0034959515993,8.3791627299659,60.6058676362499));
#5706=CARTESIAN_POINT('Ctrl Pts',(-28.0053877374345,8.4436127307389,61.2106786138575));
#5707=CARTESIAN_POINT('Ctrl Pts',(-28.0058139377388,8.47784677226814,61.5629940246452));
#5708=CARTESIAN_POINT('Ctrl Pts',(-27.9972010363098,8.48144132558031,61.7692525225421));
#5709=CARTESIAN_POINT('Ctrl Pts',(-27.9469124693519,8.48830851679662,62.0771654547005));
#5710=CARTESIAN_POINT('Ctrl Pts',(-27.821999218259,8.49663116379127,62.4907376593631));
#5711=CARTESIAN_POINT('Ctrl Pts',(-27.5795298117064,8.50562029638018,62.9237517681978));
#5712=CARTESIAN_POINT('Ctrl Pts',(-26.9412939714108,8.5210617706802,63.6831823025749));
#5713=CARTESIAN_POINT('Ctrl Pts',(-26.136445789332,8.52751638938219,63.9978595926699));
#5714=CARTESIAN_POINT('Ctrl Pts',(-25.4723720971285,8.52751134477586,63.9979136707205));
#5715=CARTESIAN_POINT('Ctrl Pts',(-25.4740130287158,8.52751148561078,63.9979139827084));
#5716=CARTESIAN_POINT('Ctrl Pts',(-25.4312539933,8.52751136362652,63.9979169261372));
#5717=CARTESIAN_POINT('Ctrl Pts',(-25.3794255281394,8.52751129530267,63.9979245617313));
#5718=CARTESIAN_POINT('Ctrl Pts',(-25.2586443264866,8.52751082733183,63.9979523796868));
#5719=CARTESIAN_POINT('Ctrl Pts',(-25.0301879981929,8.52750962265938,63.9980320942211));
#5720=CARTESIAN_POINT('Ctrl Pts',(-24.6962189665464,8.52750629864748,63.9982454301295));
#5721=CARTESIAN_POINT('Ctrl Pts',(-24.29959704821,8.52750420749108,63.998381194562));
#5722=CARTESIAN_POINT('Ctrl Pts',(-23.5027334362748,8.52750117918318,63.9985764428717));
#5723=CARTESIAN_POINT('Ctrl Pts',(-22.3110302219301,8.52748813586764,63.9994193459348));
#5724=CARTESIAN_POINT('Ctrl Pts',(-20.7177942252122,8.5274850140394,63.9996208446755));
#5725=CARTESIAN_POINT('Ctrl Pts',(-19.1251812691952,8.52748126617449,63.9998630344808));
#5726=CARTESIAN_POINT('Ctrl Pts',(-17.5316913155531,8.5274804772992,63.9999139611124));
#5727=CARTESIAN_POINT('Ctrl Pts',(-15.93831160742,8.52747963481848,63.9999684013016));
#5728=CARTESIAN_POINT('Ctrl Pts',(-14.3447418669807,8.52747944369652,63.9999807405127));
#5729=CARTESIAN_POINT('Ctrl Pts',(-12.9282609547607,8.52747924384512,63.999993654229));
#5730=CARTESIAN_POINT('Ctrl Pts',(-11.6887996967362,8.52747921661862,63.9999954120095));
#5731=CARTESIAN_POINT('Ctrl Pts',(-10.6264103572778,8.52747917760736,63.9999979326812));
#5732=CARTESIAN_POINT('Ctrl Pts',(-9.56401286139631,8.52747917065399,63.9999983817342));
#5733=CARTESIAN_POINT('Ctrl Pts',(-8.50161694270276,8.527479158432,63.9999991717727));
#5734=CARTESIAN_POINT('Ctrl Pts',(-7.43921887084228,8.52747915505593,63.9999993900303));
#5735=CARTESIAN_POINT('Ctrl Pts',(-6.19975437752839,8.5274791518376,63.9999995988996));
#5736=CARTESIAN_POINT('Ctrl Pts',(-4.78322340523754,8.52747914839484,63.9999998238735));
#5737=CARTESIAN_POINT('Ctrl Pts',(-3.18962548571782,8.52747914712295,63.9999999116394));
#5738=CARTESIAN_POINT('Ctrl Pts',(-1.59602740785316,8.52747914626481,63.9999999772472));
#5739=CARTESIAN_POINT('Ctrl Pts',(-0.0024290426301554,8.52747914598244,
64.0000000198043));
#5740=CARTESIAN_POINT('Ctrl Pts',(1.59116957385873,8.52747914582102,64.0000000734098));
#5741=CARTESIAN_POINT('Ctrl Pts',(3.1847689716577,8.52747914583627,64.0000001788097));
#5742=CARTESIAN_POINT('Ctrl Pts',(4.77836931379715,8.52747914594181,64.0000003569122));
#5743=CARTESIAN_POINT('Ctrl Pts',(6.37197302107061,8.52747914630372,64.0000007997194));
#5744=CARTESIAN_POINT('Ctrl Pts',(7.96558060935099,8.52747914693598,64.0000015498974));
#5745=CARTESIAN_POINT('Ctrl Pts',(9.55920318155989,8.5274791485934,64.0000034883369));
#5746=CARTESIAN_POINT('Ctrl Pts',(11.1528416553267,8.52747915133364,64.0000066882746));
#5747=CARTESIAN_POINT('Ctrl Pts',(12.7465471398395,8.52747915863243,64.0000152044765));
#5748=CARTESIAN_POINT('Ctrl Pts',(14.3403170535019,8.52747917031245,64.0000288324979));
#5749=CARTESIAN_POINT('Ctrl Pts',(15.9343875677653,8.5274792024357,64.0000663089658));
#5750=CARTESIAN_POINT('Ctrl Pts',(17.528715245287,8.52747925204433,64.0001241891149));
#5751=CARTESIAN_POINT('Ctrl Pts',(19.1243959280797,8.52747939366724,64.0002894112047));
#5752=CARTESIAN_POINT('Ctrl Pts',(20.7210752908227,8.52747960319063,64.0005338709632));
#5753=CARTESIAN_POINT('Ctrl Pts',(22.0568839221298,8.52748013432317,64.0011535050879));
#5754=CARTESIAN_POINT('Ctrl Pts',(22.9916493935545,8.52748048564206,64.0015634153803));
#5755=CARTESIAN_POINT('Ctrl Pts',(23.5247899595918,8.5274806176805,64.0017174121464));
#5756=CARTESIAN_POINT('Ctrl Pts',(23.859235638571,8.52748078395973,64.0019114999633));
#5757=CARTESIAN_POINT('Ctrl Pts',(24.0925951631396,8.52748084931452,64.0019876153294));
#5758=CARTESIAN_POINT('Ctrl Pts',(24.2257218438823,8.52748087141761,64.0020135920617));
#5759=CARTESIAN_POINT('Ctrl Pts',(24.3256346572611,8.52748089297024,64.0020383160703));
#5760=CARTESIAN_POINT('Ctrl Pts',(24.4255959391696,8.5274809169067,64.0020672304223));
#5761=CARTESIAN_POINT('Ctrl Pts',(24.5589427936596,8.52748095599951,64.0021099123234));
#5762=CARTESIAN_POINT('Ctrl Pts',(24.7265423871687,8.52748105724283,64.0022396896532));
#5763=CARTESIAN_POINT('Ctrl Pts',(24.9284196495729,8.52748125657807,64.0024455887665));
#5764=CARTESIAN_POINT('Ctrl Pts',(25.1951971830389,8.52748128652015,64.0025580135257));
#5765=CARTESIAN_POINT('Ctrl Pts',(25.4049822531012,8.52748216220814,64.0033385956065));
#5766=CARTESIAN_POINT('Ctrl Pts',(25.5847072290091,8.52748185983574,64.0034880880522));
#5767=CARTESIAN_POINT('Ctrl Pts',(25.9709757722163,8.52687086927926,63.9736116120708));
#5768=CARTESIAN_POINT('Ctrl Pts',(26.5423541739255,8.523268262895,63.7973111897939));
#5769=CARTESIAN_POINT('Ctrl Pts',(27.2740368869234,8.5141841824821,63.3519461380213));
#5770=CARTESIAN_POINT('Ctrl Pts',(27.6943737329989,8.50145595118415,62.7296085032634));
#5771=CARTESIAN_POINT('Ctrl Pts',(27.8712411663265,8.49173737831677,62.2597329144893));
#5772=CARTESIAN_POINT('Ctrl Pts',(27.9552400553862,8.48494894584597,61.9340392034077));
#5773=CARTESIAN_POINT('Ctrl Pts',(27.9813225323637,8.47966170428881,61.6813111523179));
#5774=CARTESIAN_POINT('Ctrl Pts',(27.9813542288261,8.47559397739398,61.4925609078622));
#5775=CARTESIAN_POINT('Ctrl Pts',(27.9813593819986,8.4745976856699,61.4942521962494));
#5776=CARTESIAN_POINT('Ctrl Pts',(27.9813677353866,8.47257124966057,61.4691161387912));
#5777=CARTESIAN_POINT('Ctrl Pts',(27.9813959992705,8.46904188763082,61.4393659606087));
#5778=CARTESIAN_POINT('Ctrl Pts',(27.981502665138,8.46197060369241,61.3692843575516));
#5779=CARTESIAN_POINT('Ctrl Pts',(27.9817937328575,8.44783742524595,61.2370306256851));
#5780=CARTESIAN_POINT('Ctrl Pts',(27.9831031373853,8.41956436963341,60.9668749678953));
#5781=CARTESIAN_POINT('Ctrl Pts',(27.985201592097,8.3630235532493,60.4310277601682));
#5782=CARTESIAN_POINT('Ctrl Pts',(27.993402878908,8.31052134499098,59.9333946255977));
#5783=CARTESIAN_POINT('Ctrl Pts',(27.9939076965012,8.27013356112244,59.5494011381495));
#5784=CARTESIAN_POINT('Ctrl Pts',(27.9939893362769,8.25397833407161,59.3957089416443));
#5785=CARTESIAN_POINT('Ctrl Pts',(27.9943245978777,8.23378443205506,59.2037031408494));
#5786=CARTESIAN_POINT('Ctrl Pts',(27.9945295703407,8.20955164649739,58.9732106346895));
#5787=CARTESIAN_POINT('Ctrl Pts',(27.9948950854316,8.16108607030092,58.5122216439444));
#5788=CARTESIAN_POINT('Ctrl Pts',(27.9969806328324,8.08838835589416,57.8212751942568));
#5789=CARTESIAN_POINT('Ctrl Pts',(27.9978562593827,7.99145726063394,56.8993443602563));
#5790=CARTESIAN_POINT('Ctrl Pts',(27.9989558119868,7.91068150413911,56.1311977574446));
#5791=CARTESIAN_POINT('Ctrl Pts',(27.9991287384084,7.84606059759487,55.5164314137367));
#5792=CARTESIAN_POINT('Ctrl Pts',(27.9993035381827,7.79759493678684,55.0553724399177));
#5793=CARTESIAN_POINT('Ctrl Pts',(27.9994112772095,7.7491292473994,54.5942898457541));
#5794=CARTESIAN_POINT('Ctrl Pts',(27.9995062904904,7.70066355253807,54.1332027267099));
#5795=CARTESIAN_POINT('Ctrl Pts',(27.9995757324221,7.65219784676418,53.6721065884004));
#5796=CARTESIAN_POINT('Ctrl Pts',(27.9996331913338,7.58757689071069,53.0572993214202));
#5797=CARTESIAN_POINT('Ctrl Pts',(27.9997685389664,7.5068007227955,52.2888126793195));
#5798=CARTESIAN_POINT('Ctrl Pts',(27.9998379867979,7.40986928156359,51.3665958678416));
#5799=CARTESIAN_POINT('Ctrl Pts',(27.9998988038341,7.31293783664436,50.4443760087175));
#5800=CARTESIAN_POINT('Ctrl Pts',(27.9999314600486,7.2160063796899,49.522146202146));
#5801=CARTESIAN_POINT('Ctrl Pts',(27.9999555177032,7.119074919061,48.5999133585539));
#5802=CARTESIAN_POINT('Ctrl Pts',(27.999969868645,7.02214345428378,47.6776770862492));
#5803=CARTESIAN_POINT('Ctrl Pts',(27.9999794460174,6.91444182403214,46.6529678676721));
#5804=CARTESIAN_POINT('Ctrl Pts',(27.9999887613529,6.79597003023405,45.5257872963531));
#5805=CARTESIAN_POINT('Ctrl Pts',(27.9999936384923,6.66672807110499,44.2961338970266));
#5806=CARTESIAN_POINT('Ctrl Pts',(27.9999971755272,6.53748611140312,43.0664800244558));
#5807=CARTESIAN_POINT('Ctrl Pts',(27.9999979664241,6.40824415052815,41.8368251813806));
#5808=CARTESIAN_POINT('Ctrl Pts',(27.9999990008208,6.27900218975702,40.6071704245462));
#5809=CARTESIAN_POINT('Ctrl Pts',(27.9999993075842,6.16053039211106,39.4799866691016));
#5810=CARTESIAN_POINT('Ctrl Pts',(27.9999996234129,6.05282875790321,38.4552741772405));
#5811=CARTESIAN_POINT('Ctrl Pts',(27.9999997286486,5.9558972870409,37.5330328700205));
#5812=CARTESIAN_POINT('Ctrl Pts',(27.9999998343849,5.85896581618029,36.6107915614143));
#5813=CARTESIAN_POINT('Ctrl Pts',(27.999999886712,5.76203434529929,35.6885502313859));
#5814=CARTESIAN_POINT('Ctrl Pts',(27.9999999283001,5.66510287441734,34.7663088937393));
#5815=CARTESIAN_POINT('Ctrl Pts',(27.9999999520516,5.56817140353337,33.8440675439036));
#5816=CARTESIAN_POINT('Ctrl Pts',(27.9999999689867,5.47123993265505,32.9218261826571));
#5817=CARTESIAN_POINT('Ctrl Pts',(27.9999999792671,5.37430846178702,31.9995848052627));
#5818=CARTESIAN_POINT('Ctrl Pts',(27.9999999861253,5.27737699093764,31.0773434055178));
#5819=CARTESIAN_POINT('Ctrl Pts',(27.9999999902329,5.1804455201179,30.1551019724161));
#5820=CARTESIAN_POINT('Ctrl Pts',(27.9999999926168,5.08351404934467,29.2328604890574));
#5821=CARTESIAN_POINT('Ctrl Pts',(27.9999999935984,4.98658257864317,28.3106189291809));
#5822=CARTESIAN_POINT('Ctrl Pts',(27.9999999934124,4.88965110805214,27.3883772522775));
#5823=CARTESIAN_POINT('Ctrl Pts',(27.9999999920014,4.79271963763035,26.4661353965225));
#5824=CARTESIAN_POINT('Ctrl Pts',(27.9999999891128,4.69578816746866,25.5438932662365));
#5825=CARTESIAN_POINT('Ctrl Pts',(27.999999984213,4.59885669770434,24.621650716728));
#5826=CARTESIAN_POINT('Ctrl Pts',(27.9999999763861,4.50192522855187,23.699407521842));
#5827=CARTESIAN_POINT('Ctrl Pts',(27.99999996421,4.40499376033058,22.7771633448521));
#5828=CARTESIAN_POINT('Ctrl Pts',(27.9999999453745,4.30806229355058,21.8549176478062));
#5829=CARTESIAN_POINT('Ctrl Pts',(27.9999999165273,4.21113082894706,20.9326696553711));
#5830=CARTESIAN_POINT('Ctrl Pts',(27.9999998720408,4.11419936775025,20.0104180701286));
#5831=CARTESIAN_POINT('Ctrl Pts',(27.9999998043413,4.01726791161393,19.0881611479626));
#5832=CARTESIAN_POINT('Ctrl Pts',(27.9999996994502,3.92033646358848,18.1658956719037));
#5833=CARTESIAN_POINT('Ctrl Pts',(27.9999995412236,3.82340502719626,17.2436179271796));
#5834=CARTESIAN_POINT('Ctrl Pts',(27.9999992931386,3.72647361040482,16.3213195110373));
#5835=CARTESIAN_POINT('Ctrl Pts',(27.9999989255169,3.62954221968845,15.3989935955738));
#5836=CARTESIAN_POINT('Ctrl Pts',(27.9999983342199,3.53261087776407,14.4766162230108));
#5837=CARTESIAN_POINT('Ctrl Pts',(27.9999974905629,3.43567959088911,13.5541807941512));
#5838=CARTESIAN_POINT('Ctrl Pts',(27.9999960585251,3.33874843236299,12.6316100058309));
#5839=CARTESIAN_POINT('Ctrl Pts',(27.9999941749174,3.24181737234189,11.7089353319818));
#5840=CARTESIAN_POINT('Ctrl Pts',(27.9999905949299,3.14488668236789,10.7858703984679));
#5841=CARTESIAN_POINT('Ctrl Pts',(27.9999866630332,3.0479560691591,9.86272450671043));
#5842=CARTESIAN_POINT('Ctrl Pts',(27.9999786262964,2.96718159652903,9.0923411684883));
#5843=CARTESIAN_POINT('Ctrl Pts',(27.999975569083,2.90256128282072,8.47681028205581));
#5844=CARTESIAN_POINT('Ctrl Pts',(27.9999695914147,2.83794160617849,7.8606075319693));
#5845=CARTESIAN_POINT('Ctrl Pts',(27.9999542277514,2.75716873183924,7.08853860173362));
#5846=CARTESIAN_POINT('Ctrl Pts',(27.9999227154389,2.68447700273137,6.38960804799542));
#5847=CARTESIAN_POINT('Ctrl Pts',(27.9999176356175,2.6360123753851,5.92731874181715));
#5848=CARTESIAN_POINT('Ctrl Pts',(27.9999137569087,2.61581916504443,5.73429281481241));
#5849=CARTESIAN_POINT('Ctrl Pts',(27.9999126034215,2.59966417151366,5.58032055972379));
#5850=CARTESIAN_POINT('Ctrl Pts',(27.9999100316608,2.58350948736411,5.42602202451229));
#5851=CARTESIAN_POINT('Ctrl Pts',(27.9999060861551,2.55523866901861,5.15612728548568));
#5852=CARTESIAN_POINT('Ctrl Pts',(27.9998736915305,2.52697405654486,4.87968770005563));
#5853=CARTESIAN_POINT('Ctrl Pts',(27.9998701039481,2.50274197141014,4.64830202541846));
#5854=CARTESIAN_POINT('Ctrl Pts',(27.9998675261127,2.49062609987364,4.53242881526511));
#5855=CARTESIAN_POINT('Ctrl Pts',(27.9998637579233,2.47851048800019,4.41628175885092));
#5856=CARTESIAN_POINT('Ctrl Pts',(27.9998608046383,2.45427826450024,4.18504200717915));
#5857=CARTESIAN_POINT('Ctrl Pts',(27.9997973912863,2.43005922971884,3.93989314804012));
#5858=CARTESIAN_POINT('Ctrl Pts',(27.9997924067787,2.40784685495241,3.72739946582986));
#5859=CARTESIAN_POINT('Ctrl Pts',(27.9997904606491,2.39976965690395,3.65009830495748));
#5860=CARTESIAN_POINT('Ctrl Pts',(27.9997888271184,2.3916923906654,3.57286905883657));
#5861=CARTESIAN_POINT('Ctrl Pts',(27.9997831019735,2.38159661132488,3.47548515737058));
#5862=CARTESIAN_POINT('Ctrl Pts',(27.9997766422111,2.37150099223332,3.37793225389219));
#5863=CARTESIAN_POINT('Ctrl Pts',(27.999774377891,2.36342386359473,3.30055789188203));
#5864=CARTESIAN_POINT('Ctrl Pts',(27.9997723274029,2.35736609395494,3.24244608413846));
#5865=CARTESIAN_POINT('Ctrl Pts',(27.9997700663819,2.35130837024067,3.18428584235167));
#5866=CARTESIAN_POINT('Ctrl Pts',(27.9997679237896,2.34525062069242,3.12615284563784));
#5867=CARTESIAN_POINT('Ctrl Pts',(27.9997653809677,2.34020266127199,3.0775344549372));
#5868=CARTESIAN_POINT('Ctrl Pts',(27.9997645780896,2.33616402512334,3.03892302671763));
#5869=CARTESIAN_POINT('Ctrl Pts',(27.9997637183386,2.33212540138093,3.00029851461785));
#5870=CARTESIAN_POINT('Ctrl Pts',(27.9997607437533,2.32707753614508,2.95158079482423));
#5871=CARTESIAN_POINT('Ctrl Pts',(27.9997576803418,2.32101998746372,2.89323595955671));
#5872=CARTESIAN_POINT('Ctrl Pts',(27.9997544812773,2.31496246837362,2.8348599166989));
#5873=CARTESIAN_POINT('Ctrl Pts',(27.9997510176967,2.30991470980686,2.78602970138283));
#5874=CARTESIAN_POINT('Ctrl Pts',(27.9997499466709,2.30638098356279,2.75215992487997));
#5875=CARTESIAN_POINT('Ctrl Pts',(27.9997496155843,2.30436165014184,2.73287039565532));
#5876=CARTESIAN_POINT('Ctrl Pts',(27.9997493359954,2.3023423054872,2.71359271371526));
#5877=CARTESIAN_POINT('Ctrl Pts',(27.9997482185244,2.29981829219663,2.6893189329348));
#5878=CARTESIAN_POINT('Ctrl Pts',(27.9997473042195,2.29678938317653,2.66028855112264));
#5879=CARTESIAN_POINT('Ctrl Pts',(27.9997461190457,2.29426538465462,2.6359991949971));
#5880=CARTESIAN_POINT('Ctrl Pts',(27.9997457383577,2.29224606205367,2.61669825476342));
#5881=CARTESIAN_POINT('Ctrl Pts',(27.9997454569808,2.2902267177891,2.59742016146364));
#5882=CARTESIAN_POINT('Ctrl Pts',(27.9997441031966,2.2882076074587,2.57789535611378));
#5883=CARTESIAN_POINT('Ctrl Pts',(27.9997438509872,2.28618825683152,2.55862397295321));
#5884=CARTESIAN_POINT('Ctrl Pts',(27.9997434473576,2.28492621635154,2.54652276534812));
#5885=CARTESIAN_POINT('Ctrl Pts',(27.9997433691284,2.28391653059444,2.53689808775102));
#5886=CARTESIAN_POINT('Ctrl Pts',(27.9997432063468,2.28290686328145,2.52725395846678));
#5887=CARTESIAN_POINT('Ctrl Pts',(27.9997429744584,2.28113993392745,2.51038892041269));
#5888=CARTESIAN_POINT('Ctrl Pts',(27.99974141793,2.27949950638033,2.49441997806192));
#5889=CARTESIAN_POINT('Ctrl Pts',(27.9997413003322,2.27830050993361,2.48298499096308));
#5890=CARTESIAN_POINT('Ctrl Pts',(27.9997412965952,2.27804808504199,2.48058246104881));
#5891=CARTESIAN_POINT('Ctrl Pts',(27.9997412766773,2.2776694508345,2.47697537376241));
#5892=CARTESIAN_POINT('Ctrl Pts',(27.9997411784612,2.27684908865368,2.46914734903892));
#5893=CARTESIAN_POINT('Ctrl Pts',(27.999740741351,2.27583948139384,2.45944011476953));
#5894=CARTESIAN_POINT('Ctrl Pts',(27.999740635016,2.27501912078519,2.45161021705248));
#5895=CARTESIAN_POINT('Ctrl Pts',(27.9997406142464,2.27464048704884,2.44800294131451));
#5896=CARTESIAN_POINT('Ctrl Pts',(27.9997406076121,2.27438806209741,2.44559972675604));
#5897=CARTESIAN_POINT('Ctrl Pts',(27.9997405735475,2.27407254033178,2.44258987912214));
#5898=CARTESIAN_POINT('Ctrl Pts',(27.9997405492679,2.27369390019843,2.43898160993624));
#5899=CARTESIAN_POINT('Ctrl Pts',(27.9997405134987,2.27337839031975,2.43597163934834));
#5900=CARTESIAN_POINT('Ctrl Pts',(27.9997405064095,2.27312591874831,2.43356757939995));
#5901=CARTESIAN_POINT('Ctrl Pts',(27.9997404954858,2.27296807500381,2.43206381815715));
#5902=CARTESIAN_POINT('Ctrl Pts',(27.9997404959721,2.27284177683972,2.4308614117472));
#5903=CARTESIAN_POINT('Ctrl Pts',(27.9997404876053,2.27274703874606,2.42995997640332));
#5904=CARTESIAN_POINT('Ctrl Pts',(27.9997404970753,2.27267597773667,2.42928259010277));
#5905=CARTESIAN_POINT('Ctrl Pts',(27.9997404820906,2.2726285968076,2.42883269891919));
#5906=CARTESIAN_POINT('Ctrl Pts',(27.9997405169681,2.27259701345284,2.42852982501984));
#5907=CARTESIAN_POINT('Ctrl Pts',(27.9997403999569,2.27257330873869,2.42831201342501));
#5908=CARTESIAN_POINT('Ctrl Pts',(27.9998252228513,2.26581896479933,2.35832036067842));
#5909=CARTESIAN_POINT('Ctrl Pts',(27.8955748116647,2.25599394104898,1.6824058639896));
#5910=CARTESIAN_POINT('Ctrl Pts',(27.5722644910749,2.24403470560579,1.13241394078714));
#5911=CARTESIAN_POINT('Ctrl Pts',(26.9324755147487,2.22826073256784,0.351529302933505));
#5912=CARTESIAN_POINT('Ctrl Pts',(26.1326711472593,2.22122502965839,-1.11967527566055E-14));
#5913=CARTESIAN_POINT('Ctrl Pts',(25.5,2.22122502965839,3.05311331771918E-15));
#5914=CARTESIAN_POINT('',(25.5,2.22122502965839,2.94536871003703E-15));
#5915=CARTESIAN_POINT('',(25.5,0.232181238921841,2.20905692653531));
#5916=CARTESIAN_POINT('Origin',(25.5,2.22122502965839,2.));
#5917=CARTESIAN_POINT('Ctrl Pts',(25.5,0.232181238921841,2.20905692653531));
#5918=CARTESIAN_POINT('Ctrl Pts',(24.9687530350592,0.232181238921841,2.20905692653531));
#5919=CARTESIAN_POINT('Ctrl Pts',(23.9062591051776,0.232181238921841,2.20905692653531));
#5920=CARTESIAN_POINT('Ctrl Pts',(22.3125182103552,0.232181238921842,2.20905692653532));
#5921=CARTESIAN_POINT('Ctrl Pts',(20.7187773155329,0.232181238921842,2.20905692653532));
#5922=CARTESIAN_POINT('Ctrl Pts',(19.1250364207109,0.232181238921844,2.20905692653534));
#5923=CARTESIAN_POINT('Ctrl Pts',(17.5312955258888,0.232181238921846,2.20905692653536));
#5924=CARTESIAN_POINT('Ctrl Pts',(15.9375546310686,0.232181238921856,2.20905692653545));
#5925=CARTESIAN_POINT('Ctrl Pts',(14.3438137362474,0.232181238921861,2.2090569265355));
#5926=CARTESIAN_POINT('Ctrl Pts',(12.7500728414352,0.232181238921906,2.20905692653593));
#5927=CARTESIAN_POINT('Ctrl Pts',(11.1563319466173,0.232181238921924,2.2090569265361));
#5928=CARTESIAN_POINT('Ctrl Pts',(9.56259105184128,0.23218123892213,2.20905692653806));
#5929=CARTESIAN_POINT('Ctrl Pts',(7.96885015703191,0.232181238922179,2.20905692653853));
#5930=CARTESIAN_POINT('Ctrl Pts',(6.37510926236348,0.232181238922866,2.20905692654506));
#5931=CARTESIAN_POINT('Ctrl Pts',(4.78136836777161,0.23218123892383,2.20905692655424));
#5932=CARTESIAN_POINT('Ctrl Pts',(3.18762747353248,0.232181238926452,2.20905692657919));
#5933=CARTESIAN_POINT('Ctrl Pts',(1.59388657968996,0.232181238930526,2.20905692661795));
#5934=CARTESIAN_POINT('Ctrl Pts',(0.000145687409319416,0.232181238941999,
2.2090569267271));
#5935=CARTESIAN_POINT('Ctrl Pts',(-1.59359520323206,0.232181238959259,2.20905692689132));
#5936=CARTESIAN_POINT('Ctrl Pts',(-3.18733608688721,0.232181239009879,2.20905692737294));
#5937=CARTESIAN_POINT('Ctrl Pts',(-4.78107696389995,0.232181239082799,2.20905692806672));
#5938=CARTESIAN_POINT('Ctrl Pts',(-6.3748178096988,0.232181239306066,2.20905693019097));
#5939=CARTESIAN_POINT('Ctrl Pts',(-7.96855862561556,0.232181239627438,2.20905693324862));
#5940=CARTESIAN_POINT('Ctrl Pts',(-9.56229938482766,0.232181240254738,2.20905693921698));
#5941=CARTESIAN_POINT('Ctrl Pts',(-11.1560398291179,0.232181242100269,2.20905695677604));
#5942=CARTESIAN_POINT('Ctrl Pts',(-12.7497798870835,0.232181245972667,2.20905699361944));
#5943=CARTESIAN_POINT('Ctrl Pts',(-14.3435190999436,0.232181252702925,2.20905705765357));
#5944=CARTESIAN_POINT('Ctrl Pts',(-15.9372563049158,0.232181269911658,2.20905722138373));
#5945=CARTESIAN_POINT('Ctrl Pts',(-17.530990002776,0.232181298346434,2.20905749192255));
#5946=CARTESIAN_POINT('Ctrl Pts',(-18.8590937692268,0.232181362612313,2.20905810337154));
#5947=CARTESIAN_POINT('Ctrl Pts',(-19.9215731279686,0.232181417993153,2.20905863028504));
#5948=CARTESIAN_POINT('Ctrl Pts',(-20.9840632843004,0.232181455888621,2.20905899083633));
#5949=CARTESIAN_POINT('Ctrl Pts',(-22.0464516895937,0.232181841045374,2.20906265535806));
#5950=CARTESIAN_POINT('Ctrl Pts',(-22.976120206532,0.232181995969968,2.20906412936711));
#5951=CARTESIAN_POINT('Ctrl Pts',(-23.5073039756534,0.232182137378688,2.2090654747812));
#5952=CARTESIAN_POINT('Ctrl Pts',(-24.3043144857953,0.232182107439358,2.20906518992751));
#5953=CARTESIAN_POINT('Ctrl Pts',(-24.9670249730036,0.23218444280537,2.20908740945088));
#5954=CARTESIAN_POINT('Ctrl Pts',(-25.5037329783622,0.232184282773334,2.20908588684777));
#5955=CARTESIAN_POINT('Ctrl Pts',(-25.5118217637937,0.232194432504572,2.20918245508987));
#5956=CARTESIAN_POINT('Ctrl Pts',(-25.5279741880793,0.232254569025603,2.20975461586797));
#5957=CARTESIAN_POINT('Ctrl Pts',(-25.5561618636678,0.232466584929042,2.21177181244338));
#5958=CARTESIAN_POINT('Ctrl Pts',(-25.6119867884203,0.233299053408166,2.21969222095042));
#5959=CARTESIAN_POINT('Ctrl Pts',(-25.7218405708573,0.236688434633368,2.25194002920129));
#5960=CARTESIAN_POINT('Ctrl Pts',(-25.9161473126116,0.249763878668621,2.37634456915348));
#5961=CARTESIAN_POINT('Ctrl Pts',(-26.0004825116158,0.269951550184499,2.56841743343767));
#5962=CARTESIAN_POINT('Ctrl Pts',(-26.00037131863,0.284463864989699,2.70649288556876));
#5963=CARTESIAN_POINT('Ctrl Pts',(-26.0003750866442,0.286482953920177,2.72570323351881));
#5964=CARTESIAN_POINT('Ctrl Pts',(-26.0003720881543,0.29052192493876,2.76413147580965));
#5965=CARTESIAN_POINT('Ctrl Pts',(-26.0003710252129,0.297589729898418,2.8313771480872));
#5966=CARTESIAN_POINT('Ctrl Pts',(-26.0003624341574,0.307686874318905,2.92744506005063));
#5967=CARTESIAN_POINT('Ctrl Pts',(-26.0003565113972,0.319803282436607,3.04272498275855));
#5968=CARTESIAN_POINT('Ctrl Pts',(-26.0003497629725,0.335958551263235,3.19643209823103));
#5969=CARTESIAN_POINT('Ctrl Pts',(-26.0003300858809,0.356152699489614,3.38856658429939));
#5970=CARTESIAN_POINT('Ctrl Pts',(-26.0003153333898,0.388463218848168,3.69598064118189));
#5971=CARTESIAN_POINT('Ctrl Pts',(-26.000266012123,0.428851618238576,4.08025059270493));
#5972=CARTESIAN_POINT('Ctrl Pts',(-26.0002348320942,0.493472661090565,4.69507874581069));
#5973=CARTESIAN_POINT('Ctrl Pts',(-26.0001385221583,0.574249446443793,5.46361852110181));
#5974=CARTESIAN_POINT('Ctrl Pts',(-26.000095303823,0.671180978193067,6.38586044127045));
#5975=CARTESIAN_POINT('Ctrl Pts',(-26.0000485373929,0.751957344751722,7.15439623199737));
#5976=CARTESIAN_POINT('Ctrl Pts',(-26.0000404886554,0.808500592442535,7.69236929795315));
#5977=CARTESIAN_POINT('Ctrl Pts',(-26.0000380769943,0.840811001086922,7.99978230146071));
#5978=CARTESIAN_POINT('Ctrl Pts',(-26.0000358471688,0.889276602322258,8.46090169510671));
#5979=CARTESIAN_POINT('Ctrl Pts',(-26.0000221258197,0.961975092106306,9.15258162218372));
#5980=CARTESIAN_POINT('Ctrl Pts',(-26.0000162204828,1.05890630681949,10.0748205259555));
#5981=CARTESIAN_POINT('Ctrl Pts',(-26.0000097946356,1.15583752593985,10.9970594716587));
#5982=CARTESIAN_POINT('Ctrl Pts',(-26.0000067499941,1.25276871640494,11.9192981447252));
#5983=CARTESIAN_POINT('Ctrl Pts',(-26.0000042501607,1.34969990225166,12.8415367738509));
#5984=CARTESIAN_POINT('Ctrl Pts',(-26.000002852239,1.44663107875957,13.7637753141238));
#5985=CARTESIAN_POINT('Ctrl Pts',(-26.0000018387997,1.54356225200865,14.6860138233909));
#5986=CARTESIAN_POINT('Ctrl Pts',(-26.0000012326785,1.64049342180559,15.608252299813));
#5987=CARTESIAN_POINT('Ctrl Pts',(-26.0000008172441,1.73742458998634,16.5304907608583));
#5988=CARTESIAN_POINT('Ctrl Pts',(-26.0000005613779,1.84512588622128,17.5552001454297));
#5989=CARTESIAN_POINT('Ctrl Pts',(-26.0000003083708,1.96359731183865,18.6823804661647));
#5990=CARTESIAN_POINT('Ctrl Pts',(-26.0000001518274,2.09283886604473,19.9120317155115));
#5991=CARTESIAN_POINT('Ctrl Pts',(-26.0000000972941,2.22208041938669,21.1416829566367));
#5992=CARTESIAN_POINT('Ctrl Pts',(-26.0000000483625,2.3513219726799,22.3713341972981));
#5993=CARTESIAN_POINT('Ctrl Pts',(-26.0000000299726,2.48056352571517,23.6009854355054));
#5994=CARTESIAN_POINT('Ctrl Pts',(-26.0000000168821,2.59903494929648,24.7281657368686));
#5995=CARTESIAN_POINT('Ctrl Pts',(-26.0000000104191,2.70673624341539,25.7528751013073));
#5996=CARTESIAN_POINT('Ctrl Pts',(-26.0000000069028,2.80366740810126,26.675113529101));
#5997=CARTESIAN_POINT('Ctrl Pts',(-26.0000000044594,2.90059857277617,27.5973519567903));
#5998=CARTESIAN_POINT('Ctrl Pts',(-26.0000000029334,2.99752973744019,28.5195903843761));
#5999=CARTESIAN_POINT('Ctrl Pts',(-26.0000000019083,3.09446090209534,29.4418288118775));
#6000=CARTESIAN_POINT('Ctrl Pts',(-26.0000000012548,3.19139206674021,30.364067239281));
#6001=CARTESIAN_POINT('Ctrl Pts',(-26.0000000008249,3.28832323137229,31.2863056665628));
#6002=CARTESIAN_POINT('Ctrl Pts',(-26.0000000005514,3.38525439598633,32.2085440936731));
#6003=CARTESIAN_POINT('Ctrl Pts',(-26.0000000003782,3.48218556057394,33.1307825205318));
#6004=CARTESIAN_POINT('Ctrl Pts',(-26.0000000002756,3.57911672512173,34.0530209470117));
#6005=CARTESIAN_POINT('Ctrl Pts',(-26.0000000002237,3.67604788960902,34.975259372916));
#6006=CARTESIAN_POINT('Ctrl Pts',(-26.0000000002133,3.77297905400384,35.8974977979405));
#6007=CARTESIAN_POINT('Ctrl Pts',(-26.0000000002423,3.86991021825734,36.8197362216204));
#6008=CARTESIAN_POINT('Ctrl Pts',(-26.0000000003162,3.96684138229408,37.741974643238));
#6009=CARTESIAN_POINT('Ctrl Pts',(-26.0000000004485,4.06377254599949,38.6642130617031));
#6010=CARTESIAN_POINT('Ctrl Pts',(-26.0000000006637,4.16070370919559,39.5864514753226));
#6011=CARTESIAN_POINT('Ctrl Pts',(-26.0000000010018,4.25763487161501,40.5086898815524));
#6012=CARTESIAN_POINT('Ctrl Pts',(-26.0000000015249,4.35456603283601,41.43092827638));
#6013=CARTESIAN_POINT('Ctrl Pts',(-26.0000000023307,4.4514971922392,42.3531666539123));
#6014=CARTESIAN_POINT('Ctrl Pts',(-26.0000000035661,4.5484283488155,43.2754050045485));
#6015=CARTESIAN_POINT('Ctrl Pts',(-26.000000005464,4.64535950115243,44.1976433148498));
#6016=CARTESIAN_POINT('Ctrl Pts',(-26.0000000083656,4.74229064678706,45.1198815613831));
#6017=CARTESIAN_POINT('Ctrl Pts',(-26.0000000128296,4.83922178261155,46.042119714579));
#6018=CARTESIAN_POINT('Ctrl Pts',(-26.0000000196322,4.93615290237709,46.9643577149842));
#6019=CARTESIAN_POINT('Ctrl Pts',(-26.0000000301415,5.03308399982538,47.886595503055));
#6020=CARTESIAN_POINT('Ctrl Pts',(-26.0000000460552,5.13001505796521,48.8088329171309));
#6021=CARTESIAN_POINT('Ctrl Pts',(-26.0000000708651,5.22694606727543,49.7310698666239));
#6022=CARTESIAN_POINT('Ctrl Pts',(-26.000000107935,5.32387697631543,50.6533058621096));
#6023=CARTESIAN_POINT('Ctrl Pts',(-26.0000001668524,5.4208077884881,51.5755409359642));
#6024=CARTESIAN_POINT('Ctrl Pts',(-26.0000002524174,5.51773832553042,52.4977733921283));
#6025=CARTESIAN_POINT('Ctrl Pts',(-26.0000003940555,5.61466872368467,53.4200045268608));
#6026=CARTESIAN_POINT('Ctrl Pts',(-26.0000005876111,5.71159827820397,54.3422276349428));
#6027=CARTESIAN_POINT('Ctrl Pts',(-26.0000009365997,5.80852794754824,55.2644518355115));
#6028=CARTESIAN_POINT('Ctrl Pts',(-26.0000013544546,5.90545465209322,56.1866478278991));
#6029=CARTESIAN_POINT('Ctrl Pts',(-26.000002255624,6.00238382166779,57.1088672734767));
#6030=CARTESIAN_POINT('Ctrl Pts',(-26.0000030544107,6.09930113088525,58.0309738752943));
#6031=CARTESIAN_POINT('Ctrl Pts',(-26.0000055775006,6.19623516181118,58.9532395735404));
#6032=CARTESIAN_POINT('Ctrl Pts',(-26.0000065402226,6.29311687996762,59.8750075490321));
#6033=CARTESIAN_POINT('Ctrl Pts',(-26.0000146145797,6.39009413048876,60.7976844542587));
#6034=CARTESIAN_POINT('Ctrl Pts',(-26.0000110362576,6.45455197426043,61.4109598718357));
#6035=CARTESIAN_POINT('Ctrl Pts',(-26.0000288337773,6.48875333787036,61.7363641100519));
#6036=CARTESIAN_POINT('Ctrl Pts',(-25.9983684110725,6.49215766740343,61.7687541419518));
#6037=CARTESIAN_POINT('Ctrl Pts',(-25.9886601821574,6.49882745356204,61.8322129182966));
#6038=CARTESIAN_POINT('Ctrl Pts',(-25.9644844693956,6.50698012277754,61.9097803844876));
#6039=CARTESIAN_POINT('Ctrl Pts',(-25.9171988654049,6.51596130587024,61.9952306336616));
#6040=CARTESIAN_POINT('Ctrl Pts',(-25.791375384052,6.53163189188103,62.1443263001795));
#6041=CARTESIAN_POINT('Ctrl Pts',(-25.6291462221323,6.53848538757877,62.2095329560332));
#6042=CARTESIAN_POINT('Ctrl Pts',(-25.4916881984427,6.5384785007093,62.2094674318471));
#6043=CARTESIAN_POINT('Ctrl Pts',(-25.4750900141945,6.53847869382627,62.2094692692323));
#6044=CARTESIAN_POINT('Ctrl Pts',(-25.4418891261471,6.53847852805714,62.2094676920444));
#6045=CARTESIAN_POINT('Ctrl Pts',(-25.3837898470236,6.5384784380023,62.2094668352299));
#6046=CARTESIAN_POINT('Ctrl Pts',(-25.2675896629736,6.53847780976847,62.2094608579843));
#6047=CARTESIAN_POINT('Ctrl Pts',(-25.0351906982522,6.53847619632035,62.2094455070509));
#6048=CARTESIAN_POINT('Ctrl Pts',(-24.7031918988051,6.53847174130029,62.2094031203663));
#6049=CARTESIAN_POINT('Ctrl Pts',(-24.3047931790831,6.53846893934442,62.209376461537));
#6050=CARTESIAN_POINT('Ctrl Pts',(-23.5079950231915,6.53846488105836,62.2093378495244));
#6051=CARTESIAN_POINT('Ctrl Pts',(-22.3128007404999,6.53844740239969,62.2091715511956));
#6052=CARTESIAN_POINT('Ctrl Pts',(-20.7192035844613,6.53844321888846,62.209131747745));
#6053=CARTESIAN_POINT('Ctrl Pts',(-19.1256066819055,6.53843819656789,62.2090839635568));
#6054=CARTESIAN_POINT('Ctrl Pts',(-17.5320087897601,6.53843713941297,62.2090739053995));
#6055=CARTESIAN_POINT('Ctrl Pts',(-15.9384109250573,6.53843601044722,62.2090631640079));
#6056=CARTESIAN_POINT('Ctrl Pts',(-14.3448128428217,6.53843575432927,62.2090607272085));
#6057=CARTESIAN_POINT('Ctrl Pts',(-12.92828122587,6.53843548651816,62.2090581791559));
#6058=CARTESIAN_POINT('Ctrl Pts',(-11.6888160119911,6.53843545003252,62.2090578320183));
#6059=CARTESIAN_POINT('Ctrl Pts',(-10.6264172626244,6.53843539775508,62.2090573346317));
#6060=CARTESIAN_POINT('Ctrl Pts',(-9.56401850266603,6.53843538843708,62.2090572459768));
#6061=CARTESIAN_POINT('Ctrl Pts',(-8.50161974448794,6.53843537205824,62.2090570901425));
#6062=CARTESIAN_POINT('Ctrl Pts',(-7.43922098338945,6.53843536753379,62.2090570470953));
#6063=CARTESIAN_POINT('Ctrl Pts',(-6.19975576190924,6.53843536321953,62.2090570060478));
#6064=CARTESIAN_POINT('Ctrl Pts',(-4.78322408019482,6.53843535860191,62.2090569621141));
#6065=CARTESIAN_POINT('Ctrl Pts',(-3.18962593751935,6.5384353568886,62.209056945813));
#6066=CARTESIAN_POINT('Ctrl Pts',(-1.59602779489286,6.53843535572244,62.2090569347178));
#6067=CARTESIAN_POINT('Ctrl Pts',(-0.00242965260830968,6.53843535530535,
62.2090569307495));
#6068=CARTESIAN_POINT('Ctrl Pts',(1.59116848894524,6.53843535502032,62.2090569280375));
#6069=CARTESIAN_POINT('Ctrl Pts',(3.18476662819751,6.53843535487142,62.2090569266209));
#6070=CARTESIAN_POINT('Ctrl Pts',(4.77836476424013,6.53843535471854,62.2090569251663));
#6071=CARTESIAN_POINT('Ctrl Pts',(6.37196288991049,6.53843535446154,62.2090569227211));
#6072=CARTESIAN_POINT('Ctrl Pts',(7.96556100211854,6.53843535404983,62.209056918804));
#6073=CARTESIAN_POINT('Ctrl Pts',(9.5591590682232,6.53843535301522,62.2090569089603));
#6074=CARTESIAN_POINT('Ctrl Pts',(11.1527570783533,6.53843535131258,62.2090568927608));
#6075=CARTESIAN_POINT('Ctrl Pts',(12.7463548832148,6.53843534678846,62.2090568497167));
#6076=CARTESIAN_POINT('Ctrl Pts',(14.3399524571886,6.53843533954936,62.2090567808412));
#6077=CARTESIAN_POINT('Ctrl Pts',(15.9335491148243,6.53843531964556,62.2090565914692));
#6078=CARTESIAN_POINT('Ctrl Pts',(17.5271448294156,6.53843528890257,62.2090562989692));
#6079=CARTESIAN_POINT('Ctrl Pts',(19.120736440787,6.53843520115451,62.2090554641022));
#6080=CARTESIAN_POINT('Ctrl Pts',(20.7143242709555,6.53843507130926,62.2090542287071));
#6081=CARTESIAN_POINT('Ctrl Pts',(22.042298308629,6.53843474222889,62.2090510977166));
#6082=CARTESIAN_POINT('Ctrl Pts',(22.9718795956731,6.53843452449665,62.2090490261327));
#6083=CARTESIAN_POINT('Ctrl Pts',(23.5030741349778,6.53843444273877,62.2090482482584));
#6084=CARTESIAN_POINT('Ctrl Pts',(23.8350631965523,6.53843433959476,62.2090472669087));
#6085=CARTESIAN_POINT('Ctrl Pts',(24.0674636164756,6.538434299255,62.2090468831015));
#6086=CARTESIAN_POINT('Ctrl Pts',(24.2002570005108,6.53843428533497,62.2090467506613));
#6087=CARTESIAN_POINT('Ctrl Pts',(24.2998678867262,6.53843427247765,62.2090466283321));
#6088=CARTESIAN_POINT('Ctrl Pts',(24.3994384105815,6.53843425647756,62.2090464761014));
#6089=CARTESIAN_POINT('Ctrl Pts',(24.5323199992144,6.53843423571353,62.2090462785448));
#6090=CARTESIAN_POINT('Ctrl Pts',(24.6979820023007,6.53843415919813,62.2090455505494));
#6091=CARTESIAN_POINT('Ctrl Pts',(24.8979338182935,6.53843406719484,62.2090446751966));
#6092=CARTESIAN_POINT('Ctrl Pts',(25.1613186584041,6.53843395704636,62.2090436272038));
#6093=CARTESIAN_POINT('Ctrl Pts',(25.367364964383,6.53843369937002,62.2090411755772));
#6094=CARTESIAN_POINT('Ctrl Pts',(25.5324240506453,6.53843329305944,62.2090373097902));
#6095=CARTESIAN_POINT('Ctrl Pts',(25.5963666653039,6.53779194580037,62.2029352982258));
#6096=CARTESIAN_POINT('Ctrl Pts',(25.7202409062033,6.53402810394324,62.167124735049));
#6097=CARTESIAN_POINT('Ctrl Pts',(25.8608765287962,6.52460434671875,62.0774636742871));
#6098=CARTESIAN_POINT('Ctrl Pts',(25.9450047538562,6.51175515043641,61.9552117379131));
#6099=CARTESIAN_POINT('Ctrl Pts',(25.9788436288867,6.50217840801974,61.8640951202766));
#6100=CARTESIAN_POINT('Ctrl Pts',(25.9951848318846,6.49554707758576,61.8010022257113));
#6101=CARTESIAN_POINT('Ctrl Pts',(26.0000731024811,6.49045480746776,61.7525525119094));
#6102=CARTESIAN_POINT('Ctrl Pts',(26.0000724587758,6.48656726261549,61.7155649933527));
#6103=CARTESIAN_POINT('Ctrl Pts',(26.0000724774819,6.48555755700793,61.7059582862109));
#6104=CARTESIAN_POINT('Ctrl Pts',(26.0000724246876,6.48353815260449,61.6867449367362));
#6105=CARTESIAN_POINT('Ctrl Pts',(26.0000723280623,6.48000419124589,61.6531215404033));
#6106=CARTESIAN_POINT('Ctrl Pts',(26.000071903556,6.47293627004497,61.585874762164));
#6107=CARTESIAN_POINT('Ctrl Pts',(26.000070779381,6.45880042421951,61.4513811731119));
#6108=CARTESIAN_POINT('Ctrl Pts',(26.0000656835775,6.43052871945341,61.182393870225));
#6109=CARTESIAN_POINT('Ctrl Pts',(26.0000575307476,6.37398531920456,60.6444193527765));
#6110=CARTESIAN_POINT('Ctrl Pts',(26.0000256455035,6.32148060898293,60.1448704041646));
#6111=CARTESIAN_POINT('Ctrl Pts',(26.000023683391,6.28109248600398,59.7606030825209));
#6112=CARTESIAN_POINT('Ctrl Pts',(26.0000233659741,6.26493723922597,59.6068961768269));
#6113=CARTESIAN_POINT('Ctrl Pts',(26.0000220627025,6.24474317609171,59.414762500356));
#6114=CARTESIAN_POINT('Ctrl Pts',(26.0000212658721,6.22051030427363,59.1842021261064));
#6115=CARTESIAN_POINT('Ctrl Pts',(26.000019844969,6.1720445615216,58.7230813860189));
#6116=CARTESIAN_POINT('Ctrl Pts',(26.000011737556,6.09934591670829,58.031399983937));
#6117=CARTESIAN_POINT('Ctrl Pts',(26.000008333629,6.00241442831876,57.1091584763088));
#6118=CARTESIAN_POINT('Ctrl Pts',(26.0000040592006,5.9216381806114,56.3406238163764));
#6119=CARTESIAN_POINT('Ctrl Pts',(26.0000033869628,5.85701719655265,55.7257962226509));
#6120=CARTESIAN_POINT('Ctrl Pts',(26.0000027074419,5.80855145760825,55.2646755187907));
#6121=CARTESIAN_POINT('Ctrl Pts',(26.0000022886148,5.76008572000248,54.8035548276667));
#6122=CARTESIAN_POINT('Ctrl Pts',(26.0000019192579,5.71161998265075,54.3424341389598));
#6123=CARTESIAN_POINT('Ctrl Pts',(26.0000016493077,5.66315424580947,53.8813134551093));
#6124=CARTESIAN_POINT('Ctrl Pts',(26.0000014259406,5.59853326405569,53.2664858833142));
#6125=CARTESIAN_POINT('Ctrl Pts',(26.000000899787,5.51775703559541,52.4979514065055));
#6126=CARTESIAN_POINT('Ctrl Pts',(26.0000006298139,5.42082556329891,51.5757100519923));
#6127=CARTESIAN_POINT('Ctrl Pts',(26.0000003933923,5.32389409117469,50.6534686991181));
#6128=CARTESIAN_POINT('Ctrl Pts',(26.0000002664438,5.22696261961261,49.7312273515924));
#6129=CARTESIAN_POINT('Ctrl Pts',(26.0000001729214,5.13003114822218,48.8089860056998));
#6130=CARTESIAN_POINT('Ctrl Pts',(26.0000001171332,5.03309967702551,47.8867446616507));
#6131=CARTESIAN_POINT('Ctrl Pts',(26.0000000799018,4.92539804248967,46.8620320583612));
#6132=CARTESIAN_POINT('Ctrl Pts',(26.000000043689,4.80692624452459,45.7348481949744));
#6133=CARTESIAN_POINT('Ctrl Pts',(26.0000000247289,4.67768428321366,44.5051930722836));
#6134=CARTESIAN_POINT('Ctrl Pts',(26.0000000109787,4.54844232192946,43.2755379498473));
#6135=CARTESIAN_POINT('Ctrl Pts',(26.0000000079028,4.41920036070014,42.0458828279331));
#6136=CARTESIAN_POINT('Ctrl Pts',(26.0000000038808,4.28995839946594,40.8162277059723));
#6137=CARTESIAN_POINT('Ctrl Pts',(26.0000000026841,4.17148660168091,39.6890438442987));
#6138=CARTESIAN_POINT('Ctrl Pts',(26.0000000014526,4.06378496733015,38.6643312427701));
#6139=CARTESIAN_POINT('Ctrl Pts',(26.0000000010375,3.96685349641818,37.7420899014297));
#6140=CARTESIAN_POINT('Ctrl Pts',(26.0000000006176,3.86992202550637,36.8198485600909));
#6141=CARTESIAN_POINT('Ctrl Pts',(26.0000000004002,3.77299055459591,35.8976072187649));
#6142=CARTESIAN_POINT('Ctrl Pts',(26.0000000002173,3.67605908368607,34.9753658774448));
#6143=CARTESIAN_POINT('Ctrl Pts',(26.0000000000923,3.57912761277724,34.0531245361343));
#6144=CARTESIAN_POINT('Ctrl Pts',(25.9999999999764,3.48219614186952,33.1308831948344));
#6145=CARTESIAN_POINT('Ctrl Pts',(25.9999999998597,3.38526467096344,32.2086418535501));
#6146=CARTESIAN_POINT('Ctrl Pts',(25.9999999997155,3.28833320005973,31.2864005122883));
#6147=CARTESIAN_POINT('Ctrl Pts',(25.9999999995194,3.19140172915961,30.3641591710607));
#6148=CARTESIAN_POINT('Ctrl Pts',(25.999999999234,3.09447025826493,29.4419178298849));
#6149=CARTESIAN_POINT('Ctrl Pts',(25.9999999988072,2.99753878737857,28.5196764887882));
#6150=CARTESIAN_POINT('Ctrl Pts',(25.9999999981597,2.90060731650495,27.5974351478126));
#6151=CARTESIAN_POINT('Ctrl Pts',(25.9999999971721,2.8036758456508,26.6751938070224));
#6152=CARTESIAN_POINT('Ctrl Pts',(25.9999999956608,2.70674437482655,25.7529524665166));
#6153=CARTESIAN_POINT('Ctrl Pts',(25.9999999933486,2.60981290404796,24.8307111264453));
#6154=CARTESIAN_POINT('Ctrl Pts',(25.9999999898027,2.51288143333967,23.9084697870429));
#6155=CARTESIAN_POINT('Ctrl Pts',(25.999999984379,2.41594996273836,22.9862284486583));
#6156=CARTESIAN_POINT('Ctrl Pts',(25.9999999760486,2.31901849230264,22.0639871118491));
#6157=CARTESIAN_POINT('Ctrl Pts',(25.9999999633285,2.22208702211695,21.1417457774188));
#6158=CARTESIAN_POINT('Ctrl Pts',(25.9999999437375,2.12515555232264,20.2195044467122));
#6159=CARTESIAN_POINT('Ctrl Pts',(25.9999999139401,2.02822408310968,19.2972631215369));
#6160=CARTESIAN_POINT('Ctrl Pts',(25.9999998677841,1.93129261482851,18.3750218052269));
#6161=CARTESIAN_POINT('Ctrl Pts',(25.9999997981651,1.83436114788378,17.4527805016324));
#6162=CARTESIAN_POINT('Ctrl Pts',(25.9999996890135,1.73742968319082,16.5305392194619));
#6163=CARTESIAN_POINT('Ctrl Pts',(25.9999995272714,1.64049822149341,15.6082979657922));
#6164=CARTESIAN_POINT('Ctrl Pts',(25.9999992671212,1.54356676540129,14.6860567654534));
#6165=CARTESIAN_POINT('Ctrl Pts',(25.9999988959425,1.44663531563334,13.7638156252849));
#6166=CARTESIAN_POINT('Ctrl Pts',(25.9999982658983,1.34970388061029,12.8415746254048));
#6167=CARTESIAN_POINT('Ctrl Pts',(25.9999974371804,1.25277245690366,11.9193337331932));
#6168=CARTESIAN_POINT('Ctrl Pts',(25.9999958621183,1.1558410757086,10.9970932454523));
#6169=CARTESIAN_POINT('Ctrl Pts',(25.9999941322294,1.05890970333244,10.0748528416175));
#6170=CARTESIAN_POINT('Ctrl Pts',(25.999990596363,0.978133678976008,9.30632030672728));
#6171=CARTESIAN_POINT('Ctrl Pts',(25.9999892513025,0.913512774983522,8.69149347478144));
#6172=CARTESIAN_POINT('Ctrl Pts',(25.99998662135,0.84889194417816,8.07666733916457));
#6173=CARTESIAN_POINT('Ctrl Pts',(25.9999798619077,0.768116103435815,7.30813655124567));
#6174=CARTESIAN_POINT('Ctrl Pts',(25.9999659976585,0.695418289957366,6.61646305878661));
#6175=CARTESIAN_POINT('Ctrl Pts',(25.9999637627254,0.646952681803499,6.15534359931518));
#6176=CARTESIAN_POINT('Ctrl Pts',(25.9999620562373,0.626758722565013,5.96321091134651));
#6177=CARTESIAN_POINT('Ctrl Pts',(25.9999615487457,0.610603506319908,5.8095042961538));
#6178=CARTESIAN_POINT('Ctrl Pts',(25.9999604172663,0.594448325616991,5.65579801912243));
#6179=CARTESIAN_POINT('Ctrl Pts',(25.9999586813901,0.566176745476595,5.38681190196994));
#6180=CARTESIAN_POINT('Ctrl Pts',(25.9999444289563,0.537905878276219,5.11783256798864));
#6181=CARTESIAN_POINT('Ctrl Pts',(25.9999428505531,0.513673100454127,4.88727308805105));
#6182=CARTESIAN_POINT('Ctrl Pts',(25.9999417164011,0.501556731191367,4.77199353502321));
#6183=CARTESIAN_POINT('Ctrl Pts',(25.9999400585375,0.489440391759094,4.6567142658135));
#6184=CARTESIAN_POINT('Ctrl Pts',(25.9999387592016,0.465207598041394,4.4261546346393));
#6185=CARTESIAN_POINT('Ctrl Pts',(25.9999108596777,0.44097631946381,4.19560941906038));
#6186=CARTESIAN_POINT('Ctrl Pts',(25.9999086666792,0.418762982292876,3.98426363347159));
#6187=CARTESIAN_POINT('Ctrl Pts',(25.9999078104543,0.410685408487381,3.90741065238022));
#6188=CARTESIAN_POINT('Ctrl Pts',(25.9999070917614,0.402607826848103,3.83055759675539));
#6189=CARTESIAN_POINT('Ctrl Pts',(25.9999045729099,0.392510942101449,3.73449215542345));
#6190=CARTESIAN_POINT('Ctrl Pts',(25.9999017308539,0.382414075764441,3.63842688924759));
#6191=CARTESIAN_POINT('Ctrl Pts',(25.999900734637,0.374336509932856,3.56157398402291));
#6192=CARTESIAN_POINT('Ctrl Pts',(25.9998998324983,0.368278344386568,3.50393438909151));
#6193=CARTESIAN_POINT('Ctrl Pts',(25.9998988377329,0.362220184116273,3.44629484435783));
#6194=CARTESIAN_POINT('Ctrl Pts',(25.9998978950717,0.356162020878131,3.38865527138698));
#6195=CARTESIAN_POINT('Ctrl Pts',(25.9998967763243,0.351113570491798,3.34062247448234));
#6196=CARTESIAN_POINT('Ctrl Pts',(25.9998964230877,0.347074779324141,3.30219594335876));
#6197=CARTESIAN_POINT('Ctrl Pts',(25.9998960448292,0.34303598958173,3.26376942579549));
#6198=CARTESIAN_POINT('Ctrl Pts',(25.9998947361219,0.337987550015466,3.21573673183693));
#6199=CARTESIAN_POINT('Ctrl Pts',(25.9998933883344,0.331929409853218,3.15809737841854));
#6200=CARTESIAN_POINT('Ctrl Pts',(25.9998919808647,0.32587127309046,3.10045805734414));
#6201=CARTESIAN_POINT('Ctrl Pts',(25.9998904570176,0.320822845778503,3.05242547997753));
#6202=CARTESIAN_POINT('Ctrl Pts',(25.999889985806,0.317288912741668,3.01880235310826));
#6203=CARTESIAN_POINT('Ctrl Pts',(25.9998898401401,0.315269515394795,2.99958907077222));
#6204=CARTESIAN_POINT('Ctrl Pts',(25.9998897171314,0.31325011675738,2.9803757761575));
#6205=CARTESIAN_POINT('Ctrl Pts',(25.9998892254856,0.310725887706452,2.95635934100103));
#6206=CARTESIAN_POINT('Ctrl Pts',(25.9998888232253,0.307696802153152,2.92753951708391));
#6207=CARTESIAN_POINT('Ctrl Pts',(25.9998883017928,0.30517257479887,2.90352309806996));
#6208=CARTESIAN_POINT('Ctrl Pts',(25.9998881343042,0.303153178695015,2.88430982756044));
#6209=CARTESIAN_POINT('Ctrl Pts',(25.9998880105088,0.30113378010241,2.86509653337206));
#6210=CARTESIAN_POINT('Ctrl Pts',(25.9998874148939,0.299114408384513,2.84588349487943));
#6211=CARTESIAN_POINT('Ctrl Pts',(25.9998873039312,0.297095009060973,2.82667019373667));
#6212=CARTESIAN_POINT('Ctrl Pts',(25.9998871263491,0.295832890648509,2.8146619391761));
#6213=CARTESIAN_POINT('Ctrl Pts',(25.9998870919311,0.294823189786996,2.80505527718992));
#6214=CARTESIAN_POINT('Ctrl Pts',(25.9998870203132,0.293813491044264,2.7954486353626));
#6215=CARTESIAN_POINT('Ctrl Pts',(25.999886918291,0.292046516917464,2.77863699953904));
#6216=CARTESIAN_POINT('Ctrl Pts',(25.9998862334761,0.290405788837158,2.76302651461274));
#6217=CARTESIAN_POINT('Ctrl Pts',(25.9998861817375,0.289206769684787,2.75161860940948));
#6218=CARTESIAN_POINT('Ctrl Pts',(25.9998861800933,0.288954344071606,2.7492169401281));
#6219=CARTESIAN_POINT('Ctrl Pts',(25.9998861713303,0.288575706018462,2.74561443969425));
#6220=CARTESIAN_POINT('Ctrl Pts',(25.9998861281177,0.287755324873285,2.73780903448766));
#6221=CARTESIAN_POINT('Ctrl Pts',(25.9998859358091,0.286745633219501,2.72820246010718));
#6222=CARTESIAN_POINT('Ctrl Pts',(25.9998858890212,0.285925252076126,2.72039705491773));
#6223=CARTESIAN_POINT('Ctrl Pts',(25.9998858798884,0.285546614333663,2.71679455743981));
#6224=CARTESIAN_POINT('Ctrl Pts',(25.9998858769575,0.285294188091652,2.71439288217551));
#6225=CARTESIAN_POINT('Ctrl Pts',(25.9998858620212,0.284978659789603,2.7113908309142));
#6226=CARTESIAN_POINT('Ctrl Pts',(25.9998858512217,0.284600014874154,2.70778826518987));
#6227=CARTESIAN_POINT('Ctrl Pts',(25.9998858357012,0.284284498263117,2.70478632516111));
#6228=CARTESIAN_POINT('Ctrl Pts',(25.9998858322624,0.284032025066127,2.70238420315002));
#6229=CARTESIAN_POINT('Ctrl Pts',(25.9998858280357,0.283874179677482,2.70088240459503));
#6230=CARTESIAN_POINT('Ctrl Pts',(25.9998858273427,0.283747880879391,2.69968075179987));
#6231=CARTESIAN_POINT('Ctrl Pts',(25.9998858256153,0.283653142738289,2.69877937859771));
#6232=CARTESIAN_POINT('Ctrl Pts',(25.9998858261602,0.283582080650712,2.69810326799762));
#6233=CARTESIAN_POINT('Ctrl Pts',(25.9998858241271,0.283534700487868,2.69765247586043));
#6234=CARTESIAN_POINT('Ctrl Pts',(25.9998858285844,0.283503115129134,2.69735196124601));
#6235=CARTESIAN_POINT('Ctrl Pts',(25.9998858133648,0.283479416925054,2.69712648789548));
#6236=CARTESIAN_POINT('Ctrl Pts',(25.999896711764,0.276720245837609,2.63281727076109));
#6237=CARTESIAN_POINT('Ctrl Pts',(25.9799696651215,0.266583930000105,2.53637666765996));
#6238=CARTESIAN_POINT('Ctrl Pts',(25.9169831560095,0.254643417330986,2.42277027835571));
#6239=CARTESIAN_POINT('Ctrl Pts',(25.7910899490433,0.23900155725842,2.27394792088335));
#6240=CARTESIAN_POINT('Ctrl Pts',(25.6289647489895,0.232181238921841,2.20905692653531));
#6241=CARTESIAN_POINT('Ctrl Pts',(25.5,0.232181238921841,2.20905692653531));
#6242=CARTESIAN_POINT('',(28.,2.27250091730089,2.48785748274457));
#6243=CARTESIAN_POINT('Ctrl Pts',(25.5,2.22122502965839,2.84405909408513E-15));
#6244=CARTESIAN_POINT('Ctrl Pts',(26.2855482992902,2.22122502965839,-1.47050448724142E-14));
#6245=CARTESIAN_POINT('Ctrl Pts',(27.0831288476162,2.23014203697636,0.398083623761171));
#6246=CARTESIAN_POINT('Ctrl Pts',(27.8355222086144,2.25235627234169,1.47114424785219));
#6247=CARTESIAN_POINT('Ctrl Pts',(28.,2.26258215014914,1.9808410886043));
#6248=CARTESIAN_POINT('Ctrl Pts',(28.,2.2725009173009,2.48785748274459));
#6249=CARTESIAN_POINT('',(28.,8.47611553085561,61.5113078496454));
#6250=CARTESIAN_POINT('Ctrl Pts',(27.9997405980347,2.27255753604631,2.42814856945201));
#6251=CARTESIAN_POINT('Ctrl Pts',(27.9997403999569,2.27257330873869,2.42831201342501));
#6252=CARTESIAN_POINT('Ctrl Pts',(27.9997405169681,2.27259701345284,2.42852982501984));
#6253=CARTESIAN_POINT('Ctrl Pts',(27.9997404820906,2.2726285968076,2.42883269891919));
#6254=CARTESIAN_POINT('Ctrl Pts',(27.9997404970753,2.27267597773667,2.42928259010277));
#6255=CARTESIAN_POINT('Ctrl Pts',(27.9997404876053,2.27274703874606,2.42995997640332));
#6256=CARTESIAN_POINT('Ctrl Pts',(27.9997404959721,2.27284177683972,2.4308614117472));
#6257=CARTESIAN_POINT('Ctrl Pts',(27.9997404954858,2.27296807500381,2.43206381815715));
#6258=CARTESIAN_POINT('Ctrl Pts',(27.9997405064095,2.27312591874831,2.43356757939995));
#6259=CARTESIAN_POINT('Ctrl Pts',(27.9997405134987,2.27337839031975,2.43597163934834));
#6260=CARTESIAN_POINT('Ctrl Pts',(27.9997405492679,2.27369390019843,2.43898160993624));
#6261=CARTESIAN_POINT('Ctrl Pts',(27.9997405735475,2.27407254033178,2.44258987912214));
#6262=CARTESIAN_POINT('Ctrl Pts',(27.9997406076121,2.27438806209741,2.44559972675604));
#6263=CARTESIAN_POINT('Ctrl Pts',(27.9997406142464,2.27464048704884,2.44800294131451));
#6264=CARTESIAN_POINT('Ctrl Pts',(27.999740635016,2.27501912078519,2.45161021705248));
#6265=CARTESIAN_POINT('Ctrl Pts',(27.999740741351,2.27583948139384,2.45944011476953));
#6266=CARTESIAN_POINT('Ctrl Pts',(27.9997411784612,2.27684908865368,2.46914734903892));
#6267=CARTESIAN_POINT('Ctrl Pts',(27.9997412766773,2.2776694508345,2.47697537376241));
#6268=CARTESIAN_POINT('Ctrl Pts',(27.9997412965952,2.27804808504199,2.48058246104881));
#6269=CARTESIAN_POINT('Ctrl Pts',(27.9997413003322,2.27830050993361,2.48298499096308));
#6270=CARTESIAN_POINT('Ctrl Pts',(27.99974141793,2.27949950638033,2.49441997806192));
#6271=CARTESIAN_POINT('Ctrl Pts',(27.9997429744584,2.28113993392745,2.51038892041269));
#6272=CARTESIAN_POINT('Ctrl Pts',(27.9997432063468,2.28290686328145,2.52725395846678));
#6273=CARTESIAN_POINT('Ctrl Pts',(27.9997433691284,2.28391653059444,2.53689808775102));
#6274=CARTESIAN_POINT('Ctrl Pts',(27.9997434473576,2.28492621635154,2.54652276534812));
#6275=CARTESIAN_POINT('Ctrl Pts',(27.9997438509872,2.28618825683152,2.55862397295321));
#6276=CARTESIAN_POINT('Ctrl Pts',(27.9997441031966,2.2882076074587,2.57789535611378));
#6277=CARTESIAN_POINT('Ctrl Pts',(27.9997454569808,2.2902267177891,2.59742016146364));
#6278=CARTESIAN_POINT('Ctrl Pts',(27.9997457383577,2.29224606205367,2.61669825476342));
#6279=CARTESIAN_POINT('Ctrl Pts',(27.9997461190457,2.29426538465462,2.6359991949971));
#6280=CARTESIAN_POINT('Ctrl Pts',(27.9997473042195,2.29678938317653,2.66028855112264));
#6281=CARTESIAN_POINT('Ctrl Pts',(27.9997482185244,2.29981829219663,2.6893189329348));
#6282=CARTESIAN_POINT('Ctrl Pts',(27.9997493359954,2.3023423054872,2.71359271371526));
#6283=CARTESIAN_POINT('Ctrl Pts',(27.9997496155843,2.30436165014184,2.73287039565532));
#6284=CARTESIAN_POINT('Ctrl Pts',(27.9997499466709,2.30638098356279,2.75215992487997));
#6285=CARTESIAN_POINT('Ctrl Pts',(27.9997510176967,2.30991470980686,2.78602970138283));
#6286=CARTESIAN_POINT('Ctrl Pts',(27.9997544812773,2.31496246837362,2.8348599166989));
#6287=CARTESIAN_POINT('Ctrl Pts',(27.9997576803418,2.32101998746372,2.89323595955671));
#6288=CARTESIAN_POINT('Ctrl Pts',(27.9997607437533,2.32707753614508,2.95158079482423));
#6289=CARTESIAN_POINT('Ctrl Pts',(27.9997637183386,2.33212540138093,3.00029851461785));
#6290=CARTESIAN_POINT('Ctrl Pts',(27.9997645780896,2.33616402512334,3.03892302671763));
#6291=CARTESIAN_POINT('Ctrl Pts',(27.9997653809677,2.34020266127199,3.0775344549372));
#6292=CARTESIAN_POINT('Ctrl Pts',(27.9997679237896,2.34525062069242,3.12615284563784));
#6293=CARTESIAN_POINT('Ctrl Pts',(27.9997700663819,2.35130837024067,3.18428584235167));
#6294=CARTESIAN_POINT('Ctrl Pts',(27.9997723274029,2.35736609395494,3.24244608413846));
#6295=CARTESIAN_POINT('Ctrl Pts',(27.999774377891,2.36342386359473,3.30055789188203));
#6296=CARTESIAN_POINT('Ctrl Pts',(27.9997766422111,2.37150099223332,3.37793225389219));
#6297=CARTESIAN_POINT('Ctrl Pts',(27.9997831019735,2.38159661132488,3.47548515737058));
#6298=CARTESIAN_POINT('Ctrl Pts',(27.9997888271184,2.3916923906654,3.57286905883657));
#6299=CARTESIAN_POINT('Ctrl Pts',(27.9997904606491,2.39976965690395,3.65009830495748));
#6300=CARTESIAN_POINT('Ctrl Pts',(27.9997924067787,2.40784685495241,3.72739946582986));
#6301=CARTESIAN_POINT('Ctrl Pts',(27.9997973912863,2.43005922971884,3.93989314804012));
#6302=CARTESIAN_POINT('Ctrl Pts',(27.9998608046383,2.45427826450024,4.18504200717915));
#6303=CARTESIAN_POINT('Ctrl Pts',(27.9998637579233,2.47851048800019,4.41628175885092));
#6304=CARTESIAN_POINT('Ctrl Pts',(27.9998675261127,2.49062609987364,4.53242881526511));
#6305=CARTESIAN_POINT('Ctrl Pts',(27.9998701039481,2.50274197141014,4.64830202541846));
#6306=CARTESIAN_POINT('Ctrl Pts',(27.9998736915305,2.52697405654486,4.87968770005563));
#6307=CARTESIAN_POINT('Ctrl Pts',(27.9999060861551,2.55523866901861,5.15612728548568));
#6308=CARTESIAN_POINT('Ctrl Pts',(27.9999100316608,2.58350948736411,5.42602202451229));
#6309=CARTESIAN_POINT('Ctrl Pts',(27.9999126034215,2.59966417151366,5.58032055972379));
#6310=CARTESIAN_POINT('Ctrl Pts',(27.9999137569087,2.61581916504443,5.73429281481241));
#6311=CARTESIAN_POINT('Ctrl Pts',(27.9999176356175,2.6360123753851,5.92731874181715));
#6312=CARTESIAN_POINT('Ctrl Pts',(27.9999227154389,2.68447700273137,6.38960804799542));
#6313=CARTESIAN_POINT('Ctrl Pts',(27.9999542277514,2.75716873183924,7.08853860173362));
#6314=CARTESIAN_POINT('Ctrl Pts',(27.9999695914147,2.83794160617849,7.8606075319693));
#6315=CARTESIAN_POINT('Ctrl Pts',(27.999975569083,2.90256128282072,8.47681028205581));
#6316=CARTESIAN_POINT('Ctrl Pts',(27.9999786262964,2.96718159652903,9.0923411684883));
#6317=CARTESIAN_POINT('Ctrl Pts',(27.9999866630332,3.0479560691591,9.86272450671043));
#6318=CARTESIAN_POINT('Ctrl Pts',(27.9999905949299,3.14488668236789,10.7858703984679));
#6319=CARTESIAN_POINT('Ctrl Pts',(27.9999941749174,3.24181737234189,11.7089353319818));
#6320=CARTESIAN_POINT('Ctrl Pts',(27.9999960585251,3.33874843236299,12.6316100058309));
#6321=CARTESIAN_POINT('Ctrl Pts',(27.9999974905629,3.43567959088911,13.5541807941512));
#6322=CARTESIAN_POINT('Ctrl Pts',(27.9999983342199,3.53261087776407,14.4766162230108));
#6323=CARTESIAN_POINT('Ctrl Pts',(27.9999989255169,3.62954221968845,15.3989935955738));
#6324=CARTESIAN_POINT('Ctrl Pts',(27.9999992931386,3.72647361040482,16.3213195110373));
#6325=CARTESIAN_POINT('Ctrl Pts',(27.9999995412236,3.82340502719626,17.2436179271796));
#6326=CARTESIAN_POINT('Ctrl Pts',(27.9999996994502,3.92033646358848,18.1658956719037));
#6327=CARTESIAN_POINT('Ctrl Pts',(27.9999998043413,4.01726791161393,19.0881611479626));
#6328=CARTESIAN_POINT('Ctrl Pts',(27.9999998720408,4.11419936775025,20.0104180701286));
#6329=CARTESIAN_POINT('Ctrl Pts',(27.9999999165273,4.21113082894706,20.9326696553711));
#6330=CARTESIAN_POINT('Ctrl Pts',(27.9999999453745,4.30806229355058,21.8549176478062));
#6331=CARTESIAN_POINT('Ctrl Pts',(27.99999996421,4.40499376033058,22.7771633448521));
#6332=CARTESIAN_POINT('Ctrl Pts',(27.9999999763861,4.50192522855187,23.699407521842));
#6333=CARTESIAN_POINT('Ctrl Pts',(27.999999984213,4.59885669770434,24.621650716728));
#6334=CARTESIAN_POINT('Ctrl Pts',(27.9999999891128,4.69578816746866,25.5438932662365));
#6335=CARTESIAN_POINT('Ctrl Pts',(27.9999999920014,4.79271963763035,26.4661353965225));
#6336=CARTESIAN_POINT('Ctrl Pts',(27.9999999934124,4.88965110805214,27.3883772522775));
#6337=CARTESIAN_POINT('Ctrl Pts',(27.9999999935984,4.98658257864317,28.3106189291809));
#6338=CARTESIAN_POINT('Ctrl Pts',(27.9999999926168,5.08351404934467,29.2328604890574));
#6339=CARTESIAN_POINT('Ctrl Pts',(27.9999999902329,5.1804455201179,30.1551019724161));
#6340=CARTESIAN_POINT('Ctrl Pts',(27.9999999861253,5.27737699093764,31.0773434055178));
#6341=CARTESIAN_POINT('Ctrl Pts',(27.9999999792671,5.37430846178702,31.9995848052627));
#6342=CARTESIAN_POINT('Ctrl Pts',(27.9999999689867,5.47123993265505,32.9218261826571));
#6343=CARTESIAN_POINT('Ctrl Pts',(27.9999999520516,5.56817140353337,33.8440675439036));
#6344=CARTESIAN_POINT('Ctrl Pts',(27.9999999283001,5.66510287441734,34.7663088937393));
#6345=CARTESIAN_POINT('Ctrl Pts',(27.999999886712,5.76203434529929,35.6885502313859));
#6346=CARTESIAN_POINT('Ctrl Pts',(27.9999998343849,5.85896581618029,36.6107915614143));
#6347=CARTESIAN_POINT('Ctrl Pts',(27.9999997286486,5.9558972870409,37.5330328700205));
#6348=CARTESIAN_POINT('Ctrl Pts',(27.9999996234129,6.05282875790321,38.4552741772405));
#6349=CARTESIAN_POINT('Ctrl Pts',(27.9999993075842,6.16053039211106,39.4799866691016));
#6350=CARTESIAN_POINT('Ctrl Pts',(27.9999990008208,6.27900218975702,40.6071704245462));
#6351=CARTESIAN_POINT('Ctrl Pts',(27.9999979664241,6.40824415052815,41.8368251813806));
#6352=CARTESIAN_POINT('Ctrl Pts',(27.9999971755272,6.53748611140312,43.0664800244558));
#6353=CARTESIAN_POINT('Ctrl Pts',(27.9999936384923,6.66672807110499,44.2961338970266));
#6354=CARTESIAN_POINT('Ctrl Pts',(27.9999887613529,6.79597003023405,45.5257872963531));
#6355=CARTESIAN_POINT('Ctrl Pts',(27.9999794460174,6.91444182403214,46.6529678676721));
#6356=CARTESIAN_POINT('Ctrl Pts',(27.999969868645,7.02214345428378,47.6776770862492));
#6357=CARTESIAN_POINT('Ctrl Pts',(27.9999555177032,7.119074919061,48.5999133585539));
#6358=CARTESIAN_POINT('Ctrl Pts',(27.9999314600486,7.2160063796899,49.522146202146));
#6359=CARTESIAN_POINT('Ctrl Pts',(27.9998988038341,7.31293783664436,50.4443760087175));
#6360=CARTESIAN_POINT('Ctrl Pts',(27.9998379867979,7.40986928156359,51.3665958678416));
#6361=CARTESIAN_POINT('Ctrl Pts',(27.9997685389664,7.5068007227955,52.2888126793195));
#6362=CARTESIAN_POINT('Ctrl Pts',(27.9996331913338,7.58757689071069,53.0572993214202));
#6363=CARTESIAN_POINT('Ctrl Pts',(27.9995757324221,7.65219784676418,53.6721065884004));
#6364=CARTESIAN_POINT('Ctrl Pts',(27.9995062904904,7.70066355253807,54.1332027267099));
#6365=CARTESIAN_POINT('Ctrl Pts',(27.9994112772095,7.7491292473994,54.5942898457541));
#6366=CARTESIAN_POINT('Ctrl Pts',(27.9993035381827,7.79759493678684,55.0553724399177));
#6367=CARTESIAN_POINT('Ctrl Pts',(27.9991287384084,7.84606059759487,55.5164314137367));
#6368=CARTESIAN_POINT('Ctrl Pts',(27.9989558119868,7.91068150413911,56.1311977574446));
#6369=CARTESIAN_POINT('Ctrl Pts',(27.9978562593827,7.99145726063394,56.8993443602563));
#6370=CARTESIAN_POINT('Ctrl Pts',(27.9969806328324,8.08838835589416,57.8212751942568));
#6371=CARTESIAN_POINT('Ctrl Pts',(27.9948950854316,8.16108607030092,58.5122216439444));
#6372=CARTESIAN_POINT('Ctrl Pts',(27.9945295703407,8.20955164649739,58.9732106346895));
#6373=CARTESIAN_POINT('Ctrl Pts',(27.9943245978777,8.23378443205506,59.2037031408494));
#6374=CARTESIAN_POINT('Ctrl Pts',(27.9939893362769,8.25397833407161,59.3957089416443));
#6375=CARTESIAN_POINT('Ctrl Pts',(27.9939076965012,8.27013356112244,59.5494011381495));
#6376=CARTESIAN_POINT('Ctrl Pts',(27.993402878908,8.31052134499098,59.9333946255977));
#6377=CARTESIAN_POINT('Ctrl Pts',(27.985201592097,8.3630235532493,60.4310277601682));
#6378=CARTESIAN_POINT('Ctrl Pts',(27.9831031373853,8.41956436963341,60.9668749678953));
#6379=CARTESIAN_POINT('Ctrl Pts',(27.9817937328575,8.44783742524595,61.2370306256851));
#6380=CARTESIAN_POINT('Ctrl Pts',(27.981502665138,8.46197060369241,61.3692843575516));
#6381=CARTESIAN_POINT('Ctrl Pts',(27.9813959992705,8.46904188763082,61.4393659606087));
#6382=CARTESIAN_POINT('Ctrl Pts',(27.9813677353866,8.47257124966057,61.4691161387912));
#6383=CARTESIAN_POINT('Ctrl Pts',(27.9813593819986,8.4745976856699,61.4942521962494));
#6384=CARTESIAN_POINT('Ctrl Pts',(27.9813542288261,8.47559397739398,61.4925609078622));
#6385=CARTESIAN_POINT('Ctrl Pts',(27.98135011264,8.47612222312085,61.5170725116788));
#6386=CARTESIAN_POINT('',(-28.,8.47611553085562,61.5113078496454));
#6387=CARTESIAN_POINT('Ctrl Pts',(27.98135011264,8.47612222312085,61.5170725116788));
#6388=CARTESIAN_POINT('Ctrl Pts',(27.9813225323637,8.47966170428881,61.6813111523179));
#6389=CARTESIAN_POINT('Ctrl Pts',(27.9552400553862,8.48494894584597,61.9340392034077));
#6390=CARTESIAN_POINT('Ctrl Pts',(27.8712411663265,8.49173737831677,62.2597329144893));
#6391=CARTESIAN_POINT('Ctrl Pts',(27.6943737329989,8.50145595118415,62.7296085032634));
#6392=CARTESIAN_POINT('Ctrl Pts',(27.2740368869234,8.5141841824821,63.3519461380213));
#6393=CARTESIAN_POINT('Ctrl Pts',(26.5423541739255,8.523268262895,63.7973111897939));
#6394=CARTESIAN_POINT('Ctrl Pts',(25.9709757722163,8.52687086927926,63.9736116120708));
#6395=CARTESIAN_POINT('Ctrl Pts',(25.5847072290091,8.52748185983574,64.0034880880522));
#6396=CARTESIAN_POINT('Ctrl Pts',(25.4049822531012,8.52748216220814,64.0033385956065));
#6397=CARTESIAN_POINT('Ctrl Pts',(25.1951971830389,8.52748128652015,64.0025580135257));
#6398=CARTESIAN_POINT('Ctrl Pts',(24.9284196495729,8.52748125657807,64.0024455887665));
#6399=CARTESIAN_POINT('Ctrl Pts',(24.7265423871687,8.52748105724283,64.0022396896532));
#6400=CARTESIAN_POINT('Ctrl Pts',(24.5589427936596,8.52748095599951,64.0021099123234));
#6401=CARTESIAN_POINT('Ctrl Pts',(24.4255959391696,8.5274809169067,64.0020672304223));
#6402=CARTESIAN_POINT('Ctrl Pts',(24.3256346572611,8.52748089297024,64.0020383160703));
#6403=CARTESIAN_POINT('Ctrl Pts',(24.2257218438823,8.52748087141761,64.0020135920617));
#6404=CARTESIAN_POINT('Ctrl Pts',(24.0925951631396,8.52748084931452,64.0019876153294));
#6405=CARTESIAN_POINT('Ctrl Pts',(23.859235638571,8.52748078395973,64.0019114999633));
#6406=CARTESIAN_POINT('Ctrl Pts',(23.5247899595918,8.5274806176805,64.0017174121464));
#6407=CARTESIAN_POINT('Ctrl Pts',(22.9916493935545,8.52748048564206,64.0015634153803));
#6408=CARTESIAN_POINT('Ctrl Pts',(22.0568839221298,8.52748013432317,64.0011535050879));
#6409=CARTESIAN_POINT('Ctrl Pts',(20.7210752908227,8.52747960319063,64.0005338709632));
#6410=CARTESIAN_POINT('Ctrl Pts',(19.1243959280797,8.52747939366724,64.0002894112047));
#6411=CARTESIAN_POINT('Ctrl Pts',(17.528715245287,8.52747925204433,64.0001241891149));
#6412=CARTESIAN_POINT('Ctrl Pts',(15.9343875677653,8.5274792024357,64.0000663089658));
#6413=CARTESIAN_POINT('Ctrl Pts',(14.3403170535019,8.52747917031245,64.0000288324979));
#6414=CARTESIAN_POINT('Ctrl Pts',(12.7465471398395,8.52747915863243,64.0000152044765));
#6415=CARTESIAN_POINT('Ctrl Pts',(11.1528416553267,8.52747915133364,64.0000066882746));
#6416=CARTESIAN_POINT('Ctrl Pts',(9.55920318155989,8.5274791485934,64.0000034883369));
#6417=CARTESIAN_POINT('Ctrl Pts',(7.96558060935099,8.52747914693598,64.0000015498974));
#6418=CARTESIAN_POINT('Ctrl Pts',(6.37197302107061,8.52747914630372,64.0000007997194));
#6419=CARTESIAN_POINT('Ctrl Pts',(4.77836931379715,8.52747914594181,64.0000003569122));
#6420=CARTESIAN_POINT('Ctrl Pts',(3.1847689716577,8.52747914583627,64.0000001788097));
#6421=CARTESIAN_POINT('Ctrl Pts',(1.59116957385873,8.52747914582102,64.0000000734098));
#6422=CARTESIAN_POINT('Ctrl Pts',(-0.0024290426301554,8.52747914598244,
64.0000000198043));
#6423=CARTESIAN_POINT('Ctrl Pts',(-1.59602740785316,8.52747914626481,63.9999999772472));
#6424=CARTESIAN_POINT('Ctrl Pts',(-3.18962548571782,8.52747914712295,63.9999999116394));
#6425=CARTESIAN_POINT('Ctrl Pts',(-4.78322340523754,8.52747914839484,63.9999998238735));
#6426=CARTESIAN_POINT('Ctrl Pts',(-6.19975437752839,8.5274791518376,63.9999995988996));
#6427=CARTESIAN_POINT('Ctrl Pts',(-7.43921887084228,8.52747915505593,63.9999993900303));
#6428=CARTESIAN_POINT('Ctrl Pts',(-8.50161694270276,8.527479158432,63.9999991717727));
#6429=CARTESIAN_POINT('Ctrl Pts',(-9.56401286139631,8.52747917065399,63.9999983817342));
#6430=CARTESIAN_POINT('Ctrl Pts',(-10.6264103572778,8.52747917760736,63.9999979326812));
#6431=CARTESIAN_POINT('Ctrl Pts',(-11.6887996967362,8.52747921661862,63.9999954120095));
#6432=CARTESIAN_POINT('Ctrl Pts',(-12.9282609547607,8.52747924384512,63.999993654229));
#6433=CARTESIAN_POINT('Ctrl Pts',(-14.3447418669807,8.52747944369652,63.9999807405127));
#6434=CARTESIAN_POINT('Ctrl Pts',(-15.93831160742,8.52747963481848,63.9999684013016));
#6435=CARTESIAN_POINT('Ctrl Pts',(-17.5316913155531,8.5274804772992,63.9999139611124));
#6436=CARTESIAN_POINT('Ctrl Pts',(-19.1251812691952,8.52748126617449,63.9998630344808));
#6437=CARTESIAN_POINT('Ctrl Pts',(-20.7177942252122,8.5274850140394,63.9996208446755));
#6438=CARTESIAN_POINT('Ctrl Pts',(-22.3110302219301,8.52748813586764,63.9994193459348));
#6439=CARTESIAN_POINT('Ctrl Pts',(-23.5027334362748,8.52750117918318,63.9985764428717));
#6440=CARTESIAN_POINT('Ctrl Pts',(-24.29959704821,8.52750420749108,63.998381194562));
#6441=CARTESIAN_POINT('Ctrl Pts',(-24.6962189665464,8.52750629864748,63.9982454301295));
#6442=CARTESIAN_POINT('Ctrl Pts',(-25.0301879981929,8.52750962265938,63.9980320942211));
#6443=CARTESIAN_POINT('Ctrl Pts',(-25.2586443264866,8.52751082733183,63.9979523796868));
#6444=CARTESIAN_POINT('Ctrl Pts',(-25.3794255281394,8.52751129530267,63.9979245617313));
#6445=CARTESIAN_POINT('Ctrl Pts',(-25.4312539933,8.52751136362652,63.9979169261372));
#6446=CARTESIAN_POINT('Ctrl Pts',(-25.4740130287158,8.52751148561078,63.9979139827084));
#6447=CARTESIAN_POINT('Ctrl Pts',(-25.4723720971285,8.52751134477586,63.9979136707205));
#6448=CARTESIAN_POINT('Ctrl Pts',(-26.136445789332,8.52751638938219,63.9978595926699));
#6449=CARTESIAN_POINT('Ctrl Pts',(-26.9412939714108,8.5210617706802,63.6831823025749));
#6450=CARTESIAN_POINT('Ctrl Pts',(-27.5795298117064,8.50562029638018,62.9237517681978));
#6451=CARTESIAN_POINT('Ctrl Pts',(-27.821999218259,8.49663116379127,62.4907376593631));
#6452=CARTESIAN_POINT('Ctrl Pts',(-27.9469124693519,8.48830851679662,62.0771654547005));
#6453=CARTESIAN_POINT('Ctrl Pts',(-27.9972010363098,8.48144132558031,61.7692525225421));
#6454=CARTESIAN_POINT('Ctrl Pts',(-28.0058139377388,8.47784677226814,61.5629940246452));
#6455=CARTESIAN_POINT('Ctrl Pts',(-28.0057927901,8.4761481128922,61.5455124814476));
#6456=CARTESIAN_POINT('',(-28.,2.27250091730089,2.48785748274472));
#6457=CARTESIAN_POINT('Ctrl Pts',(-28.0057927901,8.4761481128922,61.5455124814476));
#6458=CARTESIAN_POINT('Ctrl Pts',(-28.0053877374345,8.4436127307389,61.2106786138575));
#6459=CARTESIAN_POINT('Ctrl Pts',(-28.0034959515993,8.3791627299659,60.6058676362499));
#6460=CARTESIAN_POINT('Ctrl Pts',(-28.0025484032083,8.28217113962351,59.6721463738814));
#6461=CARTESIAN_POINT('Ctrl Pts',(-28.001544190494,8.18528828537132,58.7504378611003));
#6462=CARTESIAN_POINT('Ctrl Pts',(-28.0010609877429,8.08834989395165,57.8250099514192));
#6463=CARTESIAN_POINT('Ctrl Pts',(-28.0006685336256,7.99143135838903,56.9022720387867));
#6464=CARTESIAN_POINT('Ctrl Pts',(-28.0004469785598,7.89450066290238,55.9789987721438));
#6465=CARTESIAN_POINT('Ctrl Pts',(-28.0002869040663,7.79757328773242,55.0564026971953));
#6466=CARTESIAN_POINT('Ctrl Pts',(-28.0001893810029,7.70064303500657,54.1337884956816));
#6467=CARTESIAN_POINT('Ctrl Pts',(-28.0001226269198,7.60371316508564,53.2113686453003));
#6468=CARTESIAN_POINT('Ctrl Pts',(-28.0000804574784,7.50678253183086,52.288983226163));
#6469=CARTESIAN_POINT('Ctrl Pts',(-28.0000523130112,7.4098518544802,51.3666616875951));
#6470=CARTESIAN_POINT('Ctrl Pts',(-28.0000342260025,7.31292094486379,50.444363278663));
#6471=CARTESIAN_POINT('Ctrl Pts',(-28.0000222969759,7.21598997486689,49.5220882813346));
#6472=CARTESIAN_POINT('Ctrl Pts',(-28.0000145683596,7.1190589245956,48.5998248349023));
#6473=CARTESIAN_POINT('Ctrl Pts',(-28.0000094994792,7.02212784025383,47.677570597058));
#6474=CARTESIAN_POINT('Ctrl Pts',(-28.0000062028359,6.92519672546906,46.7553216200665));
#6475=CARTESIAN_POINT('Ctrl Pts',(-28.0000040463931,6.82826559449607,45.8330764118119));
#6476=CARTESIAN_POINT('Ctrl Pts',(-28.0000026413741,6.73133445130998,44.9108335126634));
#6477=CARTESIAN_POINT('Ctrl Pts',(-28.0000017234481,6.63440330089253,43.9885921878222));
#6478=CARTESIAN_POINT('Ctrl Pts',(-28.0000011248716,6.53747214542478,43.0663518601742));
#6479=CARTESIAN_POINT('Ctrl Pts',(-28.0000007340445,6.44054098680961,42.144112196833));
#6480=CARTESIAN_POINT('Ctrl Pts',(-28.0000004790932,6.34360982607393,41.2218729609611));
#6481=CARTESIAN_POINT('Ctrl Pts',(-28.0000003126872,6.24667866398421,40.2996340067879));
#6482=CARTESIAN_POINT('Ctrl Pts',(-28.0000002041332,6.14974750099747,39.3773952352552));
#6483=CARTESIAN_POINT('Ctrl Pts',(-28.0000001333194,6.05281633743131,38.4551565834943));
#6484=CARTESIAN_POINT('Ctrl Pts',(-28.0000000871661,5.95588517348432,37.5329180097054));
#6485=CARTESIAN_POINT('Ctrl Pts',(-28.0000000571306,5.85895400928996,36.6106794869925));
#6486=CARTESIAN_POINT('Ctrl Pts',(-28.0000000376618,5.76202284493357,35.6884409976894));
#6487=CARTESIAN_POINT('Ctrl Pts',(-28.000000025157,5.66509168047158,34.7662025304033));
#6488=CARTESIAN_POINT('Ctrl Pts',(-28.000000017306,5.56816051594044,33.8439640777752));
#6489=CARTESIAN_POINT('Ctrl Pts',(-28.000000012653,5.47122935136399,32.9217256351634));
#6490=CARTESIAN_POINT('Ctrl Pts',(-28.0000000103452,5.37429818675762,31.9994871997996));
#6491=CARTESIAN_POINT('Ctrl Pts',(-28.000000009939,5.27736702213123,31.0772487701927));
#6492=CARTESIAN_POINT('Ctrl Pts',(-28.0000000113967,5.18043585749095,30.1550103460645));
#6493=CARTESIAN_POINT('Ctrl Pts',(-28.0000000149045,5.08350469284051,29.2327719278165));
#6494=CARTESIAN_POINT('Ctrl Pts',(-28.000000021297,4.98657352818137,28.3105335176825));
#6495=CARTESIAN_POINT('Ctrl Pts',(-28.0000000313417,4.88964236351424,27.3882951177347));
#6496=CARTESIAN_POINT('Ctrl Pts',(-28.0000000478209,4.79271119883646,26.4660567356357));
#6497=CARTESIAN_POINT('Ctrl Pts',(-28.0000000717416,4.69578003414756,25.5438183741441));
#6498=CARTESIAN_POINT('Ctrl Pts',(-28.0000001159231,4.58807874002423,24.5191091322978));
#6499=CARTESIAN_POINT('Ctrl Pts',(-28.0000002055032,4.46960731643447,23.3919290795452));
#6500=CARTESIAN_POINT('Ctrl Pts',(-28.0000003315137,4.34036576338819,22.1622781911654));
#6501=CARTESIAN_POINT('Ctrl Pts',(-28.0000006667828,4.21112421006564,20.9326278812216));
#6502=CARTESIAN_POINT('Ctrl Pts',(-28.0000010405006,4.0818826566913,19.7029776776439));
#6503=CARTESIAN_POINT('Ctrl Pts',(-28.0000021132693,3.95264110239226,18.4733294063943));
#6504=CARTESIAN_POINT('Ctrl Pts',(-28.0000038471203,3.83416967662453,17.346153899367));
#6505=CARTESIAN_POINT('Ctrl Pts',(-28.0000056005629,3.726468380238,16.3214493822822));
#6506=CARTESIAN_POINT('Ctrl Pts',(-28.0000084475263,3.62953721180997,15.3992188258179));
#6507=CARTESIAN_POINT('Ctrl Pts',(-28.000012601262,3.53260604165477,14.476991878957));
#6508=CARTESIAN_POINT('Ctrl Pts',(-28.0000195463429,3.43567486780069,13.5547726549993));
#6509=CARTESIAN_POINT('Ctrl Pts',(-28.0000291262724,3.33874369047066,12.6325607004622));
#6510=CARTESIAN_POINT('Ctrl Pts',(-28.0000462575869,3.24181250312292,11.7103696533035));
#6511=CARTESIAN_POINT('Ctrl Pts',(-28.0000671224522,3.14488131088883,10.788188855469));
#6512=CARTESIAN_POINT('Ctrl Pts',(-28.0001111586788,3.04795008786871,9.86607227327258));
#6513=CARTESIAN_POINT('Ctrl Pts',(-28.0001516278095,2.9510188698418,8.94394547127027));
#6514=CARTESIAN_POINT('Ctrl Pts',(-28.0002456600209,2.87832037157381,8.25252703446111));
#6515=CARTESIAN_POINT('Ctrl Pts',(-28.0002609408994,2.82985476943738,7.79144951624694));
#6516=CARTESIAN_POINT('Ctrl Pts',(-28.00027746814,2.7975443583835,7.48408366197433));
#6517=CARTESIAN_POINT('Ctrl Pts',(-28.000332624994,2.7410011115678,6.94625640119372));
#6518=CARTESIAN_POINT('Ctrl Pts',(-28.0006531184596,2.66022469461334,6.178639675211));
#6519=CARTESIAN_POINT('Ctrl Pts',(-28.0009492840531,2.56329318752641,5.25715480412881));
#6520=CARTESIAN_POINT('Ctrl Pts',(-28.0016093106042,2.48251625217579,4.49056760526002));
#6521=CARTESIAN_POINT('Ctrl Pts',(-28.0018229628296,2.41789532676618,3.87615652756599));
#6522=CARTESIAN_POINT('Ctrl Pts',(-28.0021610040746,2.37750665092931,3.49314514076937));
#6523=CARTESIAN_POINT('Ctrl Pts',(-28.002262034582,2.3451965092861,3.18551106075047));
#6524=CARTESIAN_POINT('Ctrl Pts',(-28.0023970059713,2.32500164139699,2.99466815709419));
#6525=CARTESIAN_POINT('Ctrl Pts',(-28.0024430575197,2.30884747776124,2.83965241870958));
#6526=CARTESIAN_POINT('Ctrl Pts',(-28.0024840658649,2.29672868178557,2.72757419726649));
#6527=CARTESIAN_POINT('Ctrl Pts',(-28.0025421010623,2.28663629861445,2.62549471796165));
#6528=CARTESIAN_POINT('Ctrl Pts',(-28.002550516363,2.27956206905205,2.5665918048823));
#6529=CARTESIAN_POINT('Ctrl Pts',(-28.0025694256723,2.27553240738123,2.5161576360583));
#6530=CARTESIAN_POINT('Ctrl Pts',(-28.0025467064849,2.27349569599779,2.51970915765303));
#6531=CARTESIAN_POINT('Ctrl Pts',(-28.0025943452937,2.272516151516,2.47045780315577));
#6532=CARTESIAN_POINT('Ctrl Pts',(-28.0025943452937,2.272516151516,2.47045780315577));
#6533=CARTESIAN_POINT('Ctrl Pts',(-28.0032310412145,2.25942447286395,1.81221009899848));
#6534=CARTESIAN_POINT('Ctrl Pts',(-27.5596120020345,2.23923697446841,0.818944772746197));
#6535=CARTESIAN_POINT('Ctrl Pts',(-26.5917424944897,2.2258517458894,0.20420426918336));
#6536=CARTESIAN_POINT('Ctrl Pts',(-26.0491307441322,2.22237487098415,0.0448727724683946));
#6537=CARTESIAN_POINT('Ctrl Pts',(-25.7772303229202,2.22151812351761,0.00615187792845959));
#6538=CARTESIAN_POINT('Ctrl Pts',(-25.6358809960296,2.22130022415883,-0.00376862591320274));
#6539=CARTESIAN_POINT('Ctrl Pts',(-25.5612950415652,2.22123834285226,-0.00656820709468881));
#6540=CARTESIAN_POINT('Ctrl Pts',(-25.5127309015566,2.22122791225555,-0.00704596663503027));
#6541=CARTESIAN_POINT('Ctrl Pts',(-24.9361772411723,2.22122804351993,-0.00635673848798962));
#6542=CARTESIAN_POINT('Ctrl Pts',(-24.3044616076583,2.22122585094643,-0.00194684988905433));
#6543=CARTESIAN_POINT('Ctrl Pts',(-23.5035825770493,2.22122587730836,-0.00191215388749186));
#6544=CARTESIAN_POINT('Ctrl Pts',(-22.9737542408244,2.22122574428352,-0.0016314288050074));
#6545=CARTESIAN_POINT('Ctrl Pts',(-22.0439998064237,2.2212255977536,-0.00128258484000723));
#6546=CARTESIAN_POINT('Ctrl Pts',(-20.9834202361097,2.22122523448454,-0.000468481179680108));
#6547=CARTESIAN_POINT('Ctrl Pts',(-19.9209212028964,2.22122519864857,-0.000383470935953406));
#6548=CARTESIAN_POINT('Ctrl Pts',(-18.8586849127178,2.22122514640635,-0.00026596544248124));
#6549=CARTESIAN_POINT('Ctrl Pts',(-17.5307709618866,2.22122508573621,-0.00012718338384181));
#6550=CARTESIAN_POINT('Ctrl Pts',(-15.9371540233112,2.22122505890888,-6.66399212618434E-5));
#6551=CARTESIAN_POINT('Ctrl Pts',(-14.3434686590746,2.2212250426635,-2.95043151271458E-5));
#6552=CARTESIAN_POINT('Ctrl Pts',(-12.7497564744116,2.22122503631341,-1.51582463360655E-5));
#6553=CARTESIAN_POINT('Ctrl Pts',(-11.1560282670294,2.22122503265788,-6.80666547211545E-6));
#6554=CARTESIAN_POINT('Ctrl Pts',(-9.56229493215355,2.22122503091645,-2.86483261362876E-6));
#6555=CARTESIAN_POINT('Ctrl Pts',(-7.96855609394129,2.22122503032428,-1.5119721701513E-6));
#6556=CARTESIAN_POINT('Ctrl Pts',(-6.37481652880607,2.22122503002104,-8.25895276746132E-7));
#6557=CARTESIAN_POINT('Ctrl Pts',(-4.7810763881399,2.22122502981029,-3.44950686456664E-7));
#6558=CARTESIAN_POINT('Ctrl Pts',(-3.18733579227279,2.22122502974148,-1.89210407553101E-7));
#6559=CARTESIAN_POINT('Ctrl Pts',(-1.5935950699696,2.2212250296937,-8.0206216870332E-8));
#6560=CARTESIAN_POINT('Ctrl Pts',(0.000145755099004003,2.22122502967741,
-4.33171736218259E-8));
#6561=CARTESIAN_POINT('Ctrl Pts',(1.59388661050438,2.22122502966658,-1.8620264260823E-8));
#6562=CARTESIAN_POINT('Ctrl Pts',(3.18762748906491,2.22122502966274,-9.90859955050501E-9));
#6563=CARTESIAN_POINT('Ctrl Pts',(4.78136837480842,2.22122502966027,-4.26595691289761E-9));
#6564=CARTESIAN_POINT('Ctrl Pts',(6.37510926582249,2.22122502965935,-2.2022425624197E-9));
#6565=CARTESIAN_POINT('Ctrl Pts',(7.9688501582314,2.22122502965871,-7.2489466867322E-10));
#6566=CARTESIAN_POINT('Ctrl Pts',(9.56259105282136,2.22122502965866,-6.20116053791306E-10));
#6567=CARTESIAN_POINT('Ctrl Pts',(11.156331946911,2.22122502965847,-1.78380695968503E-10));
#6568=CARTESIAN_POINT('Ctrl Pts',(12.7500728416558,2.22122502965845,-1.39399478846421E-10));
#6569=CARTESIAN_POINT('Ctrl Pts',(14.3438137363175,2.22122502965841,-4.26872285500403E-11));
#6570=CARTESIAN_POINT('Ctrl Pts',(15.9375546311184,2.2212250296584,-3.14361182984877E-11));
#6571=CARTESIAN_POINT('Ctrl Pts',(17.5312955259054,2.22122502965839,-1.01508976918672E-11));
#6572=CARTESIAN_POINT('Ctrl Pts',(19.1250364207222,2.22122502965839,-7.07978568569761E-12));
#6573=CARTESIAN_POINT('Ctrl Pts',(20.7187773155368,2.22122502965839,-2.37186299368018E-12));
#6574=CARTESIAN_POINT('Ctrl Pts',(22.3125182103576,2.22122502965839,-1.48797017504741E-12));
#6575=CARTESIAN_POINT('Ctrl Pts',(23.9062591051783,2.22122502965839,-4.24740816239367E-13));
#6576=CARTESIAN_POINT('Ctrl Pts',(24.9687530350592,2.22122502965839,-1.24237922961496E-33));
#6577=CARTESIAN_POINT('Ctrl Pts',(25.5,2.22122502965839,0.));
#6578=CARTESIAN_POINT('Ctrl Pts',(25.5,2.04080788581631,1.57343882199295E-17));
#6579=CARTESIAN_POINT('Ctrl Pts',(25.5,3.2336055752764,2.49307177932509E-17));
#6580=CARTESIAN_POINT('Ctrl Pts',(25.5,4.42640326473648,3.41270473665722E-17));
#6581=CARTESIAN_POINT('Ctrl Pts',(25.5,5.61920095419657,4.33233769398936E-17));
#6582=CARTESIAN_POINT('Ctrl Pts',(17.,2.04080788581631,1.57343882199295E-17));
#6583=CARTESIAN_POINT('Ctrl Pts',(16.9999996286185,3.23360632545771,-1.78276712988536E-7));
#6584=CARTESIAN_POINT('Ctrl Pts',(17.0000003713815,4.42640251455517,1.78276713047594E-7));
#6585=CARTESIAN_POINT('Ctrl Pts',(17.,5.61920095419657,4.33233769398936E-17));
#6586=CARTESIAN_POINT('Ctrl Pts',(0.00106428379215399,2.04090229840601,
0.00101615813123866));
#6587=CARTESIAN_POINT('Ctrl Pts',(0.00106501749827712,3.23369850776072,
0.00101650966767413));
#6588=CARTESIAN_POINT('Ctrl Pts',(0.00107313437496984,4.42647798810454,
0.00102109114467382));
#6589=CARTESIAN_POINT('Ctrl Pts',(0.00107386808109298,5.61927419745926,
0.00102144268110929));
#6590=CARTESIAN_POINT('Ctrl Pts',(-17.0028067139952,2.04055635392486,-0.00270733352907192));
#6591=CARTESIAN_POINT('Ctrl Pts',(-17.0028074963861,3.23335561706298,-0.00270770680937939));
#6592=CARTESIAN_POINT('Ctrl Pts',(-17.0028311000399,4.4262065580104,-0.00272122852844968));
#6593=CARTESIAN_POINT('Ctrl Pts',(-17.0028318824308,5.61900582114853,-0.00272160180875716));
#6594=CARTESIAN_POINT('Ctrl Pts',(-25.8262713293029,2.04088846814156,0.00086704237284493));
#6595=CARTESIAN_POINT('Ctrl Pts',(-25.8262695980748,3.23368271725556,0.000867854091093231));
#6596=CARTESIAN_POINT('Ctrl Pts',(-25.8262639948708,4.42646921912267,0.000870282929745842));
#6597=CARTESIAN_POINT('Ctrl Pts',(-25.8262622636427,5.61926346823667,0.000871094647994143));
#6598=CARTESIAN_POINT('Ctrl Pts',(-26.8124366210169,2.05857122541079,0.19073868000606));
#6599=CARTESIAN_POINT('Ctrl Pts',(-26.8124999776456,3.25004596898562,0.190807548167564));
#6600=CARTESIAN_POINT('Ctrl Pts',(-26.8125576772457,4.4415066285983,0.190879801638078));
#6601=CARTESIAN_POINT('Ctrl Pts',(-26.8126210338743,5.63298137217313,0.190948669799582));
#6602=CARTESIAN_POINT('Ctrl Pts',(-27.8084863085664,2.15087688886608,1.18214778519346));
#6603=CARTESIAN_POINT('Ctrl Pts',(-27.8085708865461,3.3354526545636,1.18272773916849));
#6604=CARTESIAN_POINT('Ctrl Pts',(-27.8086493149024,4.52001436096976,1.18331086151719));
#6605=CARTESIAN_POINT('Ctrl Pts',(-27.8087338928821,5.70459012666728,1.18389081549222));
#6606=CARTESIAN_POINT('Ctrl Pts',(-27.9991266361691,2.24226294537115,2.16328332821731));
#6607=CARTESIAN_POINT('Ctrl Pts',(-27.9991249697345,3.42000650281006,2.16413777541074));
#6608=CARTESIAN_POINT('Ctrl Pts',(-27.9991201128242,4.59774191236872,2.1649944083775));
#6609=CARTESIAN_POINT('Ctrl Pts',(-27.9991184463895,5.77548546980763,2.16584885557092));
#6610=CARTESIAN_POINT('Ctrl Pts',(-28.0016256642539,2.7293731874512,7.3919622225324));
#6611=CARTESIAN_POINT('Ctrl Pts',(-28.0016266363045,3.87069786112104,7.3936871914132));
#6612=CARTESIAN_POINT('Ctrl Pts',(-28.0016393674504,5.0120504773445,7.39540582632802));
#6613=CARTESIAN_POINT('Ctrl Pts',(-28.0016403395011,6.15337515101435,7.39713079520881));
#6614=CARTESIAN_POINT('Ctrl Pts',(-27.99960433627,3.64565628207132,17.2249410182036));
#6615=CARTESIAN_POINT('Ctrl Pts',(-27.9996035236338,4.71850901305968,17.2268497970596));
#6616=CARTESIAN_POINT('Ctrl Pts',(-27.9996014373803,5.79135519792559,17.2287583043324));
#6617=CARTESIAN_POINT('Ctrl Pts',(-27.999600624744,6.86420792891395,17.2306670831883));
#6618=CARTESIAN_POINT('Ctrl Pts',(-28.0006823864607,5.02276510537,31.9994681153079));
#6619=CARTESIAN_POINT('Ctrl Pts',(-28.0006832825423,5.99268702998281,31.999467172822));
#6620=CARTESIAN_POINT('Ctrl Pts',(-28.0006875623374,6.9626175015021,31.9994645835653));
#6621=CARTESIAN_POINT('Ctrl Pts',(-28.000688458419,7.93253942611491,31.9994636410794));
#6622=CARTESIAN_POINT('Ctrl Pts',(-28.0004314399502,6.17048012454344,44.3129112545237));
#6623=CARTESIAN_POINT('Ctrl Pts',(-28.0004302321885,7.05462314319296,44.3113226031134));
#6624=CARTESIAN_POINT('Ctrl Pts',(-28.0004360910939,7.93876911007909,44.3097252477088));
#6625=CARTESIAN_POINT('Ctrl Pts',(-28.0004348833322,8.82291212872861,44.3081365962985));
#6626=CARTESIAN_POINT('Ctrl Pts',(-28.0011299188908,7.0870593477132,54.1484361066749));
#6627=CARTESIAN_POINT('Ctrl Pts',(-28.0011316177547,7.90269692887248,54.1466628486542));
#6628=CARTESIAN_POINT('Ctrl Pts',(-28.0011377686938,8.71833705564816,54.1448845499554));
#6629=CARTESIAN_POINT('Ctrl Pts',(-28.0011394675577,9.53397463680744,54.1431112919346));
#6630=CARTESIAN_POINT('Ctrl Pts',(-28.0009140732221,7.54459783029588,59.0590738622892));
#6631=CARTESIAN_POINT('Ctrl Pts',(-28.0009108147432,8.32603660776369,59.0577609431523));
#6632=CARTESIAN_POINT('Ctrl Pts',(-28.0009246958283,9.10748440360482,59.0564275931307));
#6633=CARTESIAN_POINT('Ctrl Pts',(-28.0009214373494,9.88892318107263,59.0551146739938));
#6634=CARTESIAN_POINT('Ctrl Pts',(-28.002503623087,7.83374217305014,62.1627675072968));
#6635=CARTESIAN_POINT('Ctrl Pts',(-28.0025088400794,8.59357198092177,62.1619627458621));
#6636=CARTESIAN_POINT('Ctrl Pts',(-28.002519767581,9.35340535448795,62.1611511713013));
#6637=CARTESIAN_POINT('Ctrl Pts',(-28.0025249845734,10.1132351623596,62.1603464098665));
#6638=CARTESIAN_POINT('Ctrl Pts',(-27.4564749102884,7.95442099212284,63.4586925879196));
#6639=CARTESIAN_POINT('Ctrl Pts',(-27.4566140907068,8.70521126966759,63.4584245061033));
#6640=CARTESIAN_POINT('Ctrl Pts',(-27.4567353344942,9.45606492506085,63.4581476725522));
#6641=CARTESIAN_POINT('Ctrl Pts',(-27.4568745149126,10.2068552026056,63.4578795907359));
#6642=CARTESIAN_POINT('Ctrl Pts',(-26.1541027858515,8.00504512075801,64.0024222127696));
#6643=CARTESIAN_POINT('Ctrl Pts',(-26.1541006184732,8.75207631143486,64.0024301053164));
#6644=CARTESIAN_POINT('Ctrl Pts',(-26.1540971575914,9.4990971254433,64.0024440356507));
#6645=CARTESIAN_POINT('Ctrl Pts',(-26.1540949902131,10.2461283161202,64.0024519281976));
#6646=CARTESIAN_POINT('Ctrl Pts',(-23.3748320916603,8.00491513537066,64.0010172980956));
#6647=CARTESIAN_POINT('Ctrl Pts',(-23.3748335121865,8.75196682945672,64.0010129237298));
#6648=CARTESIAN_POINT('Ctrl Pts',(-23.374827309001,9.49897578215773,64.0010337876614));
#6649=CARTESIAN_POINT('Ctrl Pts',(-23.3748287295273,10.2460274762438,64.0010294132956));
#6650=CARTESIAN_POINT('Ctrl Pts',(-19.1248196494153,8.00493000971451,64.0011781634456));
#6651=CARTESIAN_POINT('Ctrl Pts',(-19.1248189861459,8.75197229390045,64.0011795018983));
#6652=CARTESIAN_POINT('Ctrl Pts',(-19.1248167113963,9.49899673125487,64.0011911290367));
#6653=CARTESIAN_POINT('Ctrl Pts',(-19.1248160481269,10.2460390154408,64.0011924674894));
#6654=CARTESIAN_POINT('Ctrl Pts',(-6.3749585233872,8.00486932965827,64.0005224076912));
#6655=CARTESIAN_POINT('Ctrl Pts',(-6.37495937781412,8.75191489590232,64.0005217513987));
#6656=CARTESIAN_POINT('Ctrl Pts',(-6.37495678549883,9.49894637491022,64.0005293088095));
#6657=CARTESIAN_POINT('Ctrl Pts',(-6.37495763992576,10.2459919411543,64.000528652517));
#6658=CARTESIAN_POINT('Ctrl Pts',(6.37492136772556,8.00487025180025,64.0005323004627));
#6659=CARTESIAN_POINT('Ctrl Pts',(6.37492222176918,8.7519158184181,64.0005316366099));
#6660=CARTESIAN_POINT('Ctrl Pts',(6.3749193420004,9.49894708991441,64.0005392042996));
#6661=CARTESIAN_POINT('Ctrl Pts',(6.37492019604403,10.2459926565323,64.0005385404468));
#6662=CARTESIAN_POINT('Ctrl Pts',(19.1247599102317,8.00493169378787,64.0011962312896));
#6663=CARTESIAN_POINT('Ctrl Pts',(19.1247592477406,8.75197397768367,64.0011975756105));
#6664=CARTESIAN_POINT('Ctrl Pts',(19.1247565080614,9.498998038013,64.0012091840043));
#6665=CARTESIAN_POINT('Ctrl Pts',(19.1247558455703,10.2460403219088,64.0012105283252));
#6666=CARTESIAN_POINT('Ctrl Pts',(23.3747506443567,8.00491763098628,64.0010440716271));
#6667=CARTESIAN_POINT('Ctrl Pts',(23.3747520623575,8.75196932569503,64.0010396846671));
#6668=CARTESIAN_POINT('Ctrl Pts',(23.3747452324173,9.49897771758011,64.0010605615249));
#6669=CARTESIAN_POINT('Ctrl Pts',(23.3747466504181,10.2460294122889,64.0010561745649));
#6670=CARTESIAN_POINT('Ctrl Pts',(26.1540145736307,8.00504786551172,64.0024516612992));
#6671=CARTESIAN_POINT('Ctrl Pts',(26.1540124106185,8.75207905522224,64.0024595733888));
#6672=CARTESIAN_POINT('Ctrl Pts',(26.1540082568374,9.49909925573068,64.0024734549879));
#6673=CARTESIAN_POINT('Ctrl Pts',(26.1540060938252,10.2461304454412,64.0024813670775));
#6674=CARTESIAN_POINT('Ctrl Pts',(27.4563830169942,7.95442378276887,63.4587225180847));
#6675=CARTESIAN_POINT('Ctrl Pts',(27.4565221807022,8.70521406396588,63.4584543624939));
#6676=CARTESIAN_POINT('Ctrl Pts',(27.45664274462,9.45606708633192,63.4581776478414));
#6677=CARTESIAN_POINT('Ctrl Pts',(27.4567819083279,10.2068573675289,63.4579094922506));
#6678=CARTESIAN_POINT('Ctrl Pts',(28.0024145614086,7.83374502081467,62.1627980713194));
#6679=CARTESIAN_POINT('Ctrl Pts',(28.0024197976675,8.59357482447456,62.1619933947534));
#6680=CARTESIAN_POINT('Ctrl Pts',(28.0024299964298,9.35340756793431,62.1611816584815));
#6681=CARTESIAN_POINT('Ctrl Pts',(28.0024352326887,10.1132373715942,62.1603769819155));
#6682=CARTESIAN_POINT('Ctrl Pts',(28.0007558258805,7.54460153035427,59.0591133730409));
#6683=CARTESIAN_POINT('Ctrl Pts',(28.0007524766811,8.32604032846032,59.057800049748));
#6684=CARTESIAN_POINT('Ctrl Pts',(28.0007653018611,9.10748725339253,59.0564671666758));
#6685=CARTESIAN_POINT('Ctrl Pts',(28.0007619526617,9.88892605149858,59.0551538433828));
#6686=CARTESIAN_POINT('Ctrl Pts',(28.001580210231,7.08706551993731,54.1485052744187));
#6687=CARTESIAN_POINT('Ctrl Pts',(28.0015820530813,7.9027030583612,54.1467327163767));
#6688=CARTESIAN_POINT('Ctrl Pts',(28.0015915658179,8.71834188666267,54.1449581612463));
#6689=CARTESIAN_POINT('Ctrl Pts',(28.0015934086682,9.53397942508655,54.1431856032043));
#6690=CARTESIAN_POINT('Ctrl Pts',(27.9984814448607,6.17049571514064,44.3130718937428));
#6691=CARTESIAN_POINT('Ctrl Pts',(27.9984800661036,7.05463883546848,44.3114821151212));
#6692=CARTESIAN_POINT('Ctrl Pts',(27.9984707877943,7.93878110325177,44.3098753294577));
#6693=CARTESIAN_POINT('Ctrl Pts',(27.9984694090372,8.82292422357961,44.308285550836));
#6694=CARTESIAN_POINT('Ctrl Pts',(28.0065603242553,4.56372363604289,27.0745964042536));
#6695=CARTESIAN_POINT('Ctrl Pts',(28.0065631382091,5.56795709878207,27.0752332251005));
#6696=CARTESIAN_POINT('Ctrl Pts',(28.0066109898367,6.57219143422119,27.0759115813215));
#6697=CARTESIAN_POINT('Ctrl Pts',(28.0066138037905,7.57642489696037,27.0765484021684));
#6698=CARTESIAN_POINT('Ctrl Pts',(27.9830613151108,3.18675921496033,12.3015296484056));
#6699=CARTESIAN_POINT('Ctrl Pts',(27.9830575955784,4.29392192988495,12.3040715551199));
#6700=CARTESIAN_POINT('Ctrl Pts',(27.9829305565524,5.40104270897778,12.3065137980663));
#6701=CARTESIAN_POINT('Ctrl Pts',(27.98292683702,6.5082054239024,12.3090557047806));
#6702=CARTESIAN_POINT('Ctrl Pts',(28.0030478530906,2.21207248239091,1.83924126172056));
#6703=CARTESIAN_POINT('Ctrl Pts',(28.0030521338718,3.39208929348096,1.84004322730252));
#6704=CARTESIAN_POINT('Ctrl Pts',(28.0030732143309,4.57204754488022,1.84088678343862));
#6705=CARTESIAN_POINT('Ctrl Pts',(28.0030774951122,5.75206435597028,1.84168874902058));
#6706=CARTESIAN_POINT('Ctrl Pts',(27.4574738625595,2.09129801344522,0.542285587595941));
#6707=CARTESIAN_POINT('Ctrl Pts',(27.457615632106,3.2803323841046,0.542563731599885));
#6708=CARTESIAN_POINT('Ctrl Pts',(27.4577408516337,4.46933574194433,0.542839515552771));
#6709=CARTESIAN_POINT('Ctrl Pts',(27.4578826211802,5.65837011260371,0.543117659556715));
#6710=CARTESIAN_POINT('Ctrl Pts',(26.1544984694979,2.04080788581631,1.96130109274623E-15));
#6711=CARTESIAN_POINT('Ctrl Pts',(26.1544931891902,3.23363890537148,-1.95704156476848E-5));
#6712=CARTESIAN_POINT('Ctrl Pts',(26.1545037498056,4.42636993464139,1.95704156516302E-5));
#6713=CARTESIAN_POINT('Ctrl Pts',(26.1544984694979,5.61920095419657,1.98405817156935E-15));
#6714=CARTESIAN_POINT('Ctrl Pts',(25.5,2.04080788581631,2.83849511444261E-15));
#6715=CARTESIAN_POINT('Ctrl Pts',(25.5,3.2336055752764,2.87528043273589E-15));
#6716=CARTESIAN_POINT('Ctrl Pts',(25.5,4.42640326473648,2.91206575102918E-15));
#6717=CARTESIAN_POINT('Ctrl Pts',(25.5,5.61920095419657,2.94885106932247E-15));
#6718=CARTESIAN_POINT('',(25.5,0.,0.));
#6719=CARTESIAN_POINT('Origin',(2.31818181818182,3.05757775318332,29.0909090909091));
#6720=UNCERTAINTY_MEASURE_WITH_UNIT(LENGTH_MEASURE(0.01),#6724,
'DISTANCE_ACCURACY_VALUE',
'Maximum model space distance between geometric entities at asserted c
onnectivities');
#6721=UNCERTAINTY_MEASURE_WITH_UNIT(LENGTH_MEASURE(0.01),#6724,
'DISTANCE_ACCURACY_VALUE',
'Maximum model space distance between geometric entities at asserted c
onnectivities');
#6722=(
GEOMETRIC_REPRESENTATION_CONTEXT(3)
GLOBAL_UNCERTAINTY_ASSIGNED_CONTEXT((#6720))
GLOBAL_UNIT_ASSIGNED_CONTEXT((#6724,#6726,#6727))
REPRESENTATION_CONTEXT('','3D')
);
#6723=(
GEOMETRIC_REPRESENTATION_CONTEXT(3)
GLOBAL_UNCERTAINTY_ASSIGNED_CONTEXT((#6721))
GLOBAL_UNIT_ASSIGNED_CONTEXT((#6724,#6726,#6727))
REPRESENTATION_CONTEXT('','3D')
);
#6724=(
LENGTH_UNIT()
NAMED_UNIT(*)
SI_UNIT(.MILLI.,.METRE.)
);
#6725=(
LENGTH_UNIT()
NAMED_UNIT(*)
SI_UNIT($,.METRE.)
);
#6726=(
NAMED_UNIT(*)
PLANE_ANGLE_UNIT()
SI_UNIT($,.RADIAN.)
);
#6727=(
NAMED_UNIT(*)
SI_UNIT($,.STERADIAN.)
SOLID_ANGLE_UNIT()
);
#6728=SHAPE_DEFINITION_REPRESENTATION(#6729,#6730);
#6729=PRODUCT_DEFINITION_SHAPE('',$,#6732);
#6730=SHAPE_REPRESENTATION('',(#776),#6722);
#6731=PRODUCT_DEFINITION_CONTEXT('part definition',#6736,'design');
#6732=PRODUCT_DEFINITION('2026-09-07-14-26-13-556','FacePlate',#6733,#6731);
#6733=PRODUCT_DEFINITION_FORMATION('',$,#6738);
#6734=PRODUCT_RELATED_PRODUCT_CATEGORY('FacePlate','FacePlate',(#6738));
#6735=APPLICATION_PROTOCOL_DEFINITION('international standard',
'automotive_design',2009,#6736);
#6736=APPLICATION_CONTEXT(
'Core Data for Automotive Mechanical Design Process');
#6737=PRODUCT_CONTEXT('part definition',#6736,'mechanical');
#6738=PRODUCT('2026-09-07-14-26-13-556','FacePlate',$,(#6737));
#6739=PRESENTATION_STYLE_ASSIGNMENT((#6741));
#6740=PRESENTATION_STYLE_ASSIGNMENT((#6742));
#6741=SURFACE_STYLE_USAGE(.BOTH.,#6743);
#6742=SURFACE_STYLE_USAGE(.BOTH.,#6744);
#6743=SURFACE_SIDE_STYLE('',(#6745));
#6744=SURFACE_SIDE_STYLE('',(#6746));
#6745=SURFACE_STYLE_FILL_AREA(#6747);
#6746=SURFACE_STYLE_FILL_AREA(#6748);
#6747=FILL_AREA_STYLE('Steel - Satin',(#6749));
#6748=FILL_AREA_STYLE('MiniMac Platinum',(#6750));
#6749=FILL_AREA_STYLE_COLOUR('Steel - Satin',#6751);
#6750=FILL_AREA_STYLE_COLOUR('MiniMac Platinum',#6752);
#6751=COLOUR_RGB('Steel - Satin',0.627450980392157,0.627450980392157,0.627450980392157);
#6752=COLOUR_RGB('MiniMac Platinum',0.870588235294118,0.847058823529412,
0.784313725490196);
ENDSEC;
END-ISO-10303-21;
