ISO-10303-21;
HEADER;
/* Generated by software containing ST-Developer
 * from STEP Tools, Inc. (www.steptools.com) 
 */

FILE_DESCRIPTION(
/* description */ (''),
/* implementation_level */ '2;1');

FILE_NAME(
/* name */ 'MiniMac_Body.step',
/* time_stamp */ '2026-09-07T14:26:16-07:00',
/* author */ (''),
/* organization */ (''),
/* preprocessor_version */ 'ST-DEVELOPER v20.1',
/* originating_system */ 'Autodesk Translation Framework v15.8.0.0',
/* authorisation */ '');

FILE_SCHEMA (('AUTOMOTIVE_DESIGN { 1 0 10303 214 3 1 1 }'));
ENDSEC;

DATA;
#10=MECHANICAL_DESIGN_GEOMETRIC_PRESENTATION_REPRESENTATION('',(#13),#8116);
#11=SHAPE_REPRESENTATION_RELATIONSHIP('SRR','None',#8123,#12);
#12=ADVANCED_BREP_SHAPE_REPRESENTATION('',(#14),#8115);
#13=STYLED_ITEM('',(#8133),#14);
#14=MANIFOLD_SOLID_BREP('Body',#4399);
#15=(
BOUNDED_SURFACE()
B_SPLINE_SURFACE(2,2,((#7710,#7711,#7712),(#7713,#7714,#7715),(#7716,#7717,
#7718)),.UNSPECIFIED.,.F.,.F.,.F.)
B_SPLINE_SURFACE_WITH_KNOTS((3,3),(3,3),(0.,1.5707963267949),(1.5707963267949,
3.1415926535898),.UNSPECIFIED.)
GEOMETRIC_REPRESENTATION_ITEM()
RATIONAL_B_SPLINE_SURFACE(((1.,0.707106781186546,1.),(0.707106781186539,
0.499999999999993,0.707106781186539),(1.,0.707106781186546,1.)))
REPRESENTATION_ITEM('')
SURFACE()
);
#16=(
BOUNDED_SURFACE()
B_SPLINE_SURFACE(2,2,((#7738,#7739,#7740),(#7741,#7742,#7743),(#7744,#7745,
#7746)),.UNSPECIFIED.,.F.,.F.,.F.)
B_SPLINE_SURFACE_WITH_KNOTS((3,3),(3,3),(0.,1.5707963267949),(-3.14159265358979,
-1.5707963267949),.UNSPECIFIED.)
GEOMETRIC_REPRESENTATION_ITEM()
RATIONAL_B_SPLINE_SURFACE(((1.,0.707106781186547,1.),(0.707106781186538,
0.499999999999993,0.707106781186538),(1.,0.707106781186547,1.)))
REPRESENTATION_ITEM('')
SURFACE()
);
#17=SPHERICAL_SURFACE('',#4745,1.5);
#18=SPHERICAL_SURFACE('',#4754,1.49999999999999);
#19=FACE_BOUND('',#758,.T.);
#20=FACE_BOUND('',#760,.T.);
#21=FACE_BOUND('',#788,.T.);
#22=FACE_BOUND('',#789,.T.);
#23=FACE_BOUND('',#790,.T.);
#24=FACE_BOUND('',#791,.T.);
#25=FACE_BOUND('',#792,.T.);
#26=FACE_BOUND('',#793,.T.);
#27=FACE_BOUND('',#794,.T.);
#28=FACE_BOUND('',#805,.T.);
#29=FACE_BOUND('',#806,.T.);
#30=FACE_BOUND('',#807,.T.);
#31=FACE_BOUND('',#808,.T.);
#32=FACE_BOUND('',#809,.T.);
#33=FACE_BOUND('',#810,.T.);
#34=FACE_BOUND('',#829,.T.);
#35=FACE_BOUND('',#830,.T.);
#36=FACE_BOUND('',#831,.T.);
#37=FACE_BOUND('',#832,.T.);
#38=FACE_BOUND('',#838,.T.);
#39=FACE_BOUND('',#839,.T.);
#40=FACE_BOUND('',#840,.T.);
#41=FACE_BOUND('',#841,.T.);
#42=FACE_BOUND('',#842,.T.);
#43=FACE_BOUND('',#843,.T.);
#44=FACE_BOUND('',#844,.T.);
#45=FACE_BOUND('',#845,.T.);
#46=FACE_BOUND('',#846,.T.);
#47=FACE_BOUND('',#847,.T.);
#48=FACE_BOUND('',#852,.T.);
#49=FACE_BOUND('',#853,.T.);
#50=FACE_BOUND('',#854,.T.);
#51=FACE_BOUND('',#855,.T.);
#52=B_SPLINE_CURVE_WITH_KNOTS('',3,(#6881,#6882,#6883,#6884),
 .UNSPECIFIED.,.F.,.F.,(4,4),(-0.785398163397448,-0.50715134066265),
 .UNSPECIFIED.);
#53=B_SPLINE_CURVE_WITH_KNOTS('',3,(#6885,#6886,#6887,#6888),
 .UNSPECIFIED.,.F.,.F.,(4,4),(0.50715134066265,0.785398163397448),
 .UNSPECIFIED.);
#54=B_SPLINE_CURVE_WITH_KNOTS('',3,(#6908,#6909,#6910,#6911),
 .UNSPECIFIED.,.F.,.F.,(4,4),(-0.785398163397448,-0.50715134066265),
 .UNSPECIFIED.);
#55=B_SPLINE_CURVE_WITH_KNOTS('',3,(#6912,#6913,#6914,#6915),
 .UNSPECIFIED.,.F.,.F.,(4,4),(0.50715134066265,0.785398163397448),
 .UNSPECIFIED.);
#56=B_SPLINE_CURVE_WITH_KNOTS('',3,(#6932,#6933,#6934,#6935),
 .UNSPECIFIED.,.F.,.F.,(4,4),(-0.6,0.6),.UNSPECIFIED.);
#57=B_SPLINE_CURVE_WITH_KNOTS('',3,(#6936,#6937,#6938,#6939),
 .UNSPECIFIED.,.F.,.F.,(4,4),(-0.6,0.6),.UNSPECIFIED.);
#58=B_SPLINE_CURVE_WITH_KNOTS('',3,(#6973,#6974,#6975,#6976,#6977,#6978,
#6979,#6980,#6981,#6982,#6983,#6984,#6985,#6986,#6987,#6988,#6989,#6990,
#6991,#6992,#6993,#6994,#6995,#6996,#6997,#6998,#6999,#7000,#7001,#7002,
#7003,#7004,#7005,#7006,#7007,#7008,#7009,#7010,#7011,#7012,#7013,#7014,
#7015,#7016,#7017,#7018,#7019,#7020,#7021,#7022,#7023,#7024,#7025,#7026,
#7027,#7028,#7029,#7030,#7031,#7032,#7033,#7034,#7035,#7036),
 .UNSPECIFIED.,.F.,.F.,(4,3,3,3,3,3,3,3,3,3,3,3,3,3,3,3,3,3,3,3,3,4),(0.,
0.0385939082808667,0.0787782453019568,0.121039192054659,0.166225415524843,
0.216295843911196,0.28312412553225,0.34200738739679,0.390402589873735,0.434523667627602,
0.47673548007626,0.527674022732868,0.570773464688444,0.617101705600791,
0.669691894451753,0.752268920838815,0.806305198270539,0.854728898702904,
0.897064167833449,0.937652823840868,0.976234985659158,1.),.UNSPECIFIED.);
#59=B_SPLINE_CURVE_WITH_KNOTS('',3,(#7038,#7039,#7040,#7041,#7042,#7043,
#7044,#7045),.UNSPECIFIED.,.F.,.F.,(4,1,1,1,1,4),(2.94209101525666E-15,
0.276792353355727,0.55358470671145,0.830377060067174,1.38396176677862,1.93754647349007),
 .UNSPECIFIED.);
#60=B_SPLINE_CURVE_WITH_KNOTS('',3,(#7049,#7050,#7051,#7052,#7053,#7054,
#7055,#7056),.UNSPECIFIED.,.F.,.F.,(4,1,1,1,1,4),(1.20404618009973,1.75763088681118,
2.31121559352262,2.58800794687835,2.86480030023407,3.1415926535898),
 .UNSPECIFIED.);
#61=B_SPLINE_CURVE_WITH_KNOTS('',3,(#7058,#7059,#7060,#7061,#7062,#7063,
#7064,#7065,#7066,#7067,#7068,#7069,#7070,#7071,#7072,#7073,#7074,#7075,
#7076,#7077,#7078,#7079,#7080,#7081,#7082,#7083,#7084,#7085,#7086,#7087,
#7088,#7089,#7090,#7091,#7092,#7093,#7094,#7095,#7096,#7097,#7098,#7099,
#7100,#7101,#7102,#7103,#7104,#7105,#7106,#7107,#7108,#7109,#7110,#7111,
#7112,#7113,#7114,#7115,#7116,#7117,#7118,#7119,#7120,#7121),
 .UNSPECIFIED.,.F.,.F.,(4,3,3,3,3,3,3,3,3,3,3,3,3,3,3,3,3,3,3,3,3,4),(0.,
0.0385851017432077,0.0787596773783931,0.12100939377492,0.166181809702656,
0.216230378143889,0.28295006510303,0.341879405081961,0.390281859287678,
0.434404281989038,0.476668964664856,0.527710163069271,0.570819029618142,
0.617158526759788,0.669770213186581,0.752327659889935,0.806369919922925,
0.854777439942194,0.897120654011825,0.937716720155463,0.976306458249266,
1.),.UNSPECIFIED.);
#62=B_SPLINE_CURVE_WITH_KNOTS('',3,(#7287,#7288,#7289,#7290,#7291,#7292,
#7293,#7294,#7295,#7296,#7297,#7298,#7299,#7300,#7301,#7302,#7303,#7304,
#7305,#7306,#7307,#7308,#7309,#7310,#7311,#7312,#7313,#7314,#7315,#7316,
#7317,#7318,#7319,#7320,#7321,#7322,#7323,#7324,#7325,#7326,#7327,#7328,
#7329,#7330,#7331,#7332,#7333,#7334,#7335,#7336,#7337,#7338,#7339,#7340,
#7341,#7342,#7343,#7344,#7345,#7346,#7347,#7348,#7349,#7350,#7351,#7352,
#7353,#7354,#7355,#7356,#7357,#7358,#7359),.UNSPECIFIED.,.T.,.F.,(4,2,2,
2,2,2,2,2,2,2,2,2,2,2,2,2,2,2,2,2,2,2,2,2,2,2,2,2,3,2,2,2,2,2,2,4),(-24.188114117701,
-24.1636871923433,-24.1392365915525,-24.0903199181127,-23.9912974907474,
-23.5508535995472,-20.1597111101898,-20.1220686676868,-20.0477942796733,
-19.9748539790138,-19.9034937552096,-19.8024342118699,-18.8586343214816,
-11.8205255965741,-11.5635912558352,-11.1393054480128,-10.7302303031534,
-10.328386988345,-9.79954679687906,-9.67486041321935,-9.37925459990362,
-3.52281828510567,-3.40204984026045,-3.27965841671105,-3.1608715802842,
-3.04343954545215,-2.89029897556982,-2.38079711702614,0.,2.95622316215294,
3.05268489130319,3.1469386470498,3.23878975160014,3.32862341677392,3.41681879347118,
3.41707146783649),.UNSPECIFIED.);
#63=B_SPLINE_CURVE_WITH_KNOTS('',3,(#7394,#7395,#7396,#7397,#7398,#7399,
#7400,#7401,#7402,#7403,#7404,#7405,#7406,#7407,#7408,#7409,#7410,#7411,
#7412,#7413,#7414,#7415,#7416,#7417,#7418,#7419,#7420,#7421,#7422,#7423,
#7424,#7425,#7426,#7427,#7428,#7429,#7430,#7431,#7432,#7433,#7434,#7435,
#7436,#7437,#7438,#7439,#7440,#7441,#7442,#7443,#7444,#7445,#7446,#7447,
#7448,#7449,#7450,#7451,#7452,#7453,#7454,#7455,#7456,#7457),
 .UNSPECIFIED.,.F.,.F.,(4,3,3,3,3,3,3,3,3,3,3,3,3,3,3,3,3,3,3,3,3,4),(0.,
0.0385851017431933,0.078759677378179,0.121009393774909,0.166181809702254,
0.216230378142509,0.282950065099589,0.341879405078652,0.390281859284671,
0.434404281986263,0.476668964662748,0.527710163069909,0.570819029618859,
0.617158526760655,0.669770213189257,0.752327659891943,0.806369919926377,
0.854777439944783,0.897120654014558,0.937716720157781,0.976306458251847,
1.),.UNSPECIFIED.);
#64=B_SPLINE_CURVE_WITH_KNOTS('',3,(#7458,#7459,#7460,#7461),
 .UNSPECIFIED.,.F.,.F.,(4,4),(-1.,0.),.UNSPECIFIED.);
#65=B_SPLINE_CURVE_WITH_KNOTS('',3,(#7496,#7497,#7498,#7499),
 .UNSPECIFIED.,.F.,.F.,(4,4),(0.,1.),.UNSPECIFIED.);
#66=B_SPLINE_CURVE_WITH_KNOTS('',3,(#7501,#7502,#7503,#7504,#7505,#7506,
#7507,#7508,#7509,#7510,#7511,#7512,#7513,#7514,#7515,#7516,#7517,#7518,
#7519,#7520,#7521,#7522,#7523,#7524,#7525,#7526,#7527,#7528,#7529,#7530,
#7531,#7532,#7533,#7534,#7535,#7536,#7537,#7538,#7539,#7540,#7541,#7542,
#7543,#7544,#7545,#7546,#7547,#7548,#7549,#7550,#7551,#7552,#7553,#7554,
#7555,#7556,#7557,#7558,#7559,#7560,#7561,#7562,#7563,#7564),
 .UNSPECIFIED.,.F.,.F.,(4,3,3,3,3,3,3,3,3,3,3,3,3,3,3,3,3,3,3,3,3,4),(0.,
0.0385939082810624,0.07877824530216,0.12103919205405,0.166225415523506,
0.216295843909563,0.283124125530944,0.342007387396638,0.390402589873296,
0.434523667627281,0.476735480076005,0.527674022732162,0.57077346468737,
0.61710170559933,0.669691894449877,0.752268920837408,0.806305198269506,
0.85472889870213,0.897064167832777,0.937652823840506,0.976234985658812,
1.),.UNSPECIFIED.);
#67=B_SPLINE_CURVE_WITH_KNOTS('',3,(#7600,#7601,#7602,#7603,#7604,#7605,
#7606,#7607),.UNSPECIFIED.,.F.,.F.,(4,1,1,1,1,4),(-3.1415926535898,-2.86480030023407,
-2.58800794687835,-2.31121559352262,-1.75763088681118,-1.20404618009973),
 .UNSPECIFIED.);
#68=B_SPLINE_CURVE_WITH_KNOTS('',3,(#7669,#7670,#7671,#7672,#7673,#7674,
#7675,#7676),.UNSPECIFIED.,.F.,.F.,(4,1,1,1,1,4),(-1.93754647349007,-1.38396176677862,
-0.830377060067174,-0.55358470671145,-0.276792353355727,-2.94209101525666E-15),
 .UNSPECIFIED.);
#69=B_SPLINE_CURVE_WITH_KNOTS('',3,(#7838,#7839,#7840,#7841),
 .UNSPECIFIED.,.F.,.F.,(4,4),(-0.951917336621105,0.),.UNSPECIFIED.);
#70=B_SPLINE_CURVE_WITH_KNOTS('',3,(#7876,#7877,#7878,#7879),
 .UNSPECIFIED.,.F.,.F.,(4,4),(-1.0019173366211,-0.0499999999999984),
 .UNSPECIFIED.);
#71=B_SPLINE_CURVE_WITH_KNOTS('',3,(#7883,#7884,#7885,#7886,#7887,#7888,
#7889,#7890,#7891,#7892,#7893,#7894,#7895,#7896,#7897,#7898,#7899,#7900,
#7901,#7902,#7903,#7904,#7905,#7906,#7907),.UNSPECIFIED.,.F.,.F.,(4,3,3,
3,3,3,3,3,4),(-0.520898694872887,-0.517059302250495,-0.509397942858778,
-0.494666746367837,-0.42782763873428,-0.364125534061991,-0.286383057466515,
-0.20697538027534,-0.205950802033894),.UNSPECIFIED.);
#72=B_SPLINE_CURVE_WITH_KNOTS('',3,(#7911,#7912,#7913,#7914),
 .UNSPECIFIED.,.F.,.F.,(4,4),(-4.65,-0.049999999999998),.UNSPECIFIED.);
#73=B_SPLINE_CURVE_WITH_KNOTS('',3,(#7917,#7918,#7919,#7920,#7921,#7922,
#7923,#7924,#7925,#7926,#7927,#7928,#7929,#7930,#7931,#7932,#7933,#7934,
#7935,#7936,#7937,#7938,#7939,#7940,#7941),.UNSPECIFIED.,.F.,.F.,(4,3,3,
3,3,3,3,3,4),(-0.557235191629973,-0.49765741898818,-0.427307739937293,-0.362869679777166,
-0.306673182894338,-0.263469015253979,-0.25167407948924,-0.244659860369431,
-0.242427115998502),.UNSPECIFIED.);
#74=B_SPLINE_SURFACE_WITH_KNOTS('',3,3,((#6862,#6863,#6864,#6865),(#6866,
#6867,#6868,#6869),(#6870,#6871,#6872,#6873),(#6874,#6875,#6876,#6877)),
 .UNSPECIFIED.,.F.,.F.,.F.,(4,4),(4,4),(0.,1.),(0.50715134066265,0.785398163397448),
 .UNSPECIFIED.);
#75=B_SPLINE_SURFACE_WITH_KNOTS('',3,3,((#6889,#6890,#6891,#6892),(#6893,
#6894,#6895,#6896),(#6897,#6898,#6899,#6900),(#6901,#6902,#6903,#6904)),
 .UNSPECIFIED.,.F.,.F.,.F.,(4,4),(4,4),(0.,1.),(-0.785398163397448,-0.50715134066265),
 .UNSPECIFIED.);
#76=B_SPLINE_SURFACE_WITH_KNOTS('',3,3,((#6916,#6917,#6918,#6919),(#6920,
#6921,#6922,#6923),(#6924,#6925,#6926,#6927),(#6928,#6929,#6930,#6931)),
 .UNSPECIFIED.,.F.,.F.,.F.,(4,4),(4,4),(0.,1.),(-0.6,0.6),.UNSPECIFIED.);
#77=B_SPLINE_SURFACE_WITH_KNOTS('',3,3,((#7360,#7361,#7362,#7363,#7364,
#7365,#7366,#7367),(#7368,#7369,#7370,#7371,#7372,#7373,#7374,#7375),(#7376,
#7377,#7378,#7379,#7380,#7381,#7382,#7383),(#7384,#7385,#7386,#7387,#7388,
#7389,#7390,#7391)),.UNSPECIFIED.,.F.,.F.,.F.,(4,4),(4,1,1,1,1,4),(0.,1.),
(0.,0.142857142857143,0.428571428571429,0.571428571428571,0.857142857142857,
1.),.UNSPECIFIED.);
#78=B_SPLINE_SURFACE_WITH_KNOTS('',3,3,((#7463,#7464,#7465,#7466,#7467,
#7468,#7469,#7470),(#7471,#7472,#7473,#7474,#7475,#7476,#7477,#7478),(#7479,
#7480,#7481,#7482,#7483,#7484,#7485,#7486),(#7487,#7488,#7489,#7490,#7491,
#7492,#7493,#7494)),.UNSPECIFIED.,.F.,.F.,.F.,(4,4),(4,1,1,1,1,4),(0.,1.),
(0.,0.142857142857143,0.428571428571429,0.571428571428571,0.857142857142857,
1.),.UNSPECIFIED.);
#79=B_SPLINE_SURFACE_WITH_KNOTS('',3,3,((#7566,#7567,#7568,#7569,#7570,
#7571,#7572,#7573),(#7574,#7575,#7576,#7577,#7578,#7579,#7580,#7581),(#7582,
#7583,#7584,#7585,#7586,#7587,#7588,#7589),(#7590,#7591,#7592,#7593,#7594,
#7595,#7596,#7597)),.UNSPECIFIED.,.F.,.F.,.F.,(4,4),(4,1,1,1,1,4),(0.,1.),
(1.20404618009973,1.75763088681118,2.31121559352262,2.58800794687835,2.86480030023407,
3.1415926535898),.UNSPECIFIED.);
#80=B_SPLINE_SURFACE_WITH_KNOTS('',3,3,((#7637,#7638,#7639,#7640,#7641,
#7642,#7643,#7644),(#7645,#7646,#7647,#7648,#7649,#7650,#7651,#7652),(#7653,
#7654,#7655,#7656,#7657,#7658,#7659,#7660),(#7661,#7662,#7663,#7664,#7665,
#7666,#7667,#7668)),.UNSPECIFIED.,.F.,.F.,.F.,(4,4),(4,1,1,1,1,4),(0.,1.),
(2.94209101525666E-15,0.276792353355727,0.55358470671145,0.830377060067174,
1.38396176677862,1.93754647349007),.UNSPECIFIED.);
#81=B_SPLINE_SURFACE_WITH_KNOTS('',3,3,((#7767,#7768,#7769,#7770,#7771),
(#7772,#7773,#7774,#7775,#7776),(#7777,#7778,#7779,#7780,#7781),(#7782,
#7783,#7784,#7785,#7786),(#7787,#7788,#7789,#7790,#7791)),.UNSPECIFIED.,
 .F.,.F.,.F.,(4,1,4),(4,1,4),(0.,0.571428571428571,1.),(0.,0.673198425769242,
1.5707963267949),.UNSPECIFIED.);
#82=B_SPLINE_SURFACE_WITH_KNOTS('',3,3,((#7800,#7801,#7802,#7803,#7804,
#7805),(#7806,#7807,#7808,#7809,#7810,#7811),(#7812,#7813,#7814,#7815,#7816,
#7817),(#7818,#7819,#7820,#7821,#7822,#7823),(#7824,#7825,#7826,#7827,#7828,
#7829)),.UNSPECIFIED.,.F.,.F.,.F.,(4,1,4),(4,1,1,4),(0.,0.571428571428571,
1.),(-1.57079632679489,-0.897597901025649,-0.448798950512823,2.22044604925034E-15),
 .UNSPECIFIED.);
#83=B_SPLINE_SURFACE_WITH_KNOTS('',3,3,((#7942,#7943,#7944,#7945),(#7946,
#7947,#7948,#7949),(#7950,#7951,#7952,#7953),(#7954,#7955,#7956,#7957),
(#7958,#7959,#7960,#7961),(#7962,#7963,#7964,#7965),(#7966,#7967,#7968,
#7969),(#7970,#7971,#7972,#7973),(#7974,#7975,#7976,#7977),(#7978,#7979,
#7980,#7981),(#7982,#7983,#7984,#7985),(#7986,#7987,#7988,#7989),(#7990,
#7991,#7992,#7993),(#7994,#7995,#7996,#7997),(#7998,#7999,#8000,#8001),
(#8002,#8003,#8004,#8005),(#8006,#8007,#8008,#8009),(#8010,#8011,#8012,
#8013),(#8014,#8015,#8016,#8017),(#8018,#8019,#8020,#8021),(#8022,#8023,
#8024,#8025),(#8026,#8027,#8028,#8029),(#8030,#8031,#8032,#8033),(#8034,
#8035,#8036,#8037),(#8038,#8039,#8040,#8041),(#8042,#8043,#8044,#8045),
(#8046,#8047,#8048,#8049),(#8050,#8051,#8052,#8053),(#8054,#8055,#8056,
#8057),(#8058,#8059,#8060,#8061),(#8062,#8063,#8064,#8065),(#8066,#8067,
#8068,#8069),(#8070,#8071,#8072,#8073),(#8074,#8075,#8076,#8077),(#8078,
#8079,#8080,#8081),(#8082,#8083,#8084,#8085),(#8086,#8087,#8088,#8089),
(#8090,#8091,#8092,#8093),(#8094,#8095,#8096,#8097),(#8098,#8099,#8100,
#8101),(#8102,#8103,#8104,#8105)),.UNSPECIFIED.,.T.,.F.,.F.,(4,1,1,1,2,
1,1,2,1,1,1,1,1,1,2,1,2,1,1,1,1,2,1,2,1,1,1,1,2,1,1,4),(4,4),(0.,0.108023399125636,
0.162035098688454,0.189040948469862,0.216046798251271,0.220205689392312,
0.226444026103872,0.232682362815433,0.240516177584821,0.264017621892984,
0.295352880970534,0.358023399125636,0.420693917280737,0.452029176358288,
0.483364435435838,0.491682217717919,0.5,0.527005849781409,0.554011699562818,
0.662035098688454,0.689040948469863,0.716046798251271,0.724364580533352,
0.732682362815433,0.764017621892984,0.795352880970534,0.858023399125636,
0.920693917280737,0.983364435435838,0.991682217717919,0.9948013860737,1.),
(0.195515498804017,1.),.UNSPECIFIED.);
#84=ELLIPSE('',#4507,1.00550827956352,1.);
#85=ELLIPSE('',#4510,1.00550827956352,1.);
#86=ELLIPSE('',#4513,0.715142585420846,0.699999999999997);
#87=ELLIPSE('',#4518,0.715142585420856,0.700000000000007);
#88=ELLIPSE('',#4519,0.715142585420856,0.700000000000007);
#89=ELLIPSE('',#4522,0.715142585420846,0.699999999999998);
#90=ELLIPSE('',#4527,0.715142585420859,0.700000000000011);
#91=ELLIPSE('',#4528,0.715142585420859,0.700000000000011);
#92=ELLIPSE('',#4531,0.715142585420842,0.699999999999994);
#93=ELLIPSE('',#4535,0.715142585420856,0.700000000000007);
#94=ELLIPSE('',#4536,0.715142585420856,0.700000000000007);
#95=ELLIPSE('',#4539,0.715142585420846,0.699999999999998);
#96=ELLIPSE('',#4544,0.715142585420859,0.700000000000011);
#97=ELLIPSE('',#4545,0.715142585420859,0.700000000000011);
#98=ELLIPSE('',#4548,0.715142585420842,0.699999999999994);
#99=ELLIPSE('',#4553,0.715142585420859,0.700000000000011);
#100=ELLIPSE('',#4554,0.715142585420859,0.700000000000011);
#101=ELLIPSE('',#4557,0.715142585420845,0.699999999999996);
#102=ELLIPSE('',#4562,0.715142585420858,0.70000000000001);
#103=ELLIPSE('',#4563,0.715142585420858,0.70000000000001);
#104=ELLIPSE('',#4566,0.715142585420846,0.699999999999997);
#105=ELLIPSE('',#4571,0.715142585420859,0.700000000000011);
#106=ELLIPSE('',#4572,0.715142585420859,0.700000000000011);
#107=ELLIPSE('',#4575,0.715142585420846,0.699999999999998);
#108=ELLIPSE('',#4580,0.715142585420859,0.70000000000001);
#109=ELLIPSE('',#4581,0.715142585420859,0.70000000000001);
#110=ELLIPSE('',#4584,0.715142585420845,0.699999999999996);
#111=ELLIPSE('',#4589,0.715142585420858,0.70000000000001);
#112=ELLIPSE('',#4590,0.715142585420858,0.70000000000001);
#113=ELLIPSE('',#4593,0.715142585420842,0.699999999999994);
#114=ELLIPSE('',#4597,0.715142585420856,0.700000000000007);
#115=ELLIPSE('',#4598,0.715142585420856,0.700000000000007);
#116=ELLIPSE('',#4636,2.57351913178633,2.);
#117=ELLIPSE('',#4637,2.57351913178633,2.);
#118=ELLIPSE('',#4658,2.16478440058479,2.);
#119=ELLIPSE('',#4661,2.16478440058479,2.);
#120=ELLIPSE('',#4665,2.16478440058479,2.);
#121=ELLIPSE('',#4667,2.16478440058479,2.);
#122=ELLIPSE('',#4669,2.16478440058479,2.);
#123=ELLIPSE('',#4671,2.16478440058479,2.);
#124=ELLIPSE('',#4673,2.01101655912703,2.);
#125=ELLIPSE('',#4680,2.01101655912703,2.);
#126=ELLIPSE('',#4681,2.16478440058479,2.);
#127=ELLIPSE('',#4683,2.16478440058479,2.);
#128=ELLIPSE('',#4685,2.16478440058479,2.);
#129=ELLIPSE('',#4687,2.16478440058479,2.);
#130=ELLIPSE('',#4744,2.12132034355965,1.5);
#131=ELLIPSE('',#4761,2.12132034355965,1.5);
#132=ELLIPSE('',#4771,2.69258240356725,2.5);
#133=ELLIPSE('',#4772,1.4142135623731,1.);
#134=ELLIPSE('',#4774,2.69258240356725,2.5);
#135=ELLIPSE('',#4775,1.4142135623731,1.);
#136=PLANE('',#4418);
#137=PLANE('',#4424);
#138=PLANE('',#4430);
#139=PLANE('',#4436);
#140=PLANE('',#4442);
#141=PLANE('',#4448);
#142=PLANE('',#4449);
#143=PLANE('',#4450);
#144=PLANE('',#4451);
#145=PLANE('',#4452);
#146=PLANE('',#4453);
#147=PLANE('',#4454);
#148=PLANE('',#4455);
#149=PLANE('',#4456);
#150=PLANE('',#4457);
#151=PLANE('',#4458);
#152=PLANE('',#4459);
#153=PLANE('',#4460);
#154=PLANE('',#4461);
#155=PLANE('',#4462);
#156=PLANE('',#4463);
#157=PLANE('',#4464);
#158=PLANE('',#4465);
#159=PLANE('',#4466);
#160=PLANE('',#4467);
#161=PLANE('',#4468);
#162=PLANE('',#4469);
#163=PLANE('',#4470);
#164=PLANE('',#4471);
#165=PLANE('',#4472);
#166=PLANE('',#4473);
#167=PLANE('',#4474);
#168=PLANE('',#4475);
#169=PLANE('',#4476);
#170=PLANE('',#4477);
#171=PLANE('',#4478);
#172=PLANE('',#4479);
#173=PLANE('',#4480);
#174=PLANE('',#4481);
#175=PLANE('',#4482);
#176=PLANE('',#4483);
#177=PLANE('',#4484);
#178=PLANE('',#4485);
#179=PLANE('',#4486);
#180=PLANE('',#4487);
#181=PLANE('',#4488);
#182=PLANE('',#4492);
#183=PLANE('',#4496);
#184=PLANE('',#4500);
#185=PLANE('',#4504);
#186=PLANE('',#4514);
#187=PLANE('',#4515);
#188=PLANE('',#4523);
#189=PLANE('',#4524);
#190=PLANE('',#4532);
#191=PLANE('',#4540);
#192=PLANE('',#4541);
#193=PLANE('',#4549);
#194=PLANE('',#4550);
#195=PLANE('',#4558);
#196=PLANE('',#4559);
#197=PLANE('',#4567);
#198=PLANE('',#4568);
#199=PLANE('',#4576);
#200=PLANE('',#4577);
#201=PLANE('',#4585);
#202=PLANE('',#4586);
#203=PLANE('',#4594);
#204=PLANE('',#4599);
#205=PLANE('',#4600);
#206=PLANE('',#4601);
#207=PLANE('',#4602);
#208=PLANE('',#4603);
#209=PLANE('',#4604);
#210=PLANE('',#4605);
#211=PLANE('',#4606);
#212=PLANE('',#4607);
#213=PLANE('',#4608);
#214=PLANE('',#4609);
#215=PLANE('',#4610);
#216=PLANE('',#4611);
#217=PLANE('',#4612);
#218=PLANE('',#4613);
#219=PLANE('',#4614);
#220=PLANE('',#4619);
#221=PLANE('',#4620);
#222=PLANE('',#4621);
#223=PLANE('',#4622);
#224=PLANE('',#4623);
#225=PLANE('',#4624);
#226=PLANE('',#4625);
#227=PLANE('',#4626);
#228=PLANE('',#4627);
#229=PLANE('',#4628);
#230=PLANE('',#4633);
#231=PLANE('',#4640);
#232=PLANE('',#4641);
#233=PLANE('',#4642);
#234=PLANE('',#4649);
#235=PLANE('',#4653);
#236=PLANE('',#4659);
#237=PLANE('',#4662);
#238=PLANE('',#4674);
#239=PLANE('',#4675);
#240=PLANE('',#4676);
#241=PLANE('',#4677);
#242=PLANE('',#4678);
#243=PLANE('',#4690);
#244=PLANE('',#4692);
#245=PLANE('',#4693);
#246=PLANE('',#4694);
#247=PLANE('',#4695);
#248=PLANE('',#4696);
#249=PLANE('',#4697);
#250=PLANE('',#4698);
#251=PLANE('',#4701);
#252=PLANE('',#4703);
#253=PLANE('',#4704);
#254=PLANE('',#4706);
#255=PLANE('',#4707);
#256=PLANE('',#4714);
#257=PLANE('',#4718);
#258=PLANE('',#4722);
#259=PLANE('',#4724);
#260=PLANE('',#4726);
#261=PLANE('',#4729);
#262=PLANE('',#4730);
#263=PLANE('',#4734);
#264=PLANE('',#4738);
#265=PLANE('',#4739);
#266=PLANE('',#4740);
#267=PLANE('',#4777);
#268=PLANE('',#4778);
#269=PLANE('',#4781);
#270=PLANE('',#4784);
#271=PLANE('',#4785);
#272=PLANE('',#4788);
#273=PLANE('',#4789);
#274=PLANE('',#4791);
#275=PLANE('',#4795);
#276=CYLINDRICAL_SURFACE('',#4416,1.425);
#277=CYLINDRICAL_SURFACE('',#4422,1.425);
#278=CYLINDRICAL_SURFACE('',#4428,1.425);
#279=CYLINDRICAL_SURFACE('',#4434,1.425);
#280=CYLINDRICAL_SURFACE('',#4440,1.425);
#281=CYLINDRICAL_SURFACE('',#4446,1.425);
#282=CYLINDRICAL_SURFACE('',#4489,4.);
#283=CYLINDRICAL_SURFACE('',#4493,4.);
#284=CYLINDRICAL_SURFACE('',#4497,4.);
#285=CYLINDRICAL_SURFACE('',#4501,4.);
#286=CYLINDRICAL_SURFACE('',#4505,1.);
#287=CYLINDRICAL_SURFACE('',#4508,1.);
#288=CYLINDRICAL_SURFACE('',#4511,0.699999999999997);
#289=CYLINDRICAL_SURFACE('',#4516,0.700000000000007);
#290=CYLINDRICAL_SURFACE('',#4520,0.699999999999998);
#291=CYLINDRICAL_SURFACE('',#4525,0.700000000000011);
#292=CYLINDRICAL_SURFACE('',#4529,0.699999999999994);
#293=CYLINDRICAL_SURFACE('',#4533,0.700000000000007);
#294=CYLINDRICAL_SURFACE('',#4537,0.699999999999998);
#295=CYLINDRICAL_SURFACE('',#4542,0.700000000000011);
#296=CYLINDRICAL_SURFACE('',#4546,0.699999999999994);
#297=CYLINDRICAL_SURFACE('',#4551,0.700000000000011);
#298=CYLINDRICAL_SURFACE('',#4555,0.699999999999996);
#299=CYLINDRICAL_SURFACE('',#4560,0.70000000000001);
#300=CYLINDRICAL_SURFACE('',#4564,0.699999999999997);
#301=CYLINDRICAL_SURFACE('',#4569,0.700000000000011);
#302=CYLINDRICAL_SURFACE('',#4573,0.699999999999998);
#303=CYLINDRICAL_SURFACE('',#4578,0.70000000000001);
#304=CYLINDRICAL_SURFACE('',#4582,0.699999999999996);
#305=CYLINDRICAL_SURFACE('',#4587,0.70000000000001);
#306=CYLINDRICAL_SURFACE('',#4591,0.699999999999994);
#307=CYLINDRICAL_SURFACE('',#4595,0.700000000000007);
#308=CYLINDRICAL_SURFACE('',#4657,2.);
#309=CYLINDRICAL_SURFACE('',#4660,2.);
#310=CYLINDRICAL_SURFACE('',#4663,1.5);
#311=CYLINDRICAL_SURFACE('',#4664,2.);
#312=CYLINDRICAL_SURFACE('',#4666,2.);
#313=CYLINDRICAL_SURFACE('',#4668,2.);
#314=CYLINDRICAL_SURFACE('',#4670,2.);
#315=CYLINDRICAL_SURFACE('',#4672,2.);
#316=CYLINDRICAL_SURFACE('',#4679,2.);
#317=CYLINDRICAL_SURFACE('',#4682,2.);
#318=CYLINDRICAL_SURFACE('',#4684,2.);
#319=CYLINDRICAL_SURFACE('',#4686,2.);
#320=CYLINDRICAL_SURFACE('',#4688,2.);
#321=CYLINDRICAL_SURFACE('',#4689,2.);
#322=CYLINDRICAL_SURFACE('',#4691,2.);
#323=CYLINDRICAL_SURFACE('',#4699,3.49999999999999);
#324=CYLINDRICAL_SURFACE('',#4700,3.49999999999999);
#325=CYLINDRICAL_SURFACE('',#4702,3.50000000000001);
#326=CYLINDRICAL_SURFACE('',#4705,3.50000000000001);
#327=CYLINDRICAL_SURFACE('',#4723,6.49999999999999);
#328=CYLINDRICAL_SURFACE('',#4725,6.5);
#329=CYLINDRICAL_SURFACE('',#4727,6.5);
#330=CYLINDRICAL_SURFACE('',#4728,6.5);
#331=CYLINDRICAL_SURFACE('',#4743,1.5);
#332=CYLINDRICAL_SURFACE('',#4749,1.5);
#333=CYLINDRICAL_SURFACE('',#4753,1.5);
#334=CYLINDRICAL_SURFACE('',#4758,1.5);
#335=CYLINDRICAL_SURFACE('',#4759,1.5);
#336=CYLINDRICAL_SURFACE('',#4764,1.5);
#337=CYLINDRICAL_SURFACE('',#4765,1.5);
#338=CYLINDRICAL_SURFACE('',#4767,1.5);
#339=CYLINDRICAL_SURFACE('',#4773,1.5);
#340=CYLINDRICAL_SURFACE('',#4776,1.5);
#341=CYLINDRICAL_SURFACE('',#4779,2.5);
#342=CYLINDRICAL_SURFACE('',#4782,2.5);
#343=CYLINDRICAL_SURFACE('',#4786,2.5);
#344=CYLINDRICAL_SURFACE('',#4790,1.99999999999999);
#345=CYLINDRICAL_SURFACE('',#4792,1.99999999999999);
#346=CYLINDRICAL_SURFACE('',#4794,2.5);
#347=FACE_OUTER_BOUND('',#588,.T.);
#348=FACE_OUTER_BOUND('',#589,.T.);
#349=FACE_OUTER_BOUND('',#590,.T.);
#350=FACE_OUTER_BOUND('',#591,.T.);
#351=FACE_OUTER_BOUND('',#592,.T.);
#352=FACE_OUTER_BOUND('',#593,.T.);
#353=FACE_OUTER_BOUND('',#594,.T.);
#354=FACE_OUTER_BOUND('',#595,.T.);
#355=FACE_OUTER_BOUND('',#596,.T.);
#356=FACE_OUTER_BOUND('',#597,.T.);
#357=FACE_OUTER_BOUND('',#598,.T.);
#358=FACE_OUTER_BOUND('',#599,.T.);
#359=FACE_OUTER_BOUND('',#600,.T.);
#360=FACE_OUTER_BOUND('',#601,.T.);
#361=FACE_OUTER_BOUND('',#602,.T.);
#362=FACE_OUTER_BOUND('',#603,.T.);
#363=FACE_OUTER_BOUND('',#604,.T.);
#364=FACE_OUTER_BOUND('',#605,.T.);
#365=FACE_OUTER_BOUND('',#606,.T.);
#366=FACE_OUTER_BOUND('',#607,.T.);
#367=FACE_OUTER_BOUND('',#608,.T.);
#368=FACE_OUTER_BOUND('',#609,.T.);
#369=FACE_OUTER_BOUND('',#610,.T.);
#370=FACE_OUTER_BOUND('',#611,.T.);
#371=FACE_OUTER_BOUND('',#612,.T.);
#372=FACE_OUTER_BOUND('',#613,.T.);
#373=FACE_OUTER_BOUND('',#614,.T.);
#374=FACE_OUTER_BOUND('',#615,.T.);
#375=FACE_OUTER_BOUND('',#616,.T.);
#376=FACE_OUTER_BOUND('',#617,.T.);
#377=FACE_OUTER_BOUND('',#618,.T.);
#378=FACE_OUTER_BOUND('',#619,.T.);
#379=FACE_OUTER_BOUND('',#620,.T.);
#380=FACE_OUTER_BOUND('',#621,.T.);
#381=FACE_OUTER_BOUND('',#622,.T.);
#382=FACE_OUTER_BOUND('',#623,.T.);
#383=FACE_OUTER_BOUND('',#624,.T.);
#384=FACE_OUTER_BOUND('',#625,.T.);
#385=FACE_OUTER_BOUND('',#626,.T.);
#386=FACE_OUTER_BOUND('',#627,.T.);
#387=FACE_OUTER_BOUND('',#628,.T.);
#388=FACE_OUTER_BOUND('',#629,.T.);
#389=FACE_OUTER_BOUND('',#630,.T.);
#390=FACE_OUTER_BOUND('',#631,.T.);
#391=FACE_OUTER_BOUND('',#632,.T.);
#392=FACE_OUTER_BOUND('',#633,.T.);
#393=FACE_OUTER_BOUND('',#634,.T.);
#394=FACE_OUTER_BOUND('',#635,.T.);
#395=FACE_OUTER_BOUND('',#636,.T.);
#396=FACE_OUTER_BOUND('',#637,.T.);
#397=FACE_OUTER_BOUND('',#638,.T.);
#398=FACE_OUTER_BOUND('',#639,.T.);
#399=FACE_OUTER_BOUND('',#640,.T.);
#400=FACE_OUTER_BOUND('',#641,.T.);
#401=FACE_OUTER_BOUND('',#642,.T.);
#402=FACE_OUTER_BOUND('',#643,.T.);
#403=FACE_OUTER_BOUND('',#644,.T.);
#404=FACE_OUTER_BOUND('',#645,.T.);
#405=FACE_OUTER_BOUND('',#646,.T.);
#406=FACE_OUTER_BOUND('',#647,.T.);
#407=FACE_OUTER_BOUND('',#648,.T.);
#408=FACE_OUTER_BOUND('',#649,.T.);
#409=FACE_OUTER_BOUND('',#650,.T.);
#410=FACE_OUTER_BOUND('',#651,.T.);
#411=FACE_OUTER_BOUND('',#652,.T.);
#412=FACE_OUTER_BOUND('',#653,.T.);
#413=FACE_OUTER_BOUND('',#654,.T.);
#414=FACE_OUTER_BOUND('',#655,.T.);
#415=FACE_OUTER_BOUND('',#656,.T.);
#416=FACE_OUTER_BOUND('',#657,.T.);
#417=FACE_OUTER_BOUND('',#658,.T.);
#418=FACE_OUTER_BOUND('',#659,.T.);
#419=FACE_OUTER_BOUND('',#660,.T.);
#420=FACE_OUTER_BOUND('',#661,.T.);
#421=FACE_OUTER_BOUND('',#662,.T.);
#422=FACE_OUTER_BOUND('',#663,.T.);
#423=FACE_OUTER_BOUND('',#664,.T.);
#424=FACE_OUTER_BOUND('',#665,.T.);
#425=FACE_OUTER_BOUND('',#666,.T.);
#426=FACE_OUTER_BOUND('',#667,.T.);
#427=FACE_OUTER_BOUND('',#668,.T.);
#428=FACE_OUTER_BOUND('',#669,.T.);
#429=FACE_OUTER_BOUND('',#670,.T.);
#430=FACE_OUTER_BOUND('',#671,.T.);
#431=FACE_OUTER_BOUND('',#672,.T.);
#432=FACE_OUTER_BOUND('',#673,.T.);
#433=FACE_OUTER_BOUND('',#674,.T.);
#434=FACE_OUTER_BOUND('',#675,.T.);
#435=FACE_OUTER_BOUND('',#676,.T.);
#436=FACE_OUTER_BOUND('',#677,.T.);
#437=FACE_OUTER_BOUND('',#678,.T.);
#438=FACE_OUTER_BOUND('',#679,.T.);
#439=FACE_OUTER_BOUND('',#680,.T.);
#440=FACE_OUTER_BOUND('',#681,.T.);
#441=FACE_OUTER_BOUND('',#682,.T.);
#442=FACE_OUTER_BOUND('',#683,.T.);
#443=FACE_OUTER_BOUND('',#684,.T.);
#444=FACE_OUTER_BOUND('',#685,.T.);
#445=FACE_OUTER_BOUND('',#686,.T.);
#446=FACE_OUTER_BOUND('',#687,.T.);
#447=FACE_OUTER_BOUND('',#688,.T.);
#448=FACE_OUTER_BOUND('',#689,.T.);
#449=FACE_OUTER_BOUND('',#690,.T.);
#450=FACE_OUTER_BOUND('',#691,.T.);
#451=FACE_OUTER_BOUND('',#692,.T.);
#452=FACE_OUTER_BOUND('',#693,.T.);
#453=FACE_OUTER_BOUND('',#694,.T.);
#454=FACE_OUTER_BOUND('',#695,.T.);
#455=FACE_OUTER_BOUND('',#696,.T.);
#456=FACE_OUTER_BOUND('',#697,.T.);
#457=FACE_OUTER_BOUND('',#698,.T.);
#458=FACE_OUTER_BOUND('',#699,.T.);
#459=FACE_OUTER_BOUND('',#700,.T.);
#460=FACE_OUTER_BOUND('',#701,.T.);
#461=FACE_OUTER_BOUND('',#702,.T.);
#462=FACE_OUTER_BOUND('',#703,.T.);
#463=FACE_OUTER_BOUND('',#704,.T.);
#464=FACE_OUTER_BOUND('',#705,.T.);
#465=FACE_OUTER_BOUND('',#706,.T.);
#466=FACE_OUTER_BOUND('',#707,.T.);
#467=FACE_OUTER_BOUND('',#708,.T.);
#468=FACE_OUTER_BOUND('',#709,.T.);
#469=FACE_OUTER_BOUND('',#710,.T.);
#470=FACE_OUTER_BOUND('',#711,.T.);
#471=FACE_OUTER_BOUND('',#712,.T.);
#472=FACE_OUTER_BOUND('',#713,.T.);
#473=FACE_OUTER_BOUND('',#714,.T.);
#474=FACE_OUTER_BOUND('',#715,.T.);
#475=FACE_OUTER_BOUND('',#716,.T.);
#476=FACE_OUTER_BOUND('',#717,.T.);
#477=FACE_OUTER_BOUND('',#718,.T.);
#478=FACE_OUTER_BOUND('',#719,.T.);
#479=FACE_OUTER_BOUND('',#720,.T.);
#480=FACE_OUTER_BOUND('',#721,.T.);
#481=FACE_OUTER_BOUND('',#722,.T.);
#482=FACE_OUTER_BOUND('',#723,.T.);
#483=FACE_OUTER_BOUND('',#724,.T.);
#484=FACE_OUTER_BOUND('',#725,.T.);
#485=FACE_OUTER_BOUND('',#726,.T.);
#486=FACE_OUTER_BOUND('',#727,.T.);
#487=FACE_OUTER_BOUND('',#728,.T.);
#488=FACE_OUTER_BOUND('',#729,.T.);
#489=FACE_OUTER_BOUND('',#730,.T.);
#490=FACE_OUTER_BOUND('',#731,.T.);
#491=FACE_OUTER_BOUND('',#732,.T.);
#492=FACE_OUTER_BOUND('',#733,.T.);
#493=FACE_OUTER_BOUND('',#734,.T.);
#494=FACE_OUTER_BOUND('',#735,.T.);
#495=FACE_OUTER_BOUND('',#736,.T.);
#496=FACE_OUTER_BOUND('',#737,.T.);
#497=FACE_OUTER_BOUND('',#738,.T.);
#498=FACE_OUTER_BOUND('',#739,.T.);
#499=FACE_OUTER_BOUND('',#740,.T.);
#500=FACE_OUTER_BOUND('',#741,.T.);
#501=FACE_OUTER_BOUND('',#742,.T.);
#502=FACE_OUTER_BOUND('',#743,.T.);
#503=FACE_OUTER_BOUND('',#744,.T.);
#504=FACE_OUTER_BOUND('',#745,.T.);
#505=FACE_OUTER_BOUND('',#746,.T.);
#506=FACE_OUTER_BOUND('',#747,.T.);
#507=FACE_OUTER_BOUND('',#748,.T.);
#508=FACE_OUTER_BOUND('',#749,.T.);
#509=FACE_OUTER_BOUND('',#750,.T.);
#510=FACE_OUTER_BOUND('',#751,.T.);
#511=FACE_OUTER_BOUND('',#752,.T.);
#512=FACE_OUTER_BOUND('',#753,.T.);
#513=FACE_OUTER_BOUND('',#754,.T.);
#514=FACE_OUTER_BOUND('',#755,.T.);
#515=FACE_OUTER_BOUND('',#756,.T.);
#516=FACE_OUTER_BOUND('',#757,.T.);
#517=FACE_OUTER_BOUND('',#759,.T.);
#518=FACE_OUTER_BOUND('',#761,.T.);
#519=FACE_OUTER_BOUND('',#762,.T.);
#520=FACE_OUTER_BOUND('',#763,.T.);
#521=FACE_OUTER_BOUND('',#764,.T.);
#522=FACE_OUTER_BOUND('',#765,.T.);
#523=FACE_OUTER_BOUND('',#766,.T.);
#524=FACE_OUTER_BOUND('',#767,.T.);
#525=FACE_OUTER_BOUND('',#768,.T.);
#526=FACE_OUTER_BOUND('',#769,.T.);
#527=FACE_OUTER_BOUND('',#770,.T.);
#528=FACE_OUTER_BOUND('',#771,.T.);
#529=FACE_OUTER_BOUND('',#772,.T.);
#530=FACE_OUTER_BOUND('',#773,.T.);
#531=FACE_OUTER_BOUND('',#774,.T.);
#532=FACE_OUTER_BOUND('',#775,.T.);
#533=FACE_OUTER_BOUND('',#776,.T.);
#534=FACE_OUTER_BOUND('',#777,.T.);
#535=FACE_OUTER_BOUND('',#778,.T.);
#536=FACE_OUTER_BOUND('',#779,.T.);
#537=FACE_OUTER_BOUND('',#780,.T.);
#538=FACE_OUTER_BOUND('',#781,.T.);
#539=FACE_OUTER_BOUND('',#782,.T.);
#540=FACE_OUTER_BOUND('',#783,.T.);
#541=FACE_OUTER_BOUND('',#784,.T.);
#542=FACE_OUTER_BOUND('',#785,.T.);
#543=FACE_OUTER_BOUND('',#786,.T.);
#544=FACE_OUTER_BOUND('',#787,.T.);
#545=FACE_OUTER_BOUND('',#795,.T.);
#546=FACE_OUTER_BOUND('',#796,.T.);
#547=FACE_OUTER_BOUND('',#797,.T.);
#548=FACE_OUTER_BOUND('',#798,.T.);
#549=FACE_OUTER_BOUND('',#799,.T.);
#550=FACE_OUTER_BOUND('',#800,.T.);
#551=FACE_OUTER_BOUND('',#801,.T.);
#552=FACE_OUTER_BOUND('',#802,.T.);
#553=FACE_OUTER_BOUND('',#803,.T.);
#554=FACE_OUTER_BOUND('',#804,.T.);
#555=FACE_OUTER_BOUND('',#811,.T.);
#556=FACE_OUTER_BOUND('',#812,.T.);
#557=FACE_OUTER_BOUND('',#813,.T.);
#558=FACE_OUTER_BOUND('',#814,.T.);
#559=FACE_OUTER_BOUND('',#815,.T.);
#560=FACE_OUTER_BOUND('',#816,.T.);
#561=FACE_OUTER_BOUND('',#817,.T.);
#562=FACE_OUTER_BOUND('',#818,.T.);
#563=FACE_OUTER_BOUND('',#819,.T.);
#564=FACE_OUTER_BOUND('',#820,.T.);
#565=FACE_OUTER_BOUND('',#821,.T.);
#566=FACE_OUTER_BOUND('',#822,.T.);
#567=FACE_OUTER_BOUND('',#823,.T.);
#568=FACE_OUTER_BOUND('',#824,.T.);
#569=FACE_OUTER_BOUND('',#825,.T.);
#570=FACE_OUTER_BOUND('',#826,.T.);
#571=FACE_OUTER_BOUND('',#827,.T.);
#572=FACE_OUTER_BOUND('',#828,.T.);
#573=FACE_OUTER_BOUND('',#833,.T.);
#574=FACE_OUTER_BOUND('',#834,.T.);
#575=FACE_OUTER_BOUND('',#835,.T.);
#576=FACE_OUTER_BOUND('',#836,.T.);
#577=FACE_OUTER_BOUND('',#837,.T.);
#578=FACE_OUTER_BOUND('',#848,.T.);
#579=FACE_OUTER_BOUND('',#849,.T.);
#580=FACE_OUTER_BOUND('',#850,.T.);
#581=FACE_OUTER_BOUND('',#851,.T.);
#582=FACE_OUTER_BOUND('',#856,.T.);
#583=FACE_OUTER_BOUND('',#857,.T.);
#584=FACE_OUTER_BOUND('',#858,.T.);
#585=FACE_OUTER_BOUND('',#859,.T.);
#586=FACE_OUTER_BOUND('',#860,.T.);
#587=FACE_OUTER_BOUND('',#861,.T.);
#588=EDGE_LOOP('',(#2888,#2889,#2890,#2891));
#589=EDGE_LOOP('',(#2892,#2893,#2894,#2895));
#590=EDGE_LOOP('',(#2896));
#591=EDGE_LOOP('',(#2897,#2898,#2899,#2900));
#592=EDGE_LOOP('',(#2901,#2902,#2903,#2904));
#593=EDGE_LOOP('',(#2905));
#594=EDGE_LOOP('',(#2906,#2907,#2908,#2909));
#595=EDGE_LOOP('',(#2910,#2911,#2912,#2913));
#596=EDGE_LOOP('',(#2914));
#597=EDGE_LOOP('',(#2915,#2916,#2917,#2918));
#598=EDGE_LOOP('',(#2919,#2920,#2921,#2922));
#599=EDGE_LOOP('',(#2923));
#600=EDGE_LOOP('',(#2924,#2925,#2926,#2927));
#601=EDGE_LOOP('',(#2928,#2929,#2930,#2931));
#602=EDGE_LOOP('',(#2932));
#603=EDGE_LOOP('',(#2933,#2934,#2935,#2936));
#604=EDGE_LOOP('',(#2937,#2938,#2939,#2940));
#605=EDGE_LOOP('',(#2941));
#606=EDGE_LOOP('',(#2942,#2943,#2944,#2945));
#607=EDGE_LOOP('',(#2946,#2947,#2948,#2949));
#608=EDGE_LOOP('',(#2950,#2951,#2952,#2953));
#609=EDGE_LOOP('',(#2954,#2955,#2956,#2957));
#610=EDGE_LOOP('',(#2958,#2959,#2960,#2961));
#611=EDGE_LOOP('',(#2962,#2963,#2964,#2965));
#612=EDGE_LOOP('',(#2966,#2967,#2968,#2969));
#613=EDGE_LOOP('',(#2970,#2971,#2972,#2973));
#614=EDGE_LOOP('',(#2974,#2975,#2976,#2977));
#615=EDGE_LOOP('',(#2978,#2979,#2980,#2981));
#616=EDGE_LOOP('',(#2982,#2983,#2984,#2985));
#617=EDGE_LOOP('',(#2986,#2987,#2988,#2989));
#618=EDGE_LOOP('',(#2990,#2991,#2992,#2993));
#619=EDGE_LOOP('',(#2994,#2995,#2996,#2997));
#620=EDGE_LOOP('',(#2998,#2999,#3000,#3001));
#621=EDGE_LOOP('',(#3002,#3003,#3004,#3005));
#622=EDGE_LOOP('',(#3006,#3007,#3008,#3009));
#623=EDGE_LOOP('',(#3010,#3011,#3012,#3013));
#624=EDGE_LOOP('',(#3014,#3015,#3016,#3017));
#625=EDGE_LOOP('',(#3018,#3019,#3020,#3021));
#626=EDGE_LOOP('',(#3022,#3023,#3024,#3025));
#627=EDGE_LOOP('',(#3026,#3027,#3028,#3029));
#628=EDGE_LOOP('',(#3030,#3031,#3032,#3033));
#629=EDGE_LOOP('',(#3034,#3035,#3036,#3037));
#630=EDGE_LOOP('',(#3038,#3039,#3040,#3041));
#631=EDGE_LOOP('',(#3042,#3043,#3044,#3045));
#632=EDGE_LOOP('',(#3046,#3047,#3048,#3049));
#633=EDGE_LOOP('',(#3050,#3051,#3052,#3053));
#634=EDGE_LOOP('',(#3054,#3055,#3056,#3057));
#635=EDGE_LOOP('',(#3058,#3059,#3060,#3061));
#636=EDGE_LOOP('',(#3062,#3063,#3064,#3065));
#637=EDGE_LOOP('',(#3066,#3067,#3068,#3069));
#638=EDGE_LOOP('',(#3070,#3071,#3072,#3073));
#639=EDGE_LOOP('',(#3074,#3075,#3076,#3077));
#640=EDGE_LOOP('',(#3078,#3079,#3080,#3081));
#641=EDGE_LOOP('',(#3082,#3083,#3084,#3085));
#642=EDGE_LOOP('',(#3086,#3087,#3088,#3089));
#643=EDGE_LOOP('',(#3090,#3091,#3092,#3093));
#644=EDGE_LOOP('',(#3094,#3095,#3096,#3097));
#645=EDGE_LOOP('',(#3098,#3099,#3100,#3101));
#646=EDGE_LOOP('',(#3102,#3103,#3104,#3105));
#647=EDGE_LOOP('',(#3106));
#648=EDGE_LOOP('',(#3107,#3108,#3109,#3110));
#649=EDGE_LOOP('',(#3111));
#650=EDGE_LOOP('',(#3112,#3113,#3114,#3115));
#651=EDGE_LOOP('',(#3116));
#652=EDGE_LOOP('',(#3117,#3118,#3119,#3120));
#653=EDGE_LOOP('',(#3121));
#654=EDGE_LOOP('',(#3122,#3123,#3124,#3125));
#655=EDGE_LOOP('',(#3126,#3127,#3128,#3129));
#656=EDGE_LOOP('',(#3130,#3131,#3132,#3133));
#657=EDGE_LOOP('',(#3134,#3135,#3136,#3137));
#658=EDGE_LOOP('',(#3138,#3139,#3140,#3141));
#659=EDGE_LOOP('',(#3142,#3143,#3144,#3145,#3146));
#660=EDGE_LOOP('',(#3147,#3148,#3149,#3150));
#661=EDGE_LOOP('',(#3151,#3152,#3153,#3154));
#662=EDGE_LOOP('',(#3155,#3156,#3157,#3158));
#663=EDGE_LOOP('',(#3159,#3160,#3161,#3162,#3163));
#664=EDGE_LOOP('',(#3164,#3165,#3166,#3167));
#665=EDGE_LOOP('',(#3168,#3169,#3170,#3171));
#666=EDGE_LOOP('',(#3172,#3173,#3174,#3175,#3176));
#667=EDGE_LOOP('',(#3177,#3178,#3179,#3180));
#668=EDGE_LOOP('',(#3181,#3182,#3183,#3184));
#669=EDGE_LOOP('',(#3185,#3186,#3187,#3188));
#670=EDGE_LOOP('',(#3189,#3190,#3191,#3192,#3193));
#671=EDGE_LOOP('',(#3194,#3195,#3196,#3197));
#672=EDGE_LOOP('',(#3198,#3199,#3200,#3201));
#673=EDGE_LOOP('',(#3202,#3203,#3204,#3205));
#674=EDGE_LOOP('',(#3206,#3207,#3208,#3209,#3210));
#675=EDGE_LOOP('',(#3211,#3212,#3213,#3214));
#676=EDGE_LOOP('',(#3215,#3216,#3217,#3218));
#677=EDGE_LOOP('',(#3219,#3220,#3221,#3222));
#678=EDGE_LOOP('',(#3223,#3224,#3225,#3226,#3227));
#679=EDGE_LOOP('',(#3228,#3229,#3230,#3231));
#680=EDGE_LOOP('',(#3232,#3233,#3234,#3235));
#681=EDGE_LOOP('',(#3236,#3237,#3238,#3239));
#682=EDGE_LOOP('',(#3240,#3241,#3242,#3243,#3244));
#683=EDGE_LOOP('',(#3245,#3246,#3247,#3248));
#684=EDGE_LOOP('',(#3249,#3250,#3251,#3252));
#685=EDGE_LOOP('',(#3253,#3254,#3255,#3256));
#686=EDGE_LOOP('',(#3257,#3258,#3259,#3260,#3261));
#687=EDGE_LOOP('',(#3262,#3263,#3264,#3265));
#688=EDGE_LOOP('',(#3266,#3267,#3268,#3269));
#689=EDGE_LOOP('',(#3270,#3271,#3272,#3273));
#690=EDGE_LOOP('',(#3274,#3275,#3276,#3277,#3278));
#691=EDGE_LOOP('',(#3279,#3280,#3281,#3282));
#692=EDGE_LOOP('',(#3283,#3284,#3285,#3286));
#693=EDGE_LOOP('',(#3287,#3288,#3289,#3290,#3291));
#694=EDGE_LOOP('',(#3292,#3293,#3294,#3295,#3296,#3297,#3298,#3299,#3300,
#3301,#3302,#3303,#3304));
#695=EDGE_LOOP('',(#3305,#3306,#3307,#3308,#3309,#3310,#3311,#3312,#3313,
#3314,#3315,#3316,#3317));
#696=EDGE_LOOP('',(#3318,#3319,#3320));
#697=EDGE_LOOP('',(#3321,#3322,#3323));
#698=EDGE_LOOP('',(#3324,#3325,#3326,#3327,#3328,#3329,#3330,#3331,#3332,
#3333,#3334,#3335,#3336,#3337,#3338,#3339,#3340,#3341,#3342,#3343,#3344,
#3345,#3346,#3347,#3348,#3349,#3350,#3351,#3352,#3353,#3354,#3355,#3356,
#3357,#3358,#3359,#3360,#3361,#3362,#3363,#3364,#3365,#3366,#3367,#3368,
#3369,#3370,#3371,#3372,#3373,#3374,#3375,#3376,#3377,#3378,#3379,#3380,
#3381,#3382,#3383,#3384,#3385));
#699=EDGE_LOOP('',(#3386,#3387,#3388,#3389,#3390,#3391,#3392));
#700=EDGE_LOOP('',(#3393,#3394,#3395,#3396));
#701=EDGE_LOOP('',(#3397,#3398,#3399,#3400));
#702=EDGE_LOOP('',(#3401,#3402,#3403,#3404,#3405,#3406));
#703=EDGE_LOOP('',(#3407,#3408,#3409,#3410,#3411,#3412));
#704=EDGE_LOOP('',(#3413,#3414,#3415,#3416,#3417,#3418));
#705=EDGE_LOOP('',(#3419,#3420,#3421,#3422,#3423,#3424));
#706=EDGE_LOOP('',(#3425,#3426,#3427,#3428,#3429,#3430,#3431));
#707=EDGE_LOOP('',(#3432,#3433,#3434,#3435));
#708=EDGE_LOOP('',(#3436,#3437,#3438,#3439));
#709=EDGE_LOOP('',(#3440,#3441,#3442,#3443,#3444,#3445,#3446,#3447,#3448,
#3449,#3450,#3451,#3452,#3453));
#710=EDGE_LOOP('',(#3454,#3455,#3456,#3457));
#711=EDGE_LOOP('',(#3458,#3459,#3460,#3461));
#712=EDGE_LOOP('',(#3462,#3463,#3464,#3465));
#713=EDGE_LOOP('',(#3466,#3467,#3468,#3469));
#714=EDGE_LOOP('',(#3470,#3471,#3472,#3473));
#715=EDGE_LOOP('',(#3474,#3475,#3476,#3477));
#716=EDGE_LOOP('',(#3478,#3479,#3480,#3481));
#717=EDGE_LOOP('',(#3482,#3483,#3484,#3485,#3486,#3487,#3488,#3489,#3490,
#3491,#3492,#3493,#3494,#3495));
#718=EDGE_LOOP('',(#3496,#3497,#3498,#3499));
#719=EDGE_LOOP('',(#3500,#3501,#3502,#3503,#3504,#3505,#3506,#3507,#3508,
#3509,#3510,#3511,#3512,#3513));
#720=EDGE_LOOP('',(#3514,#3515,#3516,#3517,#3518,#3519,#3520,#3521,#3522,
#3523,#3524,#3525,#3526,#3527,#3528,#3529,#3530,#3531,#3532,#3533,#3534,
#3535));
#721=EDGE_LOOP('',(#3536,#3537,#3538,#3539));
#722=EDGE_LOOP('',(#3540,#3541,#3542,#3543));
#723=EDGE_LOOP('',(#3544,#3545,#3546,#3547));
#724=EDGE_LOOP('',(#3548,#3549,#3550,#3551));
#725=EDGE_LOOP('',(#3552,#3553,#3554,#3555));
#726=EDGE_LOOP('',(#3556,#3557,#3558,#3559));
#727=EDGE_LOOP('',(#3560,#3561,#3562,#3563));
#728=EDGE_LOOP('',(#3564,#3565,#3566,#3567));
#729=EDGE_LOOP('',(#3568,#3569,#3570,#3571));
#730=EDGE_LOOP('',(#3572,#3573,#3574,#3575));
#731=EDGE_LOOP('',(#3576,#3577,#3578,#3579));
#732=EDGE_LOOP('',(#3580,#3581,#3582,#3583));
#733=EDGE_LOOP('',(#3584,#3585,#3586,#3587));
#734=EDGE_LOOP('',(#3588,#3589,#3590,#3591));
#735=EDGE_LOOP('',(#3592,#3593,#3594,#3595));
#736=EDGE_LOOP('',(#3596,#3597,#3598,#3599,#3600,#3601,#3602,#3603,#3604,
#3605,#3606));
#737=EDGE_LOOP('',(#3607,#3608,#3609,#3610,#3611,#3612,#3613,#3614,#3615,
#3616));
#738=EDGE_LOOP('',(#3617,#3618,#3619,#3620,#3621));
#739=EDGE_LOOP('',(#3622,#3623,#3624,#3625));
#740=EDGE_LOOP('',(#3626,#3627,#3628,#3629));
#741=EDGE_LOOP('',(#3630,#3631,#3632,#3633));
#742=EDGE_LOOP('',(#3634,#3635,#3636,#3637));
#743=EDGE_LOOP('',(#3638,#3639,#3640,#3641));
#744=EDGE_LOOP('',(#3642,#3643,#3644,#3645));
#745=EDGE_LOOP('',(#3646,#3647,#3648,#3649));
#746=EDGE_LOOP('',(#3650,#3651,#3652,#3653));
#747=EDGE_LOOP('',(#3654,#3655,#3656,#3657));
#748=EDGE_LOOP('',(#3658,#3659,#3660,#3661));
#749=EDGE_LOOP('',(#3662,#3663,#3664,#3665));
#750=EDGE_LOOP('',(#3666,#3667,#3668,#3669));
#751=EDGE_LOOP('',(#3670,#3671,#3672,#3673));
#752=EDGE_LOOP('',(#3674,#3675,#3676,#3677,#3678));
#753=EDGE_LOOP('',(#3679,#3680,#3681,#3682));
#754=EDGE_LOOP('',(#3683,#3684,#3685,#3686));
#755=EDGE_LOOP('',(#3687,#3688,#3689,#3690));
#756=EDGE_LOOP('',(#3691,#3692,#3693,#3694,#3695,#3696,#3697,#3698,#3699,
#3700,#3701));
#757=EDGE_LOOP('',(#3702,#3703,#3704,#3705));
#758=EDGE_LOOP('',(#3706));
#759=EDGE_LOOP('',(#3707,#3708,#3709,#3710));
#760=EDGE_LOOP('',(#3711));
#761=EDGE_LOOP('',(#3712,#3713,#3714,#3715,#3716,#3717,#3718));
#762=EDGE_LOOP('',(#3719,#3720,#3721,#3722,#3723,#3724,#3725));
#763=EDGE_LOOP('',(#3726,#3727,#3728,#3729));
#764=EDGE_LOOP('',(#3730,#3731,#3732,#3733));
#765=EDGE_LOOP('',(#3734,#3735,#3736,#3737));
#766=EDGE_LOOP('',(#3738,#3739,#3740,#3741));
#767=EDGE_LOOP('',(#3742,#3743,#3744,#3745));
#768=EDGE_LOOP('',(#3746,#3747,#3748,#3749));
#769=EDGE_LOOP('',(#3750,#3751,#3752,#3753));
#770=EDGE_LOOP('',(#3754,#3755,#3756,#3757));
#771=EDGE_LOOP('',(#3758,#3759,#3760,#3761));
#772=EDGE_LOOP('',(#3762,#3763,#3764,#3765));
#773=EDGE_LOOP('',(#3766,#3767,#3768,#3769));
#774=EDGE_LOOP('',(#3770,#3771,#3772,#3773));
#775=EDGE_LOOP('',(#3774,#3775,#3776,#3777));
#776=EDGE_LOOP('',(#3778,#3779,#3780,#3781));
#777=EDGE_LOOP('',(#3782,#3783,#3784,#3785));
#778=EDGE_LOOP('',(#3786,#3787,#3788,#3789));
#779=EDGE_LOOP('',(#3790,#3791,#3792,#3793));
#780=EDGE_LOOP('',(#3794,#3795,#3796,#3797));
#781=EDGE_LOOP('',(#3798,#3799,#3800,#3801));
#782=EDGE_LOOP('',(#3802,#3803,#3804,#3805));
#783=EDGE_LOOP('',(#3806,#3807,#3808,#3809));
#784=EDGE_LOOP('',(#3810,#3811,#3812,#3813));
#785=EDGE_LOOP('',(#3814,#3815,#3816,#3817));
#786=EDGE_LOOP('',(#3818,#3819,#3820,#3821));
#787=EDGE_LOOP('',(#3822));
#788=EDGE_LOOP('',(#3823));
#789=EDGE_LOOP('',(#3824));
#790=EDGE_LOOP('',(#3825));
#791=EDGE_LOOP('',(#3826));
#792=EDGE_LOOP('',(#3827));
#793=EDGE_LOOP('',(#3828));
#794=EDGE_LOOP('',(#3829,#3830,#3831,#3832,#3833,#3834,#3835,#3836,#3837,
#3838,#3839,#3840,#3841,#3842,#3843,#3844,#3845,#3846,#3847,#3848,#3849,
#3850,#3851,#3852,#3853,#3854));
#795=EDGE_LOOP('',(#3855,#3856,#3857,#3858));
#796=EDGE_LOOP('',(#3859,#3860,#3861,#3862));
#797=EDGE_LOOP('',(#3863,#3864,#3865,#3866));
#798=EDGE_LOOP('',(#3867,#3868,#3869,#3870));
#799=EDGE_LOOP('',(#3871,#3872,#3873,#3874));
#800=EDGE_LOOP('',(#3875,#3876,#3877,#3878));
#801=EDGE_LOOP('',(#3879,#3880,#3881,#3882));
#802=EDGE_LOOP('',(#3883,#3884,#3885,#3886));
#803=EDGE_LOOP('',(#3887,#3888,#3889,#3890));
#804=EDGE_LOOP('',(#3891,#3892,#3893,#3894,#3895,#3896));
#805=EDGE_LOOP('',(#3897));
#806=EDGE_LOOP('',(#3898));
#807=EDGE_LOOP('',(#3899));
#808=EDGE_LOOP('',(#3900));
#809=EDGE_LOOP('',(#3901));
#810=EDGE_LOOP('',(#3902));
#811=EDGE_LOOP('',(#3903,#3904,#3905,#3906,#3907,#3908,#3909,#3910,#3911,
#3912,#3913,#3914,#3915,#3916,#3917,#3918,#3919,#3920,#3921,#3922));
#812=EDGE_LOOP('',(#3923,#3924,#3925,#3926,#3927));
#813=EDGE_LOOP('',(#3928,#3929,#3930));
#814=EDGE_LOOP('',(#3931,#3932,#3933,#3934));
#815=EDGE_LOOP('',(#3935,#3936,#3937,#3938));
#816=EDGE_LOOP('',(#3939,#3940,#3941,#3942));
#817=EDGE_LOOP('',(#3943,#3944,#3945));
#818=EDGE_LOOP('',(#3946,#3947,#3948,#3949));
#819=EDGE_LOOP('',(#3950,#3951,#3952,#3953));
#820=EDGE_LOOP('',(#3954,#3955,#3956,#3957));
#821=EDGE_LOOP('',(#3958,#3959,#3960,#3961));
#822=EDGE_LOOP('',(#3962,#3963,#3964,#3965));
#823=EDGE_LOOP('',(#3966,#3967,#3968,#3969));
#824=EDGE_LOOP('',(#3970,#3971,#3972,#3973));
#825=EDGE_LOOP('',(#3974,#3975,#3976,#3977));
#826=EDGE_LOOP('',(#3978,#3979,#3980,#3981));
#827=EDGE_LOOP('',(#3982,#3983,#3984,#3985,#3986));
#828=EDGE_LOOP('',(#3987,#3988,#3989,#3990,#3991));
#829=EDGE_LOOP('',(#3992,#3993,#3994,#3995));
#830=EDGE_LOOP('',(#3996,#3997,#3998,#3999));
#831=EDGE_LOOP('',(#4000,#4001,#4002,#4003));
#832=EDGE_LOOP('',(#4004,#4005,#4006,#4007));
#833=EDGE_LOOP('',(#4008,#4009,#4010,#4011));
#834=EDGE_LOOP('',(#4012,#4013,#4014,#4015));
#835=EDGE_LOOP('',(#4016,#4017,#4018,#4019,#4020));
#836=EDGE_LOOP('',(#4021,#4022,#4023,#4024));
#837=EDGE_LOOP('',(#4025,#4026,#4027,#4028));
#838=EDGE_LOOP('',(#4029,#4030,#4031,#4032));
#839=EDGE_LOOP('',(#4033,#4034,#4035,#4036));
#840=EDGE_LOOP('',(#4037,#4038,#4039,#4040));
#841=EDGE_LOOP('',(#4041,#4042,#4043,#4044));
#842=EDGE_LOOP('',(#4045,#4046,#4047,#4048));
#843=EDGE_LOOP('',(#4049,#4050,#4051,#4052));
#844=EDGE_LOOP('',(#4053,#4054,#4055,#4056));
#845=EDGE_LOOP('',(#4057,#4058,#4059,#4060));
#846=EDGE_LOOP('',(#4061,#4062,#4063,#4064));
#847=EDGE_LOOP('',(#4065,#4066,#4067,#4068));
#848=EDGE_LOOP('',(#4069,#4070,#4071,#4072,#4073,#4074));
#849=EDGE_LOOP('',(#4075,#4076,#4077,#4078));
#850=EDGE_LOOP('',(#4079,#4080,#4081,#4082,#4083));
#851=EDGE_LOOP('',(#4084,#4085,#4086,#4087,#4088));
#852=EDGE_LOOP('',(#4089,#4090,#4091,#4092));
#853=EDGE_LOOP('',(#4093,#4094,#4095,#4096));
#854=EDGE_LOOP('',(#4097,#4098,#4099,#4100));
#855=EDGE_LOOP('',(#4101,#4102,#4103,#4104));
#856=EDGE_LOOP('',(#4105,#4106,#4107,#4108));
#857=EDGE_LOOP('',(#4109,#4110,#4111,#4112));
#858=EDGE_LOOP('',(#4113,#4114,#4115,#4116));
#859=EDGE_LOOP('',(#4117,#4118,#4119,#4120,#4121,#4122,#4123,#4124,#4125,
#4126,#4127,#4128,#4129,#4130,#4131,#4132,#4133));
#860=EDGE_LOOP('',(#4134,#4135,#4136,#4137));
#861=EDGE_LOOP('',(#4138,#4139,#4140,#4141));
#862=LINE('',#6020,#1313);
#863=LINE('',#6025,#1314);
#864=LINE('',#6031,#1315);
#865=LINE('',#6036,#1316);
#866=LINE('',#6042,#1317);
#867=LINE('',#6047,#1318);
#868=LINE('',#6053,#1319);
#869=LINE('',#6058,#1320);
#870=LINE('',#6064,#1321);
#871=LINE('',#6069,#1322);
#872=LINE('',#6075,#1323);
#873=LINE('',#6080,#1324);
#874=LINE('',#6085,#1325);
#875=LINE('',#6087,#1326);
#876=LINE('',#6089,#1327);
#877=LINE('',#6090,#1328);
#878=LINE('',#6093,#1329);
#879=LINE('',#6095,#1330);
#880=LINE('',#6096,#1331);
#881=LINE('',#6099,#1332);
#882=LINE('',#6100,#1333);
#883=LINE('',#6103,#1334);
#884=LINE('',#6104,#1335);
#885=LINE('',#6106,#1336);
#886=LINE('',#6110,#1337);
#887=LINE('',#6112,#1338);
#888=LINE('',#6114,#1339);
#889=LINE('',#6115,#1340);
#890=LINE('',#6118,#1341);
#891=LINE('',#6120,#1342);
#892=LINE('',#6121,#1343);
#893=LINE('',#6124,#1344);
#894=LINE('',#6125,#1345);
#895=LINE('',#6128,#1346);
#896=LINE('',#6129,#1347);
#897=LINE('',#6131,#1348);
#898=LINE('',#6135,#1349);
#899=LINE('',#6137,#1350);
#900=LINE('',#6139,#1351);
#901=LINE('',#6140,#1352);
#902=LINE('',#6143,#1353);
#903=LINE('',#6145,#1354);
#904=LINE('',#6146,#1355);
#905=LINE('',#6149,#1356);
#906=LINE('',#6150,#1357);
#907=LINE('',#6153,#1358);
#908=LINE('',#6154,#1359);
#909=LINE('',#6156,#1360);
#910=LINE('',#6160,#1361);
#911=LINE('',#6162,#1362);
#912=LINE('',#6164,#1363);
#913=LINE('',#6165,#1364);
#914=LINE('',#6168,#1365);
#915=LINE('',#6170,#1366);
#916=LINE('',#6171,#1367);
#917=LINE('',#6174,#1368);
#918=LINE('',#6175,#1369);
#919=LINE('',#6178,#1370);
#920=LINE('',#6179,#1371);
#921=LINE('',#6181,#1372);
#922=LINE('',#6185,#1373);
#923=LINE('',#6187,#1374);
#924=LINE('',#6189,#1375);
#925=LINE('',#6190,#1376);
#926=LINE('',#6193,#1377);
#927=LINE('',#6195,#1378);
#928=LINE('',#6196,#1379);
#929=LINE('',#6199,#1380);
#930=LINE('',#6200,#1381);
#931=LINE('',#6203,#1382);
#932=LINE('',#6204,#1383);
#933=LINE('',#6206,#1384);
#934=LINE('',#6210,#1385);
#935=LINE('',#6212,#1386);
#936=LINE('',#6214,#1387);
#937=LINE('',#6215,#1388);
#938=LINE('',#6218,#1389);
#939=LINE('',#6220,#1390);
#940=LINE('',#6221,#1391);
#941=LINE('',#6224,#1392);
#942=LINE('',#6225,#1393);
#943=LINE('',#6228,#1394);
#944=LINE('',#6229,#1395);
#945=LINE('',#6231,#1396);
#946=LINE('',#6235,#1397);
#947=LINE('',#6237,#1398);
#948=LINE('',#6239,#1399);
#949=LINE('',#6240,#1400);
#950=LINE('',#6243,#1401);
#951=LINE('',#6245,#1402);
#952=LINE('',#6246,#1403);
#953=LINE('',#6249,#1404);
#954=LINE('',#6250,#1405);
#955=LINE('',#6253,#1406);
#956=LINE('',#6254,#1407);
#957=LINE('',#6256,#1408);
#958=LINE('',#6260,#1409);
#959=LINE('',#6262,#1410);
#960=LINE('',#6264,#1411);
#961=LINE('',#6265,#1412);
#962=LINE('',#6268,#1413);
#963=LINE('',#6270,#1414);
#964=LINE('',#6271,#1415);
#965=LINE('',#6274,#1416);
#966=LINE('',#6275,#1417);
#967=LINE('',#6278,#1418);
#968=LINE('',#6279,#1419);
#969=LINE('',#6281,#1420);
#970=LINE('',#6286,#1421);
#971=LINE('',#6293,#1422);
#972=LINE('',#6300,#1423);
#973=LINE('',#6307,#1424);
#974=LINE('',#6314,#1425);
#975=LINE('',#6320,#1426);
#976=LINE('',#6327,#1427);
#977=LINE('',#6330,#1428);
#978=LINE('',#6333,#1429);
#979=LINE('',#6335,#1430);
#980=LINE('',#6336,#1431);
#981=LINE('',#6339,#1432);
#982=LINE('',#6341,#1433);
#983=LINE('',#6342,#1434);
#984=LINE('',#6353,#1435);
#985=LINE('',#6356,#1436);
#986=LINE('',#6359,#1437);
#987=LINE('',#6361,#1438);
#988=LINE('',#6362,#1439);
#989=LINE('',#6365,#1440);
#990=LINE('',#6367,#1441);
#991=LINE('',#6368,#1442);
#992=LINE('',#6379,#1443);
#993=LINE('',#6382,#1444);
#994=LINE('',#6385,#1445);
#995=LINE('',#6387,#1446);
#996=LINE('',#6388,#1447);
#997=LINE('',#6393,#1448);
#998=LINE('',#6402,#1449);
#999=LINE('',#6405,#1450);
#1000=LINE('',#6408,#1451);
#1001=LINE('',#6410,#1452);
#1002=LINE('',#6411,#1453);
#1003=LINE('',#6414,#1454);
#1004=LINE('',#6416,#1455);
#1005=LINE('',#6417,#1456);
#1006=LINE('',#6428,#1457);
#1007=LINE('',#6431,#1458);
#1008=LINE('',#6434,#1459);
#1009=LINE('',#6436,#1460);
#1010=LINE('',#6437,#1461);
#1011=LINE('',#6440,#1462);
#1012=LINE('',#6442,#1463);
#1013=LINE('',#6443,#1464);
#1014=LINE('',#6454,#1465);
#1015=LINE('',#6457,#1466);
#1016=LINE('',#6460,#1467);
#1017=LINE('',#6462,#1468);
#1018=LINE('',#6463,#1469);
#1019=LINE('',#6466,#1470);
#1020=LINE('',#6468,#1471);
#1021=LINE('',#6469,#1472);
#1022=LINE('',#6480,#1473);
#1023=LINE('',#6483,#1474);
#1024=LINE('',#6486,#1475);
#1025=LINE('',#6488,#1476);
#1026=LINE('',#6489,#1477);
#1027=LINE('',#6492,#1478);
#1028=LINE('',#6494,#1479);
#1029=LINE('',#6495,#1480);
#1030=LINE('',#6506,#1481);
#1031=LINE('',#6509,#1482);
#1032=LINE('',#6512,#1483);
#1033=LINE('',#6514,#1484);
#1034=LINE('',#6515,#1485);
#1035=LINE('',#6518,#1486);
#1036=LINE('',#6520,#1487);
#1037=LINE('',#6521,#1488);
#1038=LINE('',#6532,#1489);
#1039=LINE('',#6535,#1490);
#1040=LINE('',#6538,#1491);
#1041=LINE('',#6540,#1492);
#1042=LINE('',#6541,#1493);
#1043=LINE('',#6544,#1494);
#1044=LINE('',#6546,#1495);
#1045=LINE('',#6547,#1496);
#1046=LINE('',#6558,#1497);
#1047=LINE('',#6561,#1498);
#1048=LINE('',#6564,#1499);
#1049=LINE('',#6566,#1500);
#1050=LINE('',#6567,#1501);
#1051=LINE('',#6575,#1502);
#1052=LINE('',#6578,#1503);
#1053=LINE('',#6580,#1504);
#1054=LINE('',#6582,#1505);
#1055=LINE('',#6584,#1506);
#1056=LINE('',#6586,#1507);
#1057=LINE('',#6588,#1508);
#1058=LINE('',#6590,#1509);
#1059=LINE('',#6592,#1510);
#1060=LINE('',#6594,#1511);
#1061=LINE('',#6595,#1512);
#1062=LINE('',#6596,#1513);
#1063=LINE('',#6599,#1514);
#1064=LINE('',#6601,#1515);
#1065=LINE('',#6603,#1516);
#1066=LINE('',#6605,#1517);
#1067=LINE('',#6607,#1518);
#1068=LINE('',#6609,#1519);
#1069=LINE('',#6611,#1520);
#1070=LINE('',#6613,#1521);
#1071=LINE('',#6615,#1522);
#1072=LINE('',#6616,#1523);
#1073=LINE('',#6617,#1524);
#1074=LINE('',#6619,#1525);
#1075=LINE('',#6621,#1526);
#1076=LINE('',#6623,#1527);
#1077=LINE('',#6624,#1528);
#1078=LINE('',#6625,#1529);
#1079=LINE('',#6626,#1530);
#1080=LINE('',#6627,#1531);
#1081=LINE('',#6628,#1532);
#1082=LINE('',#6629,#1533);
#1083=LINE('',#6630,#1534);
#1084=LINE('',#6631,#1535);
#1085=LINE('',#6633,#1536);
#1086=LINE('',#6635,#1537);
#1087=LINE('',#6637,#1538);
#1088=LINE('',#6639,#1539);
#1089=LINE('',#6640,#1540);
#1090=LINE('',#6644,#1541);
#1091=LINE('',#6646,#1542);
#1092=LINE('',#6648,#1543);
#1093=LINE('',#6650,#1544);
#1094=LINE('',#6652,#1545);
#1095=LINE('',#6654,#1546);
#1096=LINE('',#6655,#1547);
#1097=LINE('',#6657,#1548);
#1098=LINE('',#6658,#1549);
#1099=LINE('',#6660,#1550);
#1100=LINE('',#6664,#1551);
#1101=LINE('',#6666,#1552);
#1102=LINE('',#6667,#1553);
#1103=LINE('',#6669,#1554);
#1104=LINE('',#6670,#1555);
#1105=LINE('',#6672,#1556);
#1106=LINE('',#6676,#1557);
#1107=LINE('',#6678,#1558);
#1108=LINE('',#6679,#1559);
#1109=LINE('',#6681,#1560);
#1110=LINE('',#6682,#1561);
#1111=LINE('',#6685,#1562);
#1112=LINE('',#6687,#1563);
#1113=LINE('',#6688,#1564);
#1114=LINE('',#6692,#1565);
#1115=LINE('',#6694,#1566);
#1116=LINE('',#6696,#1567);
#1117=LINE('',#6698,#1568);
#1118=LINE('',#6699,#1569);
#1119=LINE('',#6700,#1570);
#1120=LINE('',#6702,#1571);
#1121=LINE('',#6703,#1572);
#1122=LINE('',#6707,#1573);
#1123=LINE('',#6711,#1574);
#1124=LINE('',#6715,#1575);
#1125=LINE('',#6717,#1576);
#1126=LINE('',#6719,#1577);
#1127=LINE('',#6723,#1578);
#1128=LINE('',#6726,#1579);
#1129=LINE('',#6729,#1580);
#1130=LINE('',#6731,#1581);
#1131=LINE('',#6732,#1582);
#1132=LINE('',#6734,#1583);
#1133=LINE('',#6735,#1584);
#1134=LINE('',#6738,#1585);
#1135=LINE('',#6740,#1586);
#1136=LINE('',#6741,#1587);
#1137=LINE('',#6744,#1588);
#1138=LINE('',#6745,#1589);
#1139=LINE('',#6747,#1590);
#1140=LINE('',#6749,#1591);
#1141=LINE('',#6751,#1592);
#1142=LINE('',#6752,#1593);
#1143=LINE('',#6759,#1594);
#1144=LINE('',#6763,#1595);
#1145=LINE('',#6765,#1596);
#1146=LINE('',#6767,#1597);
#1147=LINE('',#6771,#1598);
#1148=LINE('',#6774,#1599);
#1149=LINE('',#6777,#1600);
#1150=LINE('',#6781,#1601);
#1151=LINE('',#6785,#1602);
#1152=LINE('',#6787,#1603);
#1153=LINE('',#6789,#1604);
#1154=LINE('',#6791,#1605);
#1155=LINE('',#6795,#1606);
#1156=LINE('',#6799,#1607);
#1157=LINE('',#6801,#1608);
#1158=LINE('',#6803,#1609);
#1159=LINE('',#6805,#1610);
#1160=LINE('',#6809,#1611);
#1161=LINE('',#6812,#1612);
#1162=LINE('',#6814,#1613);
#1163=LINE('',#6816,#1614);
#1164=LINE('',#6820,#1615);
#1165=LINE('',#6822,#1616);
#1166=LINE('',#6824,#1617);
#1167=LINE('',#6825,#1618);
#1168=LINE('',#6829,#1619);
#1169=LINE('',#6835,#1620);
#1170=LINE('',#6839,#1621);
#1171=LINE('',#6844,#1622);
#1172=LINE('',#6845,#1623);
#1173=LINE('',#6846,#1624);
#1174=LINE('',#6851,#1625);
#1175=LINE('',#6856,#1626);
#1176=LINE('',#6857,#1627);
#1177=LINE('',#6858,#1628);
#1178=LINE('',#6880,#1629);
#1179=LINE('',#6907,#1630);
#1180=LINE('',#6942,#1631);
#1181=LINE('',#6945,#1632);
#1182=LINE('',#6948,#1633);
#1183=LINE('',#6949,#1634);
#1184=LINE('',#6952,#1635);
#1185=LINE('',#6956,#1636);
#1186=LINE('',#6958,#1637);
#1187=LINE('',#6960,#1638);
#1188=LINE('',#6962,#1639);
#1189=LINE('',#6964,#1640);
#1190=LINE('',#6966,#1641);
#1191=LINE('',#6967,#1642);
#1192=LINE('',#6968,#1643);
#1193=LINE('',#6971,#1644);
#1194=LINE('',#7047,#1645);
#1195=LINE('',#7122,#1646);
#1196=LINE('',#7125,#1647);
#1197=LINE('',#7128,#1648);
#1198=LINE('',#7131,#1649);
#1199=LINE('',#7134,#1650);
#1200=LINE('',#7137,#1651);
#1201=LINE('',#7140,#1652);
#1202=LINE('',#7143,#1653);
#1203=LINE('',#7146,#1654);
#1204=LINE('',#7149,#1655);
#1205=LINE('',#7152,#1656);
#1206=LINE('',#7155,#1657);
#1207=LINE('',#7156,#1658);
#1208=LINE('',#7159,#1659);
#1209=LINE('',#7160,#1660);
#1210=LINE('',#7163,#1661);
#1211=LINE('',#7164,#1662);
#1212=LINE('',#7167,#1663);
#1213=LINE('',#7168,#1664);
#1214=LINE('',#7171,#1665);
#1215=LINE('',#7172,#1666);
#1216=LINE('',#7184,#1667);
#1217=LINE('',#7185,#1668);
#1218=LINE('',#7187,#1669);
#1219=LINE('',#7191,#1670);
#1220=LINE('',#7192,#1671);
#1221=LINE('',#7195,#1672);
#1222=LINE('',#7196,#1673);
#1223=LINE('',#7199,#1674);
#1224=LINE('',#7200,#1675);
#1225=LINE('',#7202,#1676);
#1226=LINE('',#7204,#1677);
#1227=LINE('',#7206,#1678);
#1228=LINE('',#7207,#1679);
#1229=LINE('',#7209,#1680);
#1230=LINE('',#7211,#1681);
#1231=LINE('',#7213,#1682);
#1232=LINE('',#7214,#1683);
#1233=LINE('',#7217,#1684);
#1234=LINE('',#7218,#1685);
#1235=LINE('',#7221,#1686);
#1236=LINE('',#7222,#1687);
#1237=LINE('',#7224,#1688);
#1238=LINE('',#7226,#1689);
#1239=LINE('',#7228,#1690);
#1240=LINE('',#7230,#1691);
#1241=LINE('',#7233,#1692);
#1242=LINE('',#7235,#1693);
#1243=LINE('',#7240,#1694);
#1244=LINE('',#7242,#1695);
#1245=LINE('',#7244,#1696);
#1246=LINE('',#7245,#1697);
#1247=LINE('',#7254,#1698);
#1248=LINE('',#7257,#1699);
#1249=LINE('',#7259,#1700);
#1250=LINE('',#7260,#1701);
#1251=LINE('',#7266,#1702);
#1252=LINE('',#7268,#1703);
#1253=LINE('',#7269,#1704);
#1254=LINE('',#7274,#1705);
#1255=LINE('',#7275,#1706);
#1256=LINE('',#7277,#1707);
#1257=LINE('',#7280,#1708);
#1258=LINE('',#7282,#1709);
#1259=LINE('',#7462,#1710);
#1260=LINE('',#7565,#1711);
#1261=LINE('',#7599,#1712);
#1262=LINE('',#7611,#1713);
#1263=LINE('',#7612,#1714);
#1264=LINE('',#7613,#1715);
#1265=LINE('',#7617,#1716);
#1266=LINE('',#7623,#1717);
#1267=LINE('',#7624,#1718);
#1268=LINE('',#7625,#1719);
#1269=LINE('',#7629,#1720);
#1270=LINE('',#7634,#1721);
#1271=LINE('',#7635,#1722);
#1272=LINE('',#7636,#1723);
#1273=LINE('',#7680,#1724);
#1274=LINE('',#7682,#1725);
#1275=LINE('',#7686,#1726);
#1276=LINE('',#7688,#1727);
#1277=LINE('',#7690,#1728);
#1278=LINE('',#7694,#1729);
#1279=LINE('',#7695,#1730);
#1280=LINE('',#7699,#1731);
#1281=LINE('',#7709,#1732);
#1282=LINE('',#7723,#1733);
#1283=LINE('',#7731,#1734);
#1284=LINE('',#7735,#1735);
#1285=LINE('',#7751,#1736);
#1286=LINE('',#7756,#1737);
#1287=LINE('',#7757,#1738);
#1288=LINE('',#7763,#1739);
#1289=LINE('',#7766,#1740);
#1290=LINE('',#7798,#1741);
#1291=LINE('',#7799,#1742);
#1292=LINE('',#7833,#1743);
#1293=LINE('',#7836,#1744);
#1294=LINE('',#7842,#1745);
#1295=LINE('',#7845,#1746);
#1296=LINE('',#7846,#1747);
#1297=LINE('',#7849,#1748);
#1298=LINE('',#7853,#1749);
#1299=LINE('',#7854,#1750);
#1300=LINE('',#7857,#1751);
#1301=LINE('',#7861,#1752);
#1302=LINE('',#7862,#1753);
#1303=LINE('',#7866,#1754);
#1304=LINE('',#7870,#1755);
#1305=LINE('',#7871,#1756);
#1306=LINE('',#7874,#1757);
#1307=LINE('',#7880,#1758);
#1308=LINE('',#7908,#1759);
#1309=LINE('',#7915,#1760);
#1310=LINE('',#8106,#1761);
#1311=LINE('',#8109,#1762);
#1312=LINE('',#8111,#1763);
#1313=VECTOR('',#4802,1.275);
#1314=VECTOR('',#4809,1.425);
#1315=VECTOR('',#4816,1.275);
#1316=VECTOR('',#4823,1.425);
#1317=VECTOR('',#4830,1.275);
#1318=VECTOR('',#4837,1.425);
#1319=VECTOR('',#4844,1.275);
#1320=VECTOR('',#4851,1.425);
#1321=VECTOR('',#4858,1.275);
#1322=VECTOR('',#4865,1.425);
#1323=VECTOR('',#4872,1.275);
#1324=VECTOR('',#4879,1.425);
#1325=VECTOR('',#4884,10.);
#1326=VECTOR('',#4885,10.);
#1327=VECTOR('',#4886,10.);
#1328=VECTOR('',#4887,10.);
#1329=VECTOR('',#4890,10.);
#1330=VECTOR('',#4891,10.);
#1331=VECTOR('',#4892,10.);
#1332=VECTOR('',#4895,10.);
#1333=VECTOR('',#4896,10.);
#1334=VECTOR('',#4899,10.);
#1335=VECTOR('',#4900,10.);
#1336=VECTOR('',#4903,10.);
#1337=VECTOR('',#4906,10.);
#1338=VECTOR('',#4907,10.);
#1339=VECTOR('',#4908,10.);
#1340=VECTOR('',#4909,10.);
#1341=VECTOR('',#4912,10.);
#1342=VECTOR('',#4913,10.);
#1343=VECTOR('',#4914,10.);
#1344=VECTOR('',#4917,10.);
#1345=VECTOR('',#4918,10.);
#1346=VECTOR('',#4921,10.);
#1347=VECTOR('',#4922,10.);
#1348=VECTOR('',#4925,10.);
#1349=VECTOR('',#4928,10.);
#1350=VECTOR('',#4929,10.);
#1351=VECTOR('',#4930,10.);
#1352=VECTOR('',#4931,10.);
#1353=VECTOR('',#4934,10.);
#1354=VECTOR('',#4935,10.);
#1355=VECTOR('',#4936,10.);
#1356=VECTOR('',#4939,10.);
#1357=VECTOR('',#4940,10.);
#1358=VECTOR('',#4943,10.);
#1359=VECTOR('',#4944,10.);
#1360=VECTOR('',#4947,10.);
#1361=VECTOR('',#4950,10.);
#1362=VECTOR('',#4951,10.);
#1363=VECTOR('',#4952,10.);
#1364=VECTOR('',#4953,10.);
#1365=VECTOR('',#4956,10.);
#1366=VECTOR('',#4957,10.);
#1367=VECTOR('',#4958,10.);
#1368=VECTOR('',#4961,10.);
#1369=VECTOR('',#4962,10.);
#1370=VECTOR('',#4965,10.);
#1371=VECTOR('',#4966,10.);
#1372=VECTOR('',#4969,10.);
#1373=VECTOR('',#4972,10.);
#1374=VECTOR('',#4973,10.);
#1375=VECTOR('',#4974,10.);
#1376=VECTOR('',#4975,10.);
#1377=VECTOR('',#4978,10.);
#1378=VECTOR('',#4979,10.);
#1379=VECTOR('',#4980,10.);
#1380=VECTOR('',#4983,10.);
#1381=VECTOR('',#4984,10.);
#1382=VECTOR('',#4987,10.);
#1383=VECTOR('',#4988,10.);
#1384=VECTOR('',#4991,10.);
#1385=VECTOR('',#4994,10.);
#1386=VECTOR('',#4995,10.);
#1387=VECTOR('',#4996,10.);
#1388=VECTOR('',#4997,10.);
#1389=VECTOR('',#5000,10.);
#1390=VECTOR('',#5001,10.);
#1391=VECTOR('',#5002,10.);
#1392=VECTOR('',#5005,10.);
#1393=VECTOR('',#5006,10.);
#1394=VECTOR('',#5009,10.);
#1395=VECTOR('',#5010,10.);
#1396=VECTOR('',#5013,10.);
#1397=VECTOR('',#5016,10.);
#1398=VECTOR('',#5017,10.);
#1399=VECTOR('',#5018,10.);
#1400=VECTOR('',#5019,10.);
#1401=VECTOR('',#5022,10.);
#1402=VECTOR('',#5023,10.);
#1403=VECTOR('',#5024,10.);
#1404=VECTOR('',#5027,10.);
#1405=VECTOR('',#5028,10.);
#1406=VECTOR('',#5031,10.);
#1407=VECTOR('',#5032,10.);
#1408=VECTOR('',#5035,10.);
#1409=VECTOR('',#5038,10.);
#1410=VECTOR('',#5039,10.);
#1411=VECTOR('',#5040,10.);
#1412=VECTOR('',#5041,10.);
#1413=VECTOR('',#5044,10.);
#1414=VECTOR('',#5045,10.);
#1415=VECTOR('',#5046,10.);
#1416=VECTOR('',#5049,10.);
#1417=VECTOR('',#5050,10.);
#1418=VECTOR('',#5053,10.);
#1419=VECTOR('',#5054,10.);
#1420=VECTOR('',#5057,10.);
#1421=VECTOR('',#5062,4.);
#1422=VECTOR('',#5071,4.);
#1423=VECTOR('',#5080,4.);
#1424=VECTOR('',#5089,4.);
#1425=VECTOR('',#5098,1.);
#1426=VECTOR('',#5105,1.);
#1427=VECTOR('',#5112,10.);
#1428=VECTOR('',#5115,10.);
#1429=VECTOR('',#5118,10.);
#1430=VECTOR('',#5119,10.);
#1431=VECTOR('',#5120,10.);
#1432=VECTOR('',#5123,10.);
#1433=VECTOR('',#5124,10.);
#1434=VECTOR('',#5125,10.);
#1435=VECTOR('',#5138,10.);
#1436=VECTOR('',#5141,10.);
#1437=VECTOR('',#5144,10.);
#1438=VECTOR('',#5145,10.);
#1439=VECTOR('',#5146,10.);
#1440=VECTOR('',#5149,10.);
#1441=VECTOR('',#5150,10.);
#1442=VECTOR('',#5151,10.);
#1443=VECTOR('',#5164,10.);
#1444=VECTOR('',#5167,10.);
#1445=VECTOR('',#5170,10.);
#1446=VECTOR('',#5171,10.);
#1447=VECTOR('',#5172,10.);
#1448=VECTOR('',#5177,10.);
#1449=VECTOR('',#5186,10.);
#1450=VECTOR('',#5189,10.);
#1451=VECTOR('',#5192,10.);
#1452=VECTOR('',#5193,10.);
#1453=VECTOR('',#5194,10.);
#1454=VECTOR('',#5197,10.);
#1455=VECTOR('',#5198,10.);
#1456=VECTOR('',#5199,10.);
#1457=VECTOR('',#5212,10.);
#1458=VECTOR('',#5215,10.);
#1459=VECTOR('',#5218,10.);
#1460=VECTOR('',#5219,10.);
#1461=VECTOR('',#5220,10.);
#1462=VECTOR('',#5223,10.);
#1463=VECTOR('',#5224,10.);
#1464=VECTOR('',#5225,10.);
#1465=VECTOR('',#5238,10.);
#1466=VECTOR('',#5241,10.);
#1467=VECTOR('',#5244,10.);
#1468=VECTOR('',#5245,10.);
#1469=VECTOR('',#5246,10.);
#1470=VECTOR('',#5249,10.);
#1471=VECTOR('',#5250,10.);
#1472=VECTOR('',#5251,10.);
#1473=VECTOR('',#5264,10.);
#1474=VECTOR('',#5267,10.);
#1475=VECTOR('',#5270,10.);
#1476=VECTOR('',#5271,10.);
#1477=VECTOR('',#5272,10.);
#1478=VECTOR('',#5275,10.);
#1479=VECTOR('',#5276,10.);
#1480=VECTOR('',#5277,10.);
#1481=VECTOR('',#5290,10.);
#1482=VECTOR('',#5293,10.);
#1483=VECTOR('',#5296,10.);
#1484=VECTOR('',#5297,10.);
#1485=VECTOR('',#5298,10.);
#1486=VECTOR('',#5301,10.);
#1487=VECTOR('',#5302,10.);
#1488=VECTOR('',#5303,10.);
#1489=VECTOR('',#5316,10.);
#1490=VECTOR('',#5319,10.);
#1491=VECTOR('',#5322,10.);
#1492=VECTOR('',#5323,10.);
#1493=VECTOR('',#5324,10.);
#1494=VECTOR('',#5327,10.);
#1495=VECTOR('',#5328,10.);
#1496=VECTOR('',#5329,10.);
#1497=VECTOR('',#5342,10.);
#1498=VECTOR('',#5345,10.);
#1499=VECTOR('',#5348,10.);
#1500=VECTOR('',#5349,10.);
#1501=VECTOR('',#5350,10.);
#1502=VECTOR('',#5359,10.);
#1503=VECTOR('',#5362,10.);
#1504=VECTOR('',#5363,10.);
#1505=VECTOR('',#5364,10.);
#1506=VECTOR('',#5365,10.);
#1507=VECTOR('',#5366,10.);
#1508=VECTOR('',#5367,10.);
#1509=VECTOR('',#5368,10.);
#1510=VECTOR('',#5369,10.);
#1511=VECTOR('',#5370,10.);
#1512=VECTOR('',#5371,10.);
#1513=VECTOR('',#5372,10.);
#1514=VECTOR('',#5375,10.);
#1515=VECTOR('',#5376,10.);
#1516=VECTOR('',#5377,10.);
#1517=VECTOR('',#5378,10.);
#1518=VECTOR('',#5379,10.);
#1519=VECTOR('',#5380,10.);
#1520=VECTOR('',#5381,10.);
#1521=VECTOR('',#5382,10.);
#1522=VECTOR('',#5383,10.);
#1523=VECTOR('',#5384,10.);
#1524=VECTOR('',#5385,10.);
#1525=VECTOR('',#5388,10.);
#1526=VECTOR('',#5391,10.);
#1527=VECTOR('',#5394,10.);
#1528=VECTOR('',#5395,10.);
#1529=VECTOR('',#5396,10.);
#1530=VECTOR('',#5397,10.);
#1531=VECTOR('',#5398,10.);
#1532=VECTOR('',#5399,10.);
#1533=VECTOR('',#5400,10.);
#1534=VECTOR('',#5401,10.);
#1535=VECTOR('',#5402,10.);
#1536=VECTOR('',#5403,10.);
#1537=VECTOR('',#5404,10.);
#1538=VECTOR('',#5405,10.);
#1539=VECTOR('',#5406,10.);
#1540=VECTOR('',#5407,10.);
#1541=VECTOR('',#5410,10.);
#1542=VECTOR('',#5411,10.);
#1543=VECTOR('',#5412,10.);
#1544=VECTOR('',#5413,10.);
#1545=VECTOR('',#5414,10.);
#1546=VECTOR('',#5415,10.);
#1547=VECTOR('',#5416,10.);
#1548=VECTOR('',#5419,10.);
#1549=VECTOR('',#5420,10.);
#1550=VECTOR('',#5423,10.);
#1551=VECTOR('',#5426,10.);
#1552=VECTOR('',#5427,10.);
#1553=VECTOR('',#5428,10.);
#1554=VECTOR('',#5429,10.);
#1555=VECTOR('',#5430,10.);
#1556=VECTOR('',#5433,10.);
#1557=VECTOR('',#5436,10.);
#1558=VECTOR('',#5437,10.);
#1559=VECTOR('',#5438,10.);
#1560=VECTOR('',#5439,10.);
#1561=VECTOR('',#5440,10.);
#1562=VECTOR('',#5443,10.);
#1563=VECTOR('',#5444,10.);
#1564=VECTOR('',#5445,10.);
#1565=VECTOR('',#5448,10.);
#1566=VECTOR('',#5449,10.);
#1567=VECTOR('',#5450,10.);
#1568=VECTOR('',#5451,10.);
#1569=VECTOR('',#5452,10.);
#1570=VECTOR('',#5453,10.);
#1571=VECTOR('',#5456,10.);
#1572=VECTOR('',#5457,10.);
#1573=VECTOR('',#5462,10.);
#1574=VECTOR('',#5465,10.);
#1575=VECTOR('',#5468,10.);
#1576=VECTOR('',#5469,10.);
#1577=VECTOR('',#5470,10.);
#1578=VECTOR('',#5473,10.);
#1579=VECTOR('',#5476,10.);
#1580=VECTOR('',#5479,10.);
#1581=VECTOR('',#5480,10.);
#1582=VECTOR('',#5481,10.);
#1583=VECTOR('',#5484,10.);
#1584=VECTOR('',#5485,10.);
#1585=VECTOR('',#5488,10.);
#1586=VECTOR('',#5489,10.);
#1587=VECTOR('',#5490,10.);
#1588=VECTOR('',#5493,10.);
#1589=VECTOR('',#5494,10.);
#1590=VECTOR('',#5497,10.);
#1591=VECTOR('',#5500,10.);
#1592=VECTOR('',#5503,10.);
#1593=VECTOR('',#5504,10.);
#1594=VECTOR('',#5513,10.);
#1595=VECTOR('',#5516,10.);
#1596=VECTOR('',#5517,10.);
#1597=VECTOR('',#5518,10.);
#1598=VECTOR('',#5521,10.);
#1599=VECTOR('',#5524,10.);
#1600=VECTOR('',#5527,10.);
#1601=VECTOR('',#5530,10.);
#1602=VECTOR('',#5533,10.);
#1603=VECTOR('',#5534,10.);
#1604=VECTOR('',#5535,10.);
#1605=VECTOR('',#5536,10.);
#1606=VECTOR('',#5539,10.);
#1607=VECTOR('',#5542,10.);
#1608=VECTOR('',#5543,10.);
#1609=VECTOR('',#5544,10.);
#1610=VECTOR('',#5545,10.);
#1611=VECTOR('',#5548,10.);
#1612=VECTOR('',#5551,10.);
#1613=VECTOR('',#5554,10.);
#1614=VECTOR('',#5557,10.);
#1615=VECTOR('',#5560,10.);
#1616=VECTOR('',#5561,10.);
#1617=VECTOR('',#5562,10.);
#1618=VECTOR('',#5563,10.);
#1619=VECTOR('',#5566,10.);
#1620=VECTOR('',#5573,10.);
#1621=VECTOR('',#5576,10.);
#1622=VECTOR('',#5581,10.);
#1623=VECTOR('',#5582,10.);
#1624=VECTOR('',#5583,10.);
#1625=VECTOR('',#5588,10.);
#1626=VECTOR('',#5593,10.);
#1627=VECTOR('',#5594,10.);
#1628=VECTOR('',#5595,10.);
#1629=VECTOR('',#5602,10.);
#1630=VECTOR('',#5603,10.);
#1631=VECTOR('',#5606,10.);
#1632=VECTOR('',#5609,10.);
#1633=VECTOR('',#5612,10.);
#1634=VECTOR('',#5613,10.);
#1635=VECTOR('',#5616,10.);
#1636=VECTOR('',#5621,10.);
#1637=VECTOR('',#5622,10.);
#1638=VECTOR('',#5623,10.);
#1639=VECTOR('',#5624,10.);
#1640=VECTOR('',#5625,10.);
#1641=VECTOR('',#5626,10.);
#1642=VECTOR('',#5627,10.);
#1643=VECTOR('',#5628,10.);
#1644=VECTOR('',#5631,10.);
#1645=VECTOR('',#5632,10.);
#1646=VECTOR('',#5633,10.);
#1647=VECTOR('',#5636,10.);
#1648=VECTOR('',#5639,10.);
#1649=VECTOR('',#5642,10.);
#1650=VECTOR('',#5645,10.);
#1651=VECTOR('',#5648,10.);
#1652=VECTOR('',#5651,10.);
#1653=VECTOR('',#5654,10.);
#1654=VECTOR('',#5657,10.);
#1655=VECTOR('',#5660,10.);
#1656=VECTOR('',#5663,10.);
#1657=VECTOR('',#5666,10.);
#1658=VECTOR('',#5667,10.);
#1659=VECTOR('',#5670,10.);
#1660=VECTOR('',#5671,10.);
#1661=VECTOR('',#5674,10.);
#1662=VECTOR('',#5675,10.);
#1663=VECTOR('',#5678,10.);
#1664=VECTOR('',#5679,10.);
#1665=VECTOR('',#5682,10.);
#1666=VECTOR('',#5683,10.);
#1667=VECTOR('',#5706,10.);
#1668=VECTOR('',#5707,10.);
#1669=VECTOR('',#5710,10.);
#1670=VECTOR('',#5715,10.);
#1671=VECTOR('',#5716,10.);
#1672=VECTOR('',#5719,10.);
#1673=VECTOR('',#5720,10.);
#1674=VECTOR('',#5723,10.);
#1675=VECTOR('',#5724,10.);
#1676=VECTOR('',#5727,10.);
#1677=VECTOR('',#5728,10.);
#1678=VECTOR('',#5729,10.);
#1679=VECTOR('',#5730,10.);
#1680=VECTOR('',#5733,10.);
#1681=VECTOR('',#5734,10.);
#1682=VECTOR('',#5735,10.);
#1683=VECTOR('',#5736,10.);
#1684=VECTOR('',#5739,10.);
#1685=VECTOR('',#5740,10.);
#1686=VECTOR('',#5743,10.);
#1687=VECTOR('',#5744,10.);
#1688=VECTOR('',#5747,10.);
#1689=VECTOR('',#5750,10.);
#1690=VECTOR('',#5753,10.);
#1691=VECTOR('',#5756,10.);
#1692=VECTOR('',#5761,10.);
#1693=VECTOR('',#5764,10.);
#1694=VECTOR('',#5769,10.);
#1695=VECTOR('',#5770,10.);
#1696=VECTOR('',#5771,10.);
#1697=VECTOR('',#5772,10.);
#1698=VECTOR('',#5785,10.);
#1699=VECTOR('',#5788,10.);
#1700=VECTOR('',#5789,10.);
#1701=VECTOR('',#5790,10.);
#1702=VECTOR('',#5797,10.);
#1703=VECTOR('',#5800,10.);
#1704=VECTOR('',#5801,10.);
#1705=VECTOR('',#5810,10.);
#1706=VECTOR('',#5811,10.);
#1707=VECTOR('',#5814,10.);
#1708=VECTOR('',#5819,10.);
#1709=VECTOR('',#5822,10.);
#1710=VECTOR('',#5829,10.);
#1711=VECTOR('',#5830,10.);
#1712=VECTOR('',#5831,10.);
#1713=VECTOR('',#5834,10.);
#1714=VECTOR('',#5835,10.);
#1715=VECTOR('',#5836,10.);
#1716=VECTOR('',#5839,10.);
#1717=VECTOR('',#5846,10.);
#1718=VECTOR('',#5847,10.);
#1719=VECTOR('',#5848,10.);
#1720=VECTOR('',#5851,10.);
#1721=VECTOR('',#5858,10.);
#1722=VECTOR('',#5859,10.);
#1723=VECTOR('',#5860,10.);
#1724=VECTOR('',#5865,10.);
#1725=VECTOR('',#5866,10.);
#1726=VECTOR('',#5869,10.);
#1727=VECTOR('',#5870,10.);
#1728=VECTOR('',#5871,10.);
#1729=VECTOR('',#5874,10.);
#1730=VECTOR('',#5875,10.);
#1731=VECTOR('',#5880,10.);
#1732=VECTOR('',#5893,10.);
#1733=VECTOR('',#5900,10.);
#1734=VECTOR('',#5911,10.);
#1735=VECTOR('',#5914,10.);
#1736=VECTOR('',#5925,10.);
#1737=VECTOR('',#5930,10.);
#1738=VECTOR('',#5931,10.);
#1739=VECTOR('',#5936,10.);
#1740=VECTOR('',#5939,10.);
#1741=VECTOR('',#5948,10.);
#1742=VECTOR('',#5949,10.);
#1743=VECTOR('',#5956,10.);
#1744=VECTOR('',#5959,10.);
#1745=VECTOR('',#5960,10.);
#1746=VECTOR('',#5963,10.);
#1747=VECTOR('',#5964,10.);
#1748=VECTOR('',#5967,10.);
#1749=VECTOR('',#5972,10.);
#1750=VECTOR('',#5973,10.);
#1751=VECTOR('',#5976,10.);
#1752=VECTOR('',#5981,10.);
#1753=VECTOR('',#5982,10.);
#1754=VECTOR('',#5987,10.);
#1755=VECTOR('',#5992,10.);
#1756=VECTOR('',#5993,10.);
#1757=VECTOR('',#5996,10.);
#1758=VECTOR('',#5997,10.);
#1759=VECTOR('',#6000,10.);
#1760=VECTOR('',#6003,10.);
#1761=VECTOR('',#6006,18.);
#1762=VECTOR('',#6009,10.);
#1763=VECTOR('',#6012,10.);
#1764=CIRCLE('',#4414,1.425);
#1765=CIRCLE('',#4415,1.125);
#1766=CIRCLE('',#4417,1.425);
#1767=CIRCLE('',#4420,1.425);
#1768=CIRCLE('',#4421,1.125);
#1769=CIRCLE('',#4423,1.425);
#1770=CIRCLE('',#4426,1.425);
#1771=CIRCLE('',#4427,1.125);
#1772=CIRCLE('',#4429,1.425);
#1773=CIRCLE('',#4432,1.425);
#1774=CIRCLE('',#4433,1.125);
#1775=CIRCLE('',#4435,1.425);
#1776=CIRCLE('',#4438,1.425);
#1777=CIRCLE('',#4439,1.125);
#1778=CIRCLE('',#4441,1.425);
#1779=CIRCLE('',#4444,1.425);
#1780=CIRCLE('',#4445,1.125);
#1781=CIRCLE('',#4447,1.425);
#1782=CIRCLE('',#4490,4.);
#1783=CIRCLE('',#4491,4.);
#1784=CIRCLE('',#4494,4.);
#1785=CIRCLE('',#4495,4.);
#1786=CIRCLE('',#4498,4.);
#1787=CIRCLE('',#4499,4.);
#1788=CIRCLE('',#4502,4.);
#1789=CIRCLE('',#4503,4.);
#1790=CIRCLE('',#4506,1.);
#1791=CIRCLE('',#4509,1.);
#1792=CIRCLE('',#4512,0.699999999999997);
#1793=CIRCLE('',#4517,0.700000000000007);
#1794=CIRCLE('',#4521,0.699999999999998);
#1795=CIRCLE('',#4526,0.700000000000011);
#1796=CIRCLE('',#4530,0.699999999999994);
#1797=CIRCLE('',#4534,0.700000000000007);
#1798=CIRCLE('',#4538,0.699999999999998);
#1799=CIRCLE('',#4543,0.700000000000011);
#1800=CIRCLE('',#4547,0.699999999999994);
#1801=CIRCLE('',#4552,0.700000000000011);
#1802=CIRCLE('',#4556,0.699999999999996);
#1803=CIRCLE('',#4561,0.70000000000001);
#1804=CIRCLE('',#4565,0.699999999999997);
#1805=CIRCLE('',#4570,0.700000000000011);
#1806=CIRCLE('',#4574,0.699999999999998);
#1807=CIRCLE('',#4579,0.70000000000001);
#1808=CIRCLE('',#4583,0.699999999999996);
#1809=CIRCLE('',#4588,0.70000000000001);
#1810=CIRCLE('',#4592,0.699999999999994);
#1811=CIRCLE('',#4596,0.700000000000007);
#1812=CIRCLE('',#4615,3.49999999999999);
#1813=CIRCLE('',#4616,3.50000000000001);
#1814=CIRCLE('',#4617,6.5);
#1815=CIRCLE('',#4618,6.5);
#1816=CIRCLE('',#4629,6.5);
#1817=CIRCLE('',#4630,6.5);
#1818=CIRCLE('',#4631,3.50000000000001);
#1819=CIRCLE('',#4632,3.49999999999999);
#1820=CIRCLE('',#4634,3.49999999999999);
#1821=CIRCLE('',#4635,3.50000000000001);
#1822=CIRCLE('',#4638,3.50000000000001);
#1823=CIRCLE('',#4639,3.49999999999999);
#1824=CIRCLE('',#4644,2.6);
#1825=CIRCLE('',#4645,2.);
#1826=CIRCLE('',#4647,2.);
#1827=CIRCLE('',#4648,2.6);
#1828=CIRCLE('',#4651,2.);
#1829=CIRCLE('',#4652,2.6);
#1830=CIRCLE('',#4655,2.);
#1831=CIRCLE('',#4656,2.6);
#1832=CIRCLE('',#4709,6.5);
#1833=CIRCLE('',#4710,7.00000000000002);
#1834=CIRCLE('',#4712,6.5);
#1835=CIRCLE('',#4713,7.00000000000002);
#1836=CIRCLE('',#4716,6.49999999999999);
#1837=CIRCLE('',#4717,6.99999999999998);
#1838=CIRCLE('',#4720,6.5);
#1839=CIRCLE('',#4721,6.99999999999998);
#1840=CIRCLE('',#4732,1.99999999999999);
#1841=CIRCLE('',#4733,0.999999999999989);
#1842=CIRCLE('',#4736,1.99999999999999);
#1843=CIRCLE('',#4737,0.999999999999995);
#1844=CIRCLE('',#4741,0.999999999999998);
#1845=CIRCLE('',#4742,0.999999999999995);
#1846=CIRCLE('',#4746,1.5);
#1847=CIRCLE('',#4747,1.5);
#1848=CIRCLE('',#4748,1.5);
#1849=CIRCLE('',#4750,1.5);
#1850=CIRCLE('',#4751,1.5);
#1851=CIRCLE('',#4752,2.5);
#1852=CIRCLE('',#4755,1.5);
#1853=CIRCLE('',#4756,1.49999999999999);
#1854=CIRCLE('',#4757,1.5);
#1855=CIRCLE('',#4760,1.5);
#1856=CIRCLE('',#4762,1.5);
#1857=CIRCLE('',#4763,2.5);
#1858=CIRCLE('',#4766,1.5);
#1859=CIRCLE('',#4768,1.5);
#1860=CIRCLE('',#4769,1.5);
#1861=CIRCLE('',#4770,1.5);
#1862=CIRCLE('',#4780,2.5);
#1863=CIRCLE('',#4783,2.5);
#1864=CIRCLE('',#4787,2.5);
#1865=CIRCLE('',#4793,2.5);
#1866=VERTEX_POINT('',#6017);
#1867=VERTEX_POINT('',#6019);
#1868=VERTEX_POINT('',#6023);
#1869=VERTEX_POINT('',#6028);
#1870=VERTEX_POINT('',#6030);
#1871=VERTEX_POINT('',#6034);
#1872=VERTEX_POINT('',#6039);
#1873=VERTEX_POINT('',#6041);
#1874=VERTEX_POINT('',#6045);
#1875=VERTEX_POINT('',#6050);
#1876=VERTEX_POINT('',#6052);
#1877=VERTEX_POINT('',#6056);
#1878=VERTEX_POINT('',#6061);
#1879=VERTEX_POINT('',#6063);
#1880=VERTEX_POINT('',#6067);
#1881=VERTEX_POINT('',#6072);
#1882=VERTEX_POINT('',#6074);
#1883=VERTEX_POINT('',#6078);
#1884=VERTEX_POINT('',#6083);
#1885=VERTEX_POINT('',#6084);
#1886=VERTEX_POINT('',#6086);
#1887=VERTEX_POINT('',#6088);
#1888=VERTEX_POINT('',#6092);
#1889=VERTEX_POINT('',#6094);
#1890=VERTEX_POINT('',#6098);
#1891=VERTEX_POINT('',#6102);
#1892=VERTEX_POINT('',#6108);
#1893=VERTEX_POINT('',#6109);
#1894=VERTEX_POINT('',#6111);
#1895=VERTEX_POINT('',#6113);
#1896=VERTEX_POINT('',#6117);
#1897=VERTEX_POINT('',#6119);
#1898=VERTEX_POINT('',#6123);
#1899=VERTEX_POINT('',#6127);
#1900=VERTEX_POINT('',#6133);
#1901=VERTEX_POINT('',#6134);
#1902=VERTEX_POINT('',#6136);
#1903=VERTEX_POINT('',#6138);
#1904=VERTEX_POINT('',#6142);
#1905=VERTEX_POINT('',#6144);
#1906=VERTEX_POINT('',#6148);
#1907=VERTEX_POINT('',#6152);
#1908=VERTEX_POINT('',#6158);
#1909=VERTEX_POINT('',#6159);
#1910=VERTEX_POINT('',#6161);
#1911=VERTEX_POINT('',#6163);
#1912=VERTEX_POINT('',#6167);
#1913=VERTEX_POINT('',#6169);
#1914=VERTEX_POINT('',#6173);
#1915=VERTEX_POINT('',#6177);
#1916=VERTEX_POINT('',#6183);
#1917=VERTEX_POINT('',#6184);
#1918=VERTEX_POINT('',#6186);
#1919=VERTEX_POINT('',#6188);
#1920=VERTEX_POINT('',#6192);
#1921=VERTEX_POINT('',#6194);
#1922=VERTEX_POINT('',#6198);
#1923=VERTEX_POINT('',#6202);
#1924=VERTEX_POINT('',#6208);
#1925=VERTEX_POINT('',#6209);
#1926=VERTEX_POINT('',#6211);
#1927=VERTEX_POINT('',#6213);
#1928=VERTEX_POINT('',#6217);
#1929=VERTEX_POINT('',#6219);
#1930=VERTEX_POINT('',#6223);
#1931=VERTEX_POINT('',#6227);
#1932=VERTEX_POINT('',#6233);
#1933=VERTEX_POINT('',#6234);
#1934=VERTEX_POINT('',#6236);
#1935=VERTEX_POINT('',#6238);
#1936=VERTEX_POINT('',#6242);
#1937=VERTEX_POINT('',#6244);
#1938=VERTEX_POINT('',#6248);
#1939=VERTEX_POINT('',#6252);
#1940=VERTEX_POINT('',#6258);
#1941=VERTEX_POINT('',#6259);
#1942=VERTEX_POINT('',#6261);
#1943=VERTEX_POINT('',#6263);
#1944=VERTEX_POINT('',#6267);
#1945=VERTEX_POINT('',#6269);
#1946=VERTEX_POINT('',#6273);
#1947=VERTEX_POINT('',#6277);
#1948=VERTEX_POINT('',#6283);
#1949=VERTEX_POINT('',#6285);
#1950=VERTEX_POINT('',#6290);
#1951=VERTEX_POINT('',#6292);
#1952=VERTEX_POINT('',#6297);
#1953=VERTEX_POINT('',#6299);
#1954=VERTEX_POINT('',#6304);
#1955=VERTEX_POINT('',#6306);
#1956=VERTEX_POINT('',#6311);
#1957=VERTEX_POINT('',#6313);
#1958=VERTEX_POINT('',#6317);
#1959=VERTEX_POINT('',#6319);
#1960=VERTEX_POINT('',#6323);
#1961=VERTEX_POINT('',#6324);
#1962=VERTEX_POINT('',#6326);
#1963=VERTEX_POINT('',#6328);
#1964=VERTEX_POINT('',#6332);
#1965=VERTEX_POINT('',#6334);
#1966=VERTEX_POINT('',#6338);
#1967=VERTEX_POINT('',#6340);
#1968=VERTEX_POINT('',#6345);
#1969=VERTEX_POINT('',#6349);
#1970=VERTEX_POINT('',#6350);
#1971=VERTEX_POINT('',#6352);
#1972=VERTEX_POINT('',#6354);
#1973=VERTEX_POINT('',#6358);
#1974=VERTEX_POINT('',#6360);
#1975=VERTEX_POINT('',#6364);
#1976=VERTEX_POINT('',#6366);
#1977=VERTEX_POINT('',#6371);
#1978=VERTEX_POINT('',#6375);
#1979=VERTEX_POINT('',#6376);
#1980=VERTEX_POINT('',#6378);
#1981=VERTEX_POINT('',#6380);
#1982=VERTEX_POINT('',#6384);
#1983=VERTEX_POINT('',#6386);
#1984=VERTEX_POINT('',#6390);
#1985=VERTEX_POINT('',#6392);
#1986=VERTEX_POINT('',#6394);
#1987=VERTEX_POINT('',#6398);
#1988=VERTEX_POINT('',#6399);
#1989=VERTEX_POINT('',#6401);
#1990=VERTEX_POINT('',#6403);
#1991=VERTEX_POINT('',#6407);
#1992=VERTEX_POINT('',#6409);
#1993=VERTEX_POINT('',#6413);
#1994=VERTEX_POINT('',#6415);
#1995=VERTEX_POINT('',#6420);
#1996=VERTEX_POINT('',#6424);
#1997=VERTEX_POINT('',#6425);
#1998=VERTEX_POINT('',#6427);
#1999=VERTEX_POINT('',#6429);
#2000=VERTEX_POINT('',#6433);
#2001=VERTEX_POINT('',#6435);
#2002=VERTEX_POINT('',#6439);
#2003=VERTEX_POINT('',#6441);
#2004=VERTEX_POINT('',#6446);
#2005=VERTEX_POINT('',#6450);
#2006=VERTEX_POINT('',#6451);
#2007=VERTEX_POINT('',#6453);
#2008=VERTEX_POINT('',#6455);
#2009=VERTEX_POINT('',#6459);
#2010=VERTEX_POINT('',#6461);
#2011=VERTEX_POINT('',#6465);
#2012=VERTEX_POINT('',#6467);
#2013=VERTEX_POINT('',#6472);
#2014=VERTEX_POINT('',#6476);
#2015=VERTEX_POINT('',#6477);
#2016=VERTEX_POINT('',#6479);
#2017=VERTEX_POINT('',#6481);
#2018=VERTEX_POINT('',#6485);
#2019=VERTEX_POINT('',#6487);
#2020=VERTEX_POINT('',#6491);
#2021=VERTEX_POINT('',#6493);
#2022=VERTEX_POINT('',#6498);
#2023=VERTEX_POINT('',#6502);
#2024=VERTEX_POINT('',#6503);
#2025=VERTEX_POINT('',#6505);
#2026=VERTEX_POINT('',#6507);
#2027=VERTEX_POINT('',#6511);
#2028=VERTEX_POINT('',#6513);
#2029=VERTEX_POINT('',#6517);
#2030=VERTEX_POINT('',#6519);
#2031=VERTEX_POINT('',#6524);
#2032=VERTEX_POINT('',#6528);
#2033=VERTEX_POINT('',#6529);
#2034=VERTEX_POINT('',#6531);
#2035=VERTEX_POINT('',#6533);
#2036=VERTEX_POINT('',#6537);
#2037=VERTEX_POINT('',#6539);
#2038=VERTEX_POINT('',#6543);
#2039=VERTEX_POINT('',#6545);
#2040=VERTEX_POINT('',#6550);
#2041=VERTEX_POINT('',#6554);
#2042=VERTEX_POINT('',#6555);
#2043=VERTEX_POINT('',#6557);
#2044=VERTEX_POINT('',#6559);
#2045=VERTEX_POINT('',#6563);
#2046=VERTEX_POINT('',#6565);
#2047=VERTEX_POINT('',#6569);
#2048=VERTEX_POINT('',#6571);
#2049=VERTEX_POINT('',#6573);
#2050=VERTEX_POINT('',#6577);
#2051=VERTEX_POINT('',#6579);
#2052=VERTEX_POINT('',#6581);
#2053=VERTEX_POINT('',#6583);
#2054=VERTEX_POINT('',#6585);
#2055=VERTEX_POINT('',#6587);
#2056=VERTEX_POINT('',#6589);
#2057=VERTEX_POINT('',#6591);
#2058=VERTEX_POINT('',#6593);
#2059=VERTEX_POINT('',#6598);
#2060=VERTEX_POINT('',#6600);
#2061=VERTEX_POINT('',#6602);
#2062=VERTEX_POINT('',#6604);
#2063=VERTEX_POINT('',#6606);
#2064=VERTEX_POINT('',#6608);
#2065=VERTEX_POINT('',#6610);
#2066=VERTEX_POINT('',#6612);
#2067=VERTEX_POINT('',#6614);
#2068=VERTEX_POINT('',#6632);
#2069=VERTEX_POINT('',#6634);
#2070=VERTEX_POINT('',#6636);
#2071=VERTEX_POINT('',#6638);
#2072=VERTEX_POINT('',#6642);
#2073=VERTEX_POINT('',#6643);
#2074=VERTEX_POINT('',#6645);
#2075=VERTEX_POINT('',#6647);
#2076=VERTEX_POINT('',#6649);
#2077=VERTEX_POINT('',#6651);
#2078=VERTEX_POINT('',#6653);
#2079=VERTEX_POINT('',#6662);
#2080=VERTEX_POINT('',#6663);
#2081=VERTEX_POINT('',#6665);
#2082=VERTEX_POINT('',#6668);
#2083=VERTEX_POINT('',#6674);
#2084=VERTEX_POINT('',#6675);
#2085=VERTEX_POINT('',#6677);
#2086=VERTEX_POINT('',#6680);
#2087=VERTEX_POINT('',#6684);
#2088=VERTEX_POINT('',#6686);
#2089=VERTEX_POINT('',#6690);
#2090=VERTEX_POINT('',#6691);
#2091=VERTEX_POINT('',#6693);
#2092=VERTEX_POINT('',#6695);
#2093=VERTEX_POINT('',#6697);
#2094=VERTEX_POINT('',#6706);
#2095=VERTEX_POINT('',#6708);
#2096=VERTEX_POINT('',#6710);
#2097=VERTEX_POINT('',#6712);
#2098=VERTEX_POINT('',#6714);
#2099=VERTEX_POINT('',#6716);
#2100=VERTEX_POINT('',#6718);
#2101=VERTEX_POINT('',#6720);
#2102=VERTEX_POINT('',#6722);
#2103=VERTEX_POINT('',#6724);
#2104=VERTEX_POINT('',#6728);
#2105=VERTEX_POINT('',#6730);
#2106=VERTEX_POINT('',#6737);
#2107=VERTEX_POINT('',#6739);
#2108=VERTEX_POINT('',#6743);
#2109=VERTEX_POINT('',#6756);
#2110=VERTEX_POINT('',#6758);
#2111=VERTEX_POINT('',#6760);
#2112=VERTEX_POINT('',#6762);
#2113=VERTEX_POINT('',#6764);
#2114=VERTEX_POINT('',#6766);
#2115=VERTEX_POINT('',#6768);
#2116=VERTEX_POINT('',#6770);
#2117=VERTEX_POINT('',#6772);
#2118=VERTEX_POINT('',#6776);
#2119=VERTEX_POINT('',#6778);
#2120=VERTEX_POINT('',#6780);
#2121=VERTEX_POINT('',#6782);
#2122=VERTEX_POINT('',#6784);
#2123=VERTEX_POINT('',#6786);
#2124=VERTEX_POINT('',#6788);
#2125=VERTEX_POINT('',#6790);
#2126=VERTEX_POINT('',#6792);
#2127=VERTEX_POINT('',#6794);
#2128=VERTEX_POINT('',#6796);
#2129=VERTEX_POINT('',#6798);
#2130=VERTEX_POINT('',#6800);
#2131=VERTEX_POINT('',#6802);
#2132=VERTEX_POINT('',#6804);
#2133=VERTEX_POINT('',#6806);
#2134=VERTEX_POINT('',#6808);
#2135=VERTEX_POINT('',#6810);
#2136=VERTEX_POINT('',#6818);
#2137=VERTEX_POINT('',#6819);
#2138=VERTEX_POINT('',#6821);
#2139=VERTEX_POINT('',#6823);
#2140=VERTEX_POINT('',#6827);
#2141=VERTEX_POINT('',#6828);
#2142=VERTEX_POINT('',#6833);
#2143=VERTEX_POINT('',#6834);
#2144=VERTEX_POINT('',#6836);
#2145=VERTEX_POINT('',#6838);
#2146=VERTEX_POINT('',#6842);
#2147=VERTEX_POINT('',#6843);
#2148=VERTEX_POINT('',#6848);
#2149=VERTEX_POINT('',#6850);
#2150=VERTEX_POINT('',#6854);
#2151=VERTEX_POINT('',#6855);
#2152=VERTEX_POINT('',#6878);
#2153=VERTEX_POINT('',#6879);
#2154=VERTEX_POINT('',#6905);
#2155=VERTEX_POINT('',#6906);
#2156=VERTEX_POINT('',#6941);
#2157=VERTEX_POINT('',#6943);
#2158=VERTEX_POINT('',#6947);
#2159=VERTEX_POINT('',#6951);
#2160=VERTEX_POINT('',#6955);
#2161=VERTEX_POINT('',#6957);
#2162=VERTEX_POINT('',#6959);
#2163=VERTEX_POINT('',#6961);
#2164=VERTEX_POINT('',#6963);
#2165=VERTEX_POINT('',#6965);
#2166=VERTEX_POINT('',#6970);
#2167=VERTEX_POINT('',#6972);
#2168=VERTEX_POINT('',#7037);
#2169=VERTEX_POINT('',#7046);
#2170=VERTEX_POINT('',#7048);
#2171=VERTEX_POINT('',#7057);
#2172=VERTEX_POINT('',#7124);
#2173=VERTEX_POINT('',#7126);
#2174=VERTEX_POINT('',#7130);
#2175=VERTEX_POINT('',#7132);
#2176=VERTEX_POINT('',#7136);
#2177=VERTEX_POINT('',#7138);
#2178=VERTEX_POINT('',#7142);
#2179=VERTEX_POINT('',#7144);
#2180=VERTEX_POINT('',#7148);
#2181=VERTEX_POINT('',#7150);
#2182=VERTEX_POINT('',#7154);
#2183=VERTEX_POINT('',#7158);
#2184=VERTEX_POINT('',#7162);
#2185=VERTEX_POINT('',#7166);
#2186=VERTEX_POINT('',#7170);
#2187=VERTEX_POINT('',#7190);
#2188=VERTEX_POINT('',#7194);
#2189=VERTEX_POINT('',#7198);
#2190=VERTEX_POINT('',#7203);
#2191=VERTEX_POINT('',#7205);
#2192=VERTEX_POINT('',#7210);
#2193=VERTEX_POINT('',#7212);
#2194=VERTEX_POINT('',#7216);
#2195=VERTEX_POINT('',#7220);
#2196=VERTEX_POINT('',#7238);
#2197=VERTEX_POINT('',#7239);
#2198=VERTEX_POINT('',#7241);
#2199=VERTEX_POINT('',#7243);
#2200=VERTEX_POINT('',#7250);
#2201=VERTEX_POINT('',#7252);
#2202=VERTEX_POINT('',#7256);
#2203=VERTEX_POINT('',#7258);
#2204=VERTEX_POINT('',#7262);
#2205=VERTEX_POINT('',#7264);
#2206=VERTEX_POINT('',#7286);
#2207=VERTEX_POINT('',#7392);
#2208=VERTEX_POINT('',#7393);
#2209=VERTEX_POINT('',#7495);
#2210=VERTEX_POINT('',#7500);
#2211=VERTEX_POINT('',#7598);
#2212=VERTEX_POINT('',#7609);
#2213=VERTEX_POINT('',#7610);
#2214=VERTEX_POINT('',#7615);
#2215=VERTEX_POINT('',#7616);
#2216=VERTEX_POINT('',#7621);
#2217=VERTEX_POINT('',#7622);
#2218=VERTEX_POINT('',#7627);
#2219=VERTEX_POINT('',#7628);
#2220=VERTEX_POINT('',#7633);
#2221=VERTEX_POINT('',#7679);
#2222=VERTEX_POINT('',#7681);
#2223=VERTEX_POINT('',#7683);
#2224=VERTEX_POINT('',#7685);
#2225=VERTEX_POINT('',#7687);
#2226=VERTEX_POINT('',#7689);
#2227=VERTEX_POINT('',#7691);
#2228=VERTEX_POINT('',#7693);
#2229=VERTEX_POINT('',#7697);
#2230=VERTEX_POINT('',#7701);
#2231=VERTEX_POINT('',#7702);
#2232=VERTEX_POINT('',#7707);
#2233=VERTEX_POINT('',#7719);
#2234=VERTEX_POINT('',#7725);
#2235=VERTEX_POINT('',#7726);
#2236=VERTEX_POINT('',#7733);
#2237=VERTEX_POINT('',#7734);
#2238=VERTEX_POINT('',#7747);
#2239=VERTEX_POINT('',#7753);
#2240=VERTEX_POINT('',#7754);
#2241=VERTEX_POINT('',#7759);
#2242=VERTEX_POINT('',#7760);
#2243=VERTEX_POINT('',#7762);
#2244=VERTEX_POINT('',#7764);
#2245=VERTEX_POINT('',#7792);
#2246=VERTEX_POINT('',#7793);
#2247=VERTEX_POINT('',#7835);
#2248=VERTEX_POINT('',#7837);
#2249=VERTEX_POINT('',#7844);
#2250=VERTEX_POINT('',#7848);
#2251=VERTEX_POINT('',#7852);
#2252=VERTEX_POINT('',#7856);
#2253=VERTEX_POINT('',#7860);
#2254=VERTEX_POINT('',#7865);
#2255=VERTEX_POINT('',#7869);
#2256=VERTEX_POINT('',#7873);
#2257=VERTEX_POINT('',#7875);
#2258=VERTEX_POINT('',#7882);
#2259=VERTEX_POINT('',#7910);
#2260=VERTEX_POINT('',#8107);
#2261=EDGE_CURVE('',#1866,#1866,#1764,.T.);
#2262=EDGE_CURVE('',#1866,#1867,#862,.T.);
#2263=EDGE_CURVE('',#1867,#1867,#1765,.T.);
#2264=EDGE_CURVE('',#1868,#1868,#1766,.T.);
#2265=EDGE_CURVE('',#1868,#1866,#863,.T.);
#2266=EDGE_CURVE('',#1869,#1869,#1767,.T.);
#2267=EDGE_CURVE('',#1869,#1870,#864,.T.);
#2268=EDGE_CURVE('',#1870,#1870,#1768,.T.);
#2269=EDGE_CURVE('',#1871,#1871,#1769,.T.);
#2270=EDGE_CURVE('',#1871,#1869,#865,.T.);
#2271=EDGE_CURVE('',#1872,#1872,#1770,.T.);
#2272=EDGE_CURVE('',#1872,#1873,#866,.T.);
#2273=EDGE_CURVE('',#1873,#1873,#1771,.T.);
#2274=EDGE_CURVE('',#1874,#1874,#1772,.T.);
#2275=EDGE_CURVE('',#1874,#1872,#867,.T.);
#2276=EDGE_CURVE('',#1875,#1875,#1773,.T.);
#2277=EDGE_CURVE('',#1875,#1876,#868,.T.);
#2278=EDGE_CURVE('',#1876,#1876,#1774,.T.);
#2279=EDGE_CURVE('',#1877,#1877,#1775,.T.);
#2280=EDGE_CURVE('',#1877,#1875,#869,.T.);
#2281=EDGE_CURVE('',#1878,#1878,#1776,.T.);
#2282=EDGE_CURVE('',#1878,#1879,#870,.T.);
#2283=EDGE_CURVE('',#1879,#1879,#1777,.T.);
#2284=EDGE_CURVE('',#1880,#1880,#1778,.T.);
#2285=EDGE_CURVE('',#1880,#1878,#871,.T.);
#2286=EDGE_CURVE('',#1881,#1881,#1779,.T.);
#2287=EDGE_CURVE('',#1881,#1882,#872,.T.);
#2288=EDGE_CURVE('',#1882,#1882,#1780,.T.);
#2289=EDGE_CURVE('',#1883,#1883,#1781,.T.);
#2290=EDGE_CURVE('',#1883,#1881,#873,.T.);
#2291=EDGE_CURVE('',#1884,#1885,#874,.T.);
#2292=EDGE_CURVE('',#1884,#1886,#875,.T.);
#2293=EDGE_CURVE('',#1887,#1886,#876,.T.);
#2294=EDGE_CURVE('',#1887,#1885,#877,.T.);
#2295=EDGE_CURVE('',#1885,#1888,#878,.T.);
#2296=EDGE_CURVE('',#1889,#1887,#879,.T.);
#2297=EDGE_CURVE('',#1888,#1889,#880,.T.);
#2298=EDGE_CURVE('',#1886,#1890,#881,.T.);
#2299=EDGE_CURVE('',#1889,#1890,#882,.T.);
#2300=EDGE_CURVE('',#1888,#1891,#883,.T.);
#2301=EDGE_CURVE('',#1890,#1891,#884,.T.);
#2302=EDGE_CURVE('',#1891,#1884,#885,.T.);
#2303=EDGE_CURVE('',#1892,#1893,#886,.T.);
#2304=EDGE_CURVE('',#1892,#1894,#887,.T.);
#2305=EDGE_CURVE('',#1895,#1894,#888,.T.);
#2306=EDGE_CURVE('',#1895,#1893,#889,.T.);
#2307=EDGE_CURVE('',#1893,#1896,#890,.T.);
#2308=EDGE_CURVE('',#1897,#1895,#891,.T.);
#2309=EDGE_CURVE('',#1896,#1897,#892,.T.);
#2310=EDGE_CURVE('',#1894,#1898,#893,.T.);
#2311=EDGE_CURVE('',#1897,#1898,#894,.T.);
#2312=EDGE_CURVE('',#1896,#1899,#895,.T.);
#2313=EDGE_CURVE('',#1898,#1899,#896,.T.);
#2314=EDGE_CURVE('',#1899,#1892,#897,.T.);
#2315=EDGE_CURVE('',#1900,#1901,#898,.T.);
#2316=EDGE_CURVE('',#1900,#1902,#899,.T.);
#2317=EDGE_CURVE('',#1902,#1903,#900,.T.);
#2318=EDGE_CURVE('',#1903,#1901,#901,.T.);
#2319=EDGE_CURVE('',#1901,#1904,#902,.T.);
#2320=EDGE_CURVE('',#1905,#1903,#903,.T.);
#2321=EDGE_CURVE('',#1904,#1905,#904,.T.);
#2322=EDGE_CURVE('',#1902,#1906,#905,.T.);
#2323=EDGE_CURVE('',#1906,#1905,#906,.T.);
#2324=EDGE_CURVE('',#1904,#1907,#907,.T.);
#2325=EDGE_CURVE('',#1906,#1907,#908,.T.);
#2326=EDGE_CURVE('',#1907,#1900,#909,.T.);
#2327=EDGE_CURVE('',#1908,#1909,#910,.T.);
#2328=EDGE_CURVE('',#1908,#1910,#911,.T.);
#2329=EDGE_CURVE('',#1910,#1911,#912,.T.);
#2330=EDGE_CURVE('',#1911,#1909,#913,.T.);
#2331=EDGE_CURVE('',#1909,#1912,#914,.T.);
#2332=EDGE_CURVE('',#1913,#1911,#915,.T.);
#2333=EDGE_CURVE('',#1912,#1913,#916,.T.);
#2334=EDGE_CURVE('',#1910,#1914,#917,.T.);
#2335=EDGE_CURVE('',#1914,#1913,#918,.T.);
#2336=EDGE_CURVE('',#1912,#1915,#919,.T.);
#2337=EDGE_CURVE('',#1914,#1915,#920,.T.);
#2338=EDGE_CURVE('',#1915,#1908,#921,.T.);
#2339=EDGE_CURVE('',#1916,#1917,#922,.T.);
#2340=EDGE_CURVE('',#1916,#1918,#923,.T.);
#2341=EDGE_CURVE('',#1919,#1918,#924,.T.);
#2342=EDGE_CURVE('',#1919,#1917,#925,.T.);
#2343=EDGE_CURVE('',#1917,#1920,#926,.T.);
#2344=EDGE_CURVE('',#1921,#1919,#927,.T.);
#2345=EDGE_CURVE('',#1920,#1921,#928,.T.);
#2346=EDGE_CURVE('',#1918,#1922,#929,.T.);
#2347=EDGE_CURVE('',#1921,#1922,#930,.T.);
#2348=EDGE_CURVE('',#1920,#1923,#931,.T.);
#2349=EDGE_CURVE('',#1922,#1923,#932,.T.);
#2350=EDGE_CURVE('',#1923,#1916,#933,.T.);
#2351=EDGE_CURVE('',#1924,#1925,#934,.T.);
#2352=EDGE_CURVE('',#1924,#1926,#935,.T.);
#2353=EDGE_CURVE('',#1927,#1926,#936,.T.);
#2354=EDGE_CURVE('',#1927,#1925,#937,.T.);
#2355=EDGE_CURVE('',#1925,#1928,#938,.T.);
#2356=EDGE_CURVE('',#1929,#1927,#939,.T.);
#2357=EDGE_CURVE('',#1928,#1929,#940,.T.);
#2358=EDGE_CURVE('',#1926,#1930,#941,.T.);
#2359=EDGE_CURVE('',#1929,#1930,#942,.T.);
#2360=EDGE_CURVE('',#1928,#1931,#943,.T.);
#2361=EDGE_CURVE('',#1930,#1931,#944,.T.);
#2362=EDGE_CURVE('',#1931,#1924,#945,.T.);
#2363=EDGE_CURVE('',#1932,#1933,#946,.T.);
#2364=EDGE_CURVE('',#1932,#1934,#947,.T.);
#2365=EDGE_CURVE('',#1934,#1935,#948,.T.);
#2366=EDGE_CURVE('',#1935,#1933,#949,.T.);
#2367=EDGE_CURVE('',#1933,#1936,#950,.T.);
#2368=EDGE_CURVE('',#1937,#1935,#951,.T.);
#2369=EDGE_CURVE('',#1936,#1937,#952,.T.);
#2370=EDGE_CURVE('',#1934,#1938,#953,.T.);
#2371=EDGE_CURVE('',#1938,#1937,#954,.T.);
#2372=EDGE_CURVE('',#1936,#1939,#955,.T.);
#2373=EDGE_CURVE('',#1938,#1939,#956,.T.);
#2374=EDGE_CURVE('',#1939,#1932,#957,.T.);
#2375=EDGE_CURVE('',#1940,#1941,#958,.T.);
#2376=EDGE_CURVE('',#1940,#1942,#959,.T.);
#2377=EDGE_CURVE('',#1942,#1943,#960,.T.);
#2378=EDGE_CURVE('',#1943,#1941,#961,.T.);
#2379=EDGE_CURVE('',#1941,#1944,#962,.T.);
#2380=EDGE_CURVE('',#1945,#1943,#963,.T.);
#2381=EDGE_CURVE('',#1944,#1945,#964,.T.);
#2382=EDGE_CURVE('',#1942,#1946,#965,.T.);
#2383=EDGE_CURVE('',#1946,#1945,#966,.T.);
#2384=EDGE_CURVE('',#1944,#1947,#967,.T.);
#2385=EDGE_CURVE('',#1946,#1947,#968,.T.);
#2386=EDGE_CURVE('',#1947,#1940,#969,.T.);
#2387=EDGE_CURVE('',#1948,#1948,#1782,.T.);
#2388=EDGE_CURVE('',#1948,#1949,#970,.T.);
#2389=EDGE_CURVE('',#1949,#1949,#1783,.T.);
#2390=EDGE_CURVE('',#1950,#1950,#1784,.T.);
#2391=EDGE_CURVE('',#1950,#1951,#971,.T.);
#2392=EDGE_CURVE('',#1951,#1951,#1785,.T.);
#2393=EDGE_CURVE('',#1952,#1952,#1786,.T.);
#2394=EDGE_CURVE('',#1952,#1953,#972,.T.);
#2395=EDGE_CURVE('',#1953,#1953,#1787,.T.);
#2396=EDGE_CURVE('',#1954,#1954,#1788,.T.);
#2397=EDGE_CURVE('',#1954,#1955,#973,.T.);
#2398=EDGE_CURVE('',#1955,#1955,#1789,.T.);
#2399=EDGE_CURVE('',#1956,#1956,#1790,.T.);
#2400=EDGE_CURVE('',#1956,#1957,#974,.T.);
#2401=EDGE_CURVE('',#1957,#1957,#84,.T.);
#2402=EDGE_CURVE('',#1958,#1958,#1791,.T.);
#2403=EDGE_CURVE('',#1958,#1959,#975,.T.);
#2404=EDGE_CURVE('',#1959,#1959,#85,.T.);
#2405=EDGE_CURVE('',#1960,#1961,#1792,.T.);
#2406=EDGE_CURVE('',#1962,#1960,#976,.T.);
#2407=EDGE_CURVE('',#1963,#1962,#86,.T.);
#2408=EDGE_CURVE('',#1963,#1961,#977,.T.);
#2409=EDGE_CURVE('',#1964,#1960,#978,.T.);
#2410=EDGE_CURVE('',#1965,#1964,#979,.T.);
#2411=EDGE_CURVE('',#1962,#1965,#980,.T.);
#2412=EDGE_CURVE('',#1961,#1966,#981,.T.);
#2413=EDGE_CURVE('',#1967,#1963,#982,.T.);
#2414=EDGE_CURVE('',#1967,#1966,#983,.T.);
#2415=EDGE_CURVE('',#1966,#1964,#1793,.T.);
#2416=EDGE_CURVE('',#1968,#1967,#87,.T.);
#2417=EDGE_CURVE('',#1965,#1968,#88,.T.);
#2418=EDGE_CURVE('',#1969,#1970,#1794,.T.);
#2419=EDGE_CURVE('',#1971,#1969,#984,.T.);
#2420=EDGE_CURVE('',#1972,#1971,#89,.T.);
#2421=EDGE_CURVE('',#1972,#1970,#985,.T.);
#2422=EDGE_CURVE('',#1973,#1969,#986,.T.);
#2423=EDGE_CURVE('',#1974,#1973,#987,.T.);
#2424=EDGE_CURVE('',#1971,#1974,#988,.T.);
#2425=EDGE_CURVE('',#1970,#1975,#989,.T.);
#2426=EDGE_CURVE('',#1976,#1972,#990,.T.);
#2427=EDGE_CURVE('',#1976,#1975,#991,.T.);
#2428=EDGE_CURVE('',#1975,#1973,#1795,.T.);
#2429=EDGE_CURVE('',#1977,#1976,#90,.T.);
#2430=EDGE_CURVE('',#1974,#1977,#91,.T.);
#2431=EDGE_CURVE('',#1978,#1979,#1796,.T.);
#2432=EDGE_CURVE('',#1980,#1978,#992,.T.);
#2433=EDGE_CURVE('',#1981,#1980,#92,.T.);
#2434=EDGE_CURVE('',#1981,#1979,#993,.T.);
#2435=EDGE_CURVE('',#1982,#1978,#994,.T.);
#2436=EDGE_CURVE('',#1983,#1982,#995,.T.);
#2437=EDGE_CURVE('',#1980,#1983,#996,.T.);
#2438=EDGE_CURVE('',#1984,#1982,#1797,.T.);
#2439=EDGE_CURVE('',#1985,#1984,#997,.T.);
#2440=EDGE_CURVE('',#1986,#1985,#93,.T.);
#2441=EDGE_CURVE('',#1983,#1986,#94,.T.);
#2442=EDGE_CURVE('',#1987,#1988,#1798,.T.);
#2443=EDGE_CURVE('',#1989,#1987,#998,.T.);
#2444=EDGE_CURVE('',#1990,#1989,#95,.T.);
#2445=EDGE_CURVE('',#1990,#1988,#999,.T.);
#2446=EDGE_CURVE('',#1991,#1987,#1000,.T.);
#2447=EDGE_CURVE('',#1992,#1991,#1001,.T.);
#2448=EDGE_CURVE('',#1989,#1992,#1002,.T.);
#2449=EDGE_CURVE('',#1988,#1993,#1003,.T.);
#2450=EDGE_CURVE('',#1994,#1990,#1004,.T.);
#2451=EDGE_CURVE('',#1994,#1993,#1005,.T.);
#2452=EDGE_CURVE('',#1993,#1991,#1799,.T.);
#2453=EDGE_CURVE('',#1995,#1994,#96,.T.);
#2454=EDGE_CURVE('',#1992,#1995,#97,.T.);
#2455=EDGE_CURVE('',#1996,#1997,#1800,.T.);
#2456=EDGE_CURVE('',#1998,#1996,#1006,.T.);
#2457=EDGE_CURVE('',#1999,#1998,#98,.T.);
#2458=EDGE_CURVE('',#1999,#1997,#1007,.T.);
#2459=EDGE_CURVE('',#2000,#1996,#1008,.T.);
#2460=EDGE_CURVE('',#2001,#2000,#1009,.T.);
#2461=EDGE_CURVE('',#1998,#2001,#1010,.T.);
#2462=EDGE_CURVE('',#1997,#2002,#1011,.T.);
#2463=EDGE_CURVE('',#2003,#1999,#1012,.T.);
#2464=EDGE_CURVE('',#2003,#2002,#1013,.T.);
#2465=EDGE_CURVE('',#2002,#2000,#1801,.T.);
#2466=EDGE_CURVE('',#2004,#2003,#99,.T.);
#2467=EDGE_CURVE('',#2001,#2004,#100,.T.);
#2468=EDGE_CURVE('',#2005,#2006,#1802,.T.);
#2469=EDGE_CURVE('',#2007,#2005,#1014,.T.);
#2470=EDGE_CURVE('',#2008,#2007,#101,.T.);
#2471=EDGE_CURVE('',#2008,#2006,#1015,.T.);
#2472=EDGE_CURVE('',#2009,#2005,#1016,.T.);
#2473=EDGE_CURVE('',#2010,#2009,#1017,.T.);
#2474=EDGE_CURVE('',#2007,#2010,#1018,.T.);
#2475=EDGE_CURVE('',#2006,#2011,#1019,.T.);
#2476=EDGE_CURVE('',#2012,#2008,#1020,.T.);
#2477=EDGE_CURVE('',#2012,#2011,#1021,.T.);
#2478=EDGE_CURVE('',#2011,#2009,#1803,.T.);
#2479=EDGE_CURVE('',#2013,#2012,#102,.T.);
#2480=EDGE_CURVE('',#2010,#2013,#103,.T.);
#2481=EDGE_CURVE('',#2014,#2015,#1804,.T.);
#2482=EDGE_CURVE('',#2016,#2014,#1022,.T.);
#2483=EDGE_CURVE('',#2017,#2016,#104,.T.);
#2484=EDGE_CURVE('',#2017,#2015,#1023,.T.);
#2485=EDGE_CURVE('',#2018,#2014,#1024,.T.);
#2486=EDGE_CURVE('',#2019,#2018,#1025,.T.);
#2487=EDGE_CURVE('',#2016,#2019,#1026,.T.);
#2488=EDGE_CURVE('',#2015,#2020,#1027,.T.);
#2489=EDGE_CURVE('',#2021,#2017,#1028,.T.);
#2490=EDGE_CURVE('',#2021,#2020,#1029,.T.);
#2491=EDGE_CURVE('',#2020,#2018,#1805,.T.);
#2492=EDGE_CURVE('',#2022,#2021,#105,.T.);
#2493=EDGE_CURVE('',#2019,#2022,#106,.T.);
#2494=EDGE_CURVE('',#2023,#2024,#1806,.T.);
#2495=EDGE_CURVE('',#2025,#2023,#1030,.T.);
#2496=EDGE_CURVE('',#2026,#2025,#107,.T.);
#2497=EDGE_CURVE('',#2026,#2024,#1031,.T.);
#2498=EDGE_CURVE('',#2027,#2023,#1032,.T.);
#2499=EDGE_CURVE('',#2028,#2027,#1033,.T.);
#2500=EDGE_CURVE('',#2025,#2028,#1034,.T.);
#2501=EDGE_CURVE('',#2024,#2029,#1035,.T.);
#2502=EDGE_CURVE('',#2030,#2026,#1036,.T.);
#2503=EDGE_CURVE('',#2030,#2029,#1037,.T.);
#2504=EDGE_CURVE('',#2029,#2027,#1807,.T.);
#2505=EDGE_CURVE('',#2031,#2030,#108,.T.);
#2506=EDGE_CURVE('',#2028,#2031,#109,.T.);
#2507=EDGE_CURVE('',#2032,#2033,#1808,.T.);
#2508=EDGE_CURVE('',#2034,#2032,#1038,.T.);
#2509=EDGE_CURVE('',#2035,#2034,#110,.T.);
#2510=EDGE_CURVE('',#2035,#2033,#1039,.T.);
#2511=EDGE_CURVE('',#2036,#2032,#1040,.T.);
#2512=EDGE_CURVE('',#2037,#2036,#1041,.T.);
#2513=EDGE_CURVE('',#2034,#2037,#1042,.T.);
#2514=EDGE_CURVE('',#2033,#2038,#1043,.T.);
#2515=EDGE_CURVE('',#2039,#2035,#1044,.T.);
#2516=EDGE_CURVE('',#2039,#2038,#1045,.T.);
#2517=EDGE_CURVE('',#2038,#2036,#1809,.T.);
#2518=EDGE_CURVE('',#2040,#2039,#111,.T.);
#2519=EDGE_CURVE('',#2037,#2040,#112,.T.);
#2520=EDGE_CURVE('',#2041,#2042,#1810,.T.);
#2521=EDGE_CURVE('',#2043,#2041,#1046,.T.);
#2522=EDGE_CURVE('',#2044,#2043,#113,.T.);
#2523=EDGE_CURVE('',#2044,#2042,#1047,.T.);
#2524=EDGE_CURVE('',#2042,#2045,#1048,.T.);
#2525=EDGE_CURVE('',#2046,#2044,#1049,.T.);
#2526=EDGE_CURVE('',#2046,#2045,#1050,.T.);
#2527=EDGE_CURVE('',#2045,#2047,#1811,.T.);
#2528=EDGE_CURVE('',#2048,#2046,#114,.T.);
#2529=EDGE_CURVE('',#2049,#2048,#115,.T.);
#2530=EDGE_CURVE('',#2049,#2047,#1051,.T.);
#2531=EDGE_CURVE('',#2050,#1981,#1052,.T.);
#2532=EDGE_CURVE('',#2050,#2051,#1053,.T.);
#2533=EDGE_CURVE('',#2051,#2052,#1054,.T.);
#2534=EDGE_CURVE('',#2052,#2053,#1055,.T.);
#2535=EDGE_CURVE('',#2054,#2053,#1056,.T.);
#2536=EDGE_CURVE('',#2055,#2054,#1057,.T.);
#2537=EDGE_CURVE('',#2056,#2055,#1058,.T.);
#2538=EDGE_CURVE('',#2057,#2056,#1059,.T.);
#2539=EDGE_CURVE('',#2058,#2057,#1060,.T.);
#2540=EDGE_CURVE('',#1985,#2058,#1061,.T.);
#2541=EDGE_CURVE('',#1979,#1984,#1062,.T.);
#2542=EDGE_CURVE('',#2059,#2049,#1063,.T.);
#2543=EDGE_CURVE('',#2060,#2059,#1064,.T.);
#2544=EDGE_CURVE('',#2061,#2060,#1065,.T.);
#2545=EDGE_CURVE('',#2062,#2061,#1066,.T.);
#2546=EDGE_CURVE('',#2063,#2062,#1067,.T.);
#2547=EDGE_CURVE('',#2064,#2063,#1068,.T.);
#2548=EDGE_CURVE('',#2064,#2065,#1069,.T.);
#2549=EDGE_CURVE('',#2065,#2066,#1070,.T.);
#2550=EDGE_CURVE('',#2066,#2067,#1071,.T.);
#2551=EDGE_CURVE('',#2043,#2067,#1072,.T.);
#2552=EDGE_CURVE('',#2047,#2041,#1073,.T.);
#2553=EDGE_CURVE('',#2058,#1986,#1074,.T.);
#2554=EDGE_CURVE('',#2048,#2059,#1075,.T.);
#2555=EDGE_CURVE('',#1986,#2004,#1076,.T.);
#2556=EDGE_CURVE('',#2004,#2013,#1077,.T.);
#2557=EDGE_CURVE('',#2013,#1995,#1078,.T.);
#2558=EDGE_CURVE('',#1995,#2022,#1079,.T.);
#2559=EDGE_CURVE('',#2022,#2031,#1080,.T.);
#2560=EDGE_CURVE('',#2031,#1977,#1081,.T.);
#2561=EDGE_CURVE('',#1977,#2040,#1082,.T.);
#2562=EDGE_CURVE('',#2040,#1968,#1083,.T.);
#2563=EDGE_CURVE('',#1968,#2048,#1084,.T.);
#2564=EDGE_CURVE('',#2067,#2068,#1085,.T.);
#2565=EDGE_CURVE('',#2068,#2069,#1086,.T.);
#2566=EDGE_CURVE('',#2069,#2070,#1087,.T.);
#2567=EDGE_CURVE('',#2070,#2071,#1088,.T.);
#2568=EDGE_CURVE('',#2071,#2050,#1089,.T.);
#2569=EDGE_CURVE('',#2072,#2073,#1090,.T.);
#2570=EDGE_CURVE('',#2074,#2072,#1091,.T.);
#2571=EDGE_CURVE('',#2074,#2075,#1092,.T.);
#2572=EDGE_CURVE('',#2075,#2076,#1093,.T.);
#2573=EDGE_CURVE('',#2077,#2076,#1094,.T.);
#2574=EDGE_CURVE('',#2078,#2077,#1095,.T.);
#2575=EDGE_CURVE('',#2073,#2078,#1096,.T.);
#2576=EDGE_CURVE('',#2077,#2064,#1097,.T.);
#2577=EDGE_CURVE('',#2076,#2065,#1098,.T.);
#2578=EDGE_CURVE('',#2066,#2075,#1099,.T.);
#2579=EDGE_CURVE('',#2079,#2080,#1100,.T.);
#2580=EDGE_CURVE('',#2081,#2079,#1101,.T.);
#2581=EDGE_CURVE('',#2069,#2081,#1102,.T.);
#2582=EDGE_CURVE('',#2082,#2068,#1103,.T.);
#2583=EDGE_CURVE('',#2080,#2082,#1104,.T.);
#2584=EDGE_CURVE('',#2082,#2074,#1105,.T.);
#2585=EDGE_CURVE('',#2083,#2084,#1106,.T.);
#2586=EDGE_CURVE('',#2085,#2083,#1107,.T.);
#2587=EDGE_CURVE('',#2085,#2071,#1108,.T.);
#2588=EDGE_CURVE('',#2086,#2070,#1109,.T.);
#2589=EDGE_CURVE('',#2084,#2086,#1110,.T.);
#2590=EDGE_CURVE('',#2087,#2085,#1111,.T.);
#2591=EDGE_CURVE('',#2087,#2088,#1112,.T.);
#2592=EDGE_CURVE('',#2088,#2051,#1113,.T.);
#2593=EDGE_CURVE('',#2089,#2090,#1114,.T.);
#2594=EDGE_CURVE('',#2091,#2089,#1115,.T.);
#2595=EDGE_CURVE('',#2092,#2091,#1116,.T.);
#2596=EDGE_CURVE('',#2092,#2093,#1117,.T.);
#2597=EDGE_CURVE('',#2093,#2088,#1118,.T.);
#2598=EDGE_CURVE('',#2090,#2087,#1119,.T.);
#2599=EDGE_CURVE('',#2053,#2092,#1120,.T.);
#2600=EDGE_CURVE('',#2052,#2093,#1121,.T.);
#2601=EDGE_CURVE('',#2063,#2094,#1122,.T.);
#2602=EDGE_CURVE('',#2094,#2095,#1812,.T.);
#2603=EDGE_CURVE('',#2095,#2096,#1123,.T.);
#2604=EDGE_CURVE('',#2096,#2097,#1813,.T.);
#2605=EDGE_CURVE('',#2097,#2098,#1124,.T.);
#2606=EDGE_CURVE('',#2098,#2099,#1125,.T.);
#2607=EDGE_CURVE('',#2100,#2099,#1126,.T.);
#2608=EDGE_CURVE('',#2101,#2100,#1814,.T.);
#2609=EDGE_CURVE('',#2102,#2101,#1127,.T.);
#2610=EDGE_CURVE('',#2103,#2102,#1815,.T.);
#2611=EDGE_CURVE('',#2078,#2103,#1128,.T.);
#2612=EDGE_CURVE('',#2104,#2090,#1129,.T.);
#2613=EDGE_CURVE('',#2104,#2105,#1130,.T.);
#2614=EDGE_CURVE('',#2089,#2105,#1131,.T.);
#2615=EDGE_CURVE('',#2083,#2080,#1132,.T.);
#2616=EDGE_CURVE('',#2079,#2084,#1133,.T.);
#2617=EDGE_CURVE('',#2106,#2073,#1134,.T.);
#2618=EDGE_CURVE('',#2107,#2106,#1135,.T.);
#2619=EDGE_CURVE('',#2072,#2107,#1136,.T.);
#2620=EDGE_CURVE('',#2105,#2108,#1137,.T.);
#2621=EDGE_CURVE('',#2108,#2091,#1138,.T.);
#2622=EDGE_CURVE('',#2086,#2081,#1139,.T.);
#2623=EDGE_CURVE('',#2106,#2103,#1140,.T.);
#2624=EDGE_CURVE('',#2061,#2056,#1141,.T.);
#2625=EDGE_CURVE('',#2057,#2060,#1142,.T.);
#2626=EDGE_CURVE('',#2109,#2108,#1816,.T.);
#2627=EDGE_CURVE('',#2110,#2109,#1143,.T.);
#2628=EDGE_CURVE('',#2111,#2110,#1817,.T.);
#2629=EDGE_CURVE('',#2112,#2111,#1144,.T.);
#2630=EDGE_CURVE('',#2112,#2113,#1145,.T.);
#2631=EDGE_CURVE('',#2113,#2114,#1146,.T.);
#2632=EDGE_CURVE('',#2114,#2115,#1818,.T.);
#2633=EDGE_CURVE('',#2115,#2116,#1147,.T.);
#2634=EDGE_CURVE('',#2116,#2117,#1819,.T.);
#2635=EDGE_CURVE('',#2117,#2054,#1148,.T.);
#2636=EDGE_CURVE('',#2118,#2055,#1149,.T.);
#2637=EDGE_CURVE('',#2119,#2118,#1820,.T.);
#2638=EDGE_CURVE('',#2120,#2119,#1150,.T.);
#2639=EDGE_CURVE('',#2121,#2120,#1821,.T.);
#2640=EDGE_CURVE('',#2122,#2121,#1151,.T.);
#2641=EDGE_CURVE('',#2123,#2122,#1152,.T.);
#2642=EDGE_CURVE('',#2124,#2123,#1153,.T.);
#2643=EDGE_CURVE('',#2124,#2125,#1154,.T.);
#2644=EDGE_CURVE('',#2126,#2125,#116,.T.);
#2645=EDGE_CURVE('',#2126,#2127,#1155,.T.);
#2646=EDGE_CURVE('',#2128,#2127,#117,.T.);
#2647=EDGE_CURVE('',#2128,#2129,#1156,.T.);
#2648=EDGE_CURVE('',#2130,#2129,#1157,.T.);
#2649=EDGE_CURVE('',#2131,#2130,#1158,.T.);
#2650=EDGE_CURVE('',#2132,#2131,#1159,.T.);
#2651=EDGE_CURVE('',#2133,#2132,#1822,.T.);
#2652=EDGE_CURVE('',#2134,#2133,#1160,.T.);
#2653=EDGE_CURVE('',#2135,#2134,#1823,.T.);
#2654=EDGE_CURVE('',#2062,#2135,#1161,.T.);
#2655=EDGE_CURVE('',#2117,#2118,#1162,.T.);
#2656=EDGE_CURVE('',#2094,#2135,#1163,.T.);
#2657=EDGE_CURVE('',#2136,#2137,#1164,.T.);
#2658=EDGE_CURVE('',#2137,#2138,#1165,.T.);
#2659=EDGE_CURVE('',#2138,#2139,#1166,.T.);
#2660=EDGE_CURVE('',#2139,#2136,#1167,.T.);
#2661=EDGE_CURVE('',#2140,#2141,#1168,.T.);
#2662=EDGE_CURVE('',#2141,#2137,#1824,.T.);
#2663=EDGE_CURVE('',#2136,#2140,#1825,.T.);
#2664=EDGE_CURVE('',#2142,#2143,#1169,.T.);
#2665=EDGE_CURVE('',#2143,#2144,#1826,.T.);
#2666=EDGE_CURVE('',#2144,#2145,#1170,.T.);
#2667=EDGE_CURVE('',#2145,#2142,#1827,.T.);
#2668=EDGE_CURVE('',#2146,#2147,#1171,.T.);
#2669=EDGE_CURVE('',#2147,#2145,#1172,.T.);
#2670=EDGE_CURVE('',#2144,#2146,#1173,.T.);
#2671=EDGE_CURVE('',#2146,#2148,#1828,.T.);
#2672=EDGE_CURVE('',#2148,#2149,#1174,.T.);
#2673=EDGE_CURVE('',#2149,#2147,#1829,.T.);
#2674=EDGE_CURVE('',#2150,#2151,#1175,.T.);
#2675=EDGE_CURVE('',#2151,#2149,#1176,.T.);
#2676=EDGE_CURVE('',#2148,#2150,#1177,.T.);
#2677=EDGE_CURVE('',#2150,#2139,#1830,.T.);
#2678=EDGE_CURVE('',#2138,#2151,#1831,.T.);
#2679=EDGE_CURVE('',#2152,#2153,#1178,.T.);
#2680=EDGE_CURVE('',#2153,#2141,#52,.T.);
#2681=EDGE_CURVE('',#2140,#2152,#53,.T.);
#2682=EDGE_CURVE('',#2154,#2155,#1179,.T.);
#2683=EDGE_CURVE('',#2155,#2143,#54,.T.);
#2684=EDGE_CURVE('',#2142,#2154,#55,.T.);
#2685=EDGE_CURVE('',#2154,#2153,#56,.T.);
#2686=EDGE_CURVE('',#2152,#2155,#57,.T.);
#2687=EDGE_CURVE('',#2150,#2156,#1180,.T.);
#2688=EDGE_CURVE('',#2157,#2156,#118,.T.);
#2689=EDGE_CURVE('',#2157,#2139,#1181,.T.);
#2690=EDGE_CURVE('',#2158,#2148,#1182,.T.);
#2691=EDGE_CURVE('',#2156,#2158,#1183,.T.);
#2692=EDGE_CURVE('',#2146,#2159,#1184,.T.);
#2693=EDGE_CURVE('',#2159,#2158,#119,.T.);
#2694=EDGE_CURVE('',#2160,#2144,#1185,.T.);
#2695=EDGE_CURVE('',#2161,#2160,#1186,.T.);
#2696=EDGE_CURVE('',#2162,#2161,#1187,.T.);
#2697=EDGE_CURVE('',#2163,#2162,#1188,.T.);
#2698=EDGE_CURVE('',#2164,#2163,#1189,.T.);
#2699=EDGE_CURVE('',#2165,#2164,#1190,.T.);
#2700=EDGE_CURVE('',#2129,#2165,#1191,.T.);
#2701=EDGE_CURVE('',#2159,#2128,#1192,.T.);
#2702=EDGE_CURVE('',#2142,#2166,#1193,.T.);
#2703=EDGE_CURVE('',#2167,#2166,#58,.T.);
#2704=EDGE_CURVE('',#2168,#2167,#59,.T.);
#2705=EDGE_CURVE('',#2168,#2169,#1194,.T.);
#2706=EDGE_CURVE('',#2170,#2169,#60,.T.);
#2707=EDGE_CURVE('',#2171,#2170,#61,.T.);
#2708=EDGE_CURVE('',#2171,#2141,#1195,.T.);
#2709=EDGE_CURVE('',#2136,#2172,#1196,.T.);
#2710=EDGE_CURVE('',#2172,#2173,#120,.T.);
#2711=EDGE_CURVE('',#2173,#2152,#1197,.T.);
#2712=EDGE_CURVE('',#2172,#2174,#1198,.T.);
#2713=EDGE_CURVE('',#2174,#2175,#121,.T.);
#2714=EDGE_CURVE('',#2175,#2173,#1199,.T.);
#2715=EDGE_CURVE('',#2174,#2176,#1200,.T.);
#2716=EDGE_CURVE('',#2176,#2177,#122,.T.);
#2717=EDGE_CURVE('',#2177,#2175,#1201,.T.);
#2718=EDGE_CURVE('',#2176,#2178,#1202,.T.);
#2719=EDGE_CURVE('',#2178,#2179,#123,.T.);
#2720=EDGE_CURVE('',#2179,#2177,#1203,.T.);
#2721=EDGE_CURVE('',#2178,#2180,#1204,.T.);
#2722=EDGE_CURVE('',#2180,#2181,#124,.T.);
#2723=EDGE_CURVE('',#2181,#2179,#1205,.T.);
#2724=EDGE_CURVE('',#2173,#2182,#1206,.T.);
#2725=EDGE_CURVE('',#2155,#2182,#1207,.T.);
#2726=EDGE_CURVE('',#2175,#2183,#1208,.T.);
#2727=EDGE_CURVE('',#2182,#2183,#1209,.T.);
#2728=EDGE_CURVE('',#2177,#2184,#1210,.T.);
#2729=EDGE_CURVE('',#2183,#2184,#1211,.T.);
#2730=EDGE_CURVE('',#2179,#2185,#1212,.T.);
#2731=EDGE_CURVE('',#2184,#2185,#1213,.T.);
#2732=EDGE_CURVE('',#2186,#2181,#1214,.T.);
#2733=EDGE_CURVE('',#2185,#2186,#1215,.T.);
#2734=EDGE_CURVE('',#2186,#2164,#125,.T.);
#2735=EDGE_CURVE('',#2163,#2185,#126,.T.);
#2736=EDGE_CURVE('',#2162,#2184,#127,.T.);
#2737=EDGE_CURVE('',#2161,#2183,#128,.T.);
#2738=EDGE_CURVE('',#2160,#2182,#129,.T.);
#2739=EDGE_CURVE('',#2156,#2126,#1216,.T.);
#2740=EDGE_CURVE('',#2125,#2157,#1217,.T.);
#2741=EDGE_CURVE('',#2127,#2158,#1218,.T.);
#2742=EDGE_CURVE('',#2187,#2124,#1219,.T.);
#2743=EDGE_CURVE('',#2180,#2187,#1220,.T.);
#2744=EDGE_CURVE('',#2188,#2165,#1221,.T.);
#2745=EDGE_CURVE('',#2188,#2130,#1222,.T.);
#2746=EDGE_CURVE('',#2189,#2123,#1223,.T.);
#2747=EDGE_CURVE('',#2187,#2189,#1224,.T.);
#2748=EDGE_CURVE('',#2113,#2122,#1225,.T.);
#2749=EDGE_CURVE('',#2190,#2112,#1226,.T.);
#2750=EDGE_CURVE('',#2191,#2190,#1227,.T.);
#2751=EDGE_CURVE('',#2189,#2191,#1228,.T.);
#2752=EDGE_CURVE('',#2098,#2131,#1229,.T.);
#2753=EDGE_CURVE('',#2192,#2188,#1230,.T.);
#2754=EDGE_CURVE('',#2193,#2192,#1231,.T.);
#2755=EDGE_CURVE('',#2099,#2193,#1232,.T.);
#2756=EDGE_CURVE('',#2193,#2194,#1233,.T.);
#2757=EDGE_CURVE('',#2194,#2100,#1234,.T.);
#2758=EDGE_CURVE('',#2195,#2192,#1235,.T.);
#2759=EDGE_CURVE('',#2195,#2194,#1236,.T.);
#2760=EDGE_CURVE('',#2116,#2119,#1237,.T.);
#2761=EDGE_CURVE('',#2095,#2134,#1238,.T.);
#2762=EDGE_CURVE('',#2096,#2133,#1239,.T.);
#2763=EDGE_CURVE('',#2097,#2132,#1240,.T.);
#2764=EDGE_CURVE('',#2115,#2120,#1241,.T.);
#2765=EDGE_CURVE('',#2114,#2121,#1242,.T.);
#2766=EDGE_CURVE('',#2196,#2197,#1243,.T.);
#2767=EDGE_CURVE('',#2198,#2196,#1244,.T.);
#2768=EDGE_CURVE('',#2199,#2198,#1245,.T.);
#2769=EDGE_CURVE('',#2199,#2197,#1246,.T.);
#2770=EDGE_CURVE('',#2197,#2106,#1832,.T.);
#2771=EDGE_CURVE('',#2107,#2199,#1833,.T.);
#2772=EDGE_CURVE('',#2105,#2200,#1834,.T.);
#2773=EDGE_CURVE('',#2201,#2104,#1835,.T.);
#2774=EDGE_CURVE('',#2201,#2200,#1247,.T.);
#2775=EDGE_CURVE('',#2200,#2202,#1248,.T.);
#2776=EDGE_CURVE('',#2203,#2201,#1249,.T.);
#2777=EDGE_CURVE('',#2203,#2202,#1250,.T.);
#2778=EDGE_CURVE('',#2202,#2204,#1836,.T.);
#2779=EDGE_CURVE('',#2205,#2203,#1837,.T.);
#2780=EDGE_CURVE('',#2205,#2204,#1251,.T.);
#2781=EDGE_CURVE('',#2204,#2190,#1252,.T.);
#2782=EDGE_CURVE('',#2191,#2205,#1253,.T.);
#2783=EDGE_CURVE('',#2194,#2196,#1838,.T.);
#2784=EDGE_CURVE('',#2198,#2195,#1839,.T.);
#2785=EDGE_CURVE('',#2202,#2110,#1254,.T.);
#2786=EDGE_CURVE('',#2200,#2109,#1255,.T.);
#2787=EDGE_CURVE('',#2204,#2111,#1256,.T.);
#2788=EDGE_CURVE('',#2196,#2101,#1257,.T.);
#2789=EDGE_CURVE('',#2197,#2102,#1258,.T.);
#2790=EDGE_CURVE('',#2206,#2206,#62,.T.);
#2791=EDGE_CURVE('',#2207,#2208,#63,.T.);
#2792=EDGE_CURVE('',#2167,#2208,#64,.T.);
#2793=EDGE_CURVE('',#2166,#2207,#1259,.T.);
#2794=EDGE_CURVE('',#2209,#2170,#65,.T.);
#2795=EDGE_CURVE('',#2209,#2210,#66,.T.);
#2796=EDGE_CURVE('',#2210,#2171,#1260,.T.);
#2797=EDGE_CURVE('',#2169,#2211,#1261,.T.);
#2798=EDGE_CURVE('',#2211,#2209,#67,.T.);
#2799=EDGE_CURVE('',#2212,#2213,#1262,.T.);
#2800=EDGE_CURVE('',#2213,#2211,#1263,.T.);
#2801=EDGE_CURVE('',#2169,#2212,#1264,.T.);
#2802=EDGE_CURVE('',#2214,#2215,#1265,.T.);
#2803=EDGE_CURVE('',#2215,#2213,#1840,.T.);
#2804=EDGE_CURVE('',#2212,#2214,#1841,.T.);
#2805=EDGE_CURVE('',#2216,#2217,#1266,.T.);
#2806=EDGE_CURVE('',#2217,#2215,#1267,.T.);
#2807=EDGE_CURVE('',#2214,#2216,#1268,.T.);
#2808=EDGE_CURVE('',#2218,#2219,#1269,.T.);
#2809=EDGE_CURVE('',#2219,#2217,#1842,.T.);
#2810=EDGE_CURVE('',#2216,#2218,#1843,.T.);
#2811=EDGE_CURVE('',#2168,#2220,#1270,.T.);
#2812=EDGE_CURVE('',#2220,#2219,#1271,.T.);
#2813=EDGE_CURVE('',#2218,#2168,#1272,.T.);
#2814=EDGE_CURVE('',#2208,#2220,#68,.T.);
#2815=EDGE_CURVE('',#2221,#2210,#1273,.T.);
#2816=EDGE_CURVE('',#2222,#2221,#1274,.T.);
#2817=EDGE_CURVE('',#2223,#2222,#1844,.T.);
#2818=EDGE_CURVE('',#2224,#2223,#1275,.T.);
#2819=EDGE_CURVE('',#2225,#2224,#1276,.T.);
#2820=EDGE_CURVE('',#2226,#2225,#1277,.T.);
#2821=EDGE_CURVE('',#2227,#2226,#1845,.T.);
#2822=EDGE_CURVE('',#2228,#2227,#1278,.T.);
#2823=EDGE_CURVE('',#2207,#2228,#1279,.T.);
#2824=EDGE_CURVE('',#2228,#2229,#130,.T.);
#2825=EDGE_CURVE('',#2229,#2220,#1280,.T.);
#2826=EDGE_CURVE('',#2230,#2231,#1846,.F.);
#2827=EDGE_CURVE('',#2225,#2230,#1847,.F.);
#2828=EDGE_CURVE('',#2231,#2225,#1848,.F.);
#2829=EDGE_CURVE('',#2232,#2226,#1849,.T.);
#2830=EDGE_CURVE('',#2230,#2232,#1281,.T.);
#2831=EDGE_CURVE('',#2233,#2227,#1850,.T.);
#2832=EDGE_CURVE('',#2232,#2233,#1851,.T.);
#2833=EDGE_CURVE('',#2233,#2229,#1282,.T.);
#2834=EDGE_CURVE('',#2234,#2235,#1852,.F.);
#2835=EDGE_CURVE('',#2224,#2234,#1853,.F.);
#2836=EDGE_CURVE('',#2235,#2224,#1854,.F.);
#2837=EDGE_CURVE('',#2234,#2231,#1283,.T.);
#2838=EDGE_CURVE('',#2236,#2237,#1284,.T.);
#2839=EDGE_CURVE('',#2237,#2222,#1855,.T.);
#2840=EDGE_CURVE('',#2221,#2236,#131,.T.);
#2841=EDGE_CURVE('',#2238,#2223,#1856,.T.);
#2842=EDGE_CURVE('',#2237,#2238,#1857,.T.);
#2843=EDGE_CURVE('',#2238,#2235,#1285,.T.);
#2844=EDGE_CURVE('',#2239,#2240,#1858,.T.);
#2845=EDGE_CURVE('',#2240,#2230,#1286,.T.);
#2846=EDGE_CURVE('',#2231,#2239,#1287,.T.);
#2847=EDGE_CURVE('',#2241,#2242,#1859,.T.);
#2848=EDGE_CURVE('',#2242,#2243,#1288,.T.);
#2849=EDGE_CURVE('',#2243,#2244,#1860,.T.);
#2850=EDGE_CURVE('',#2244,#2241,#1289,.T.);
#2851=EDGE_CURVE('',#2245,#2246,#1861,.T.);
#2852=EDGE_CURVE('',#2246,#2244,#132,.T.);
#2853=EDGE_CURVE('',#2243,#2245,#133,.T.);
#2854=EDGE_CURVE('',#2235,#2246,#1290,.T.);
#2855=EDGE_CURVE('',#2245,#2234,#1291,.T.);
#2856=EDGE_CURVE('',#2241,#2240,#134,.T.);
#2857=EDGE_CURVE('',#2239,#2242,#135,.T.);
#2858=EDGE_CURVE('',#2211,#2236,#1292,.T.);
#2859=EDGE_CURVE('',#2247,#2229,#1293,.T.);
#2860=EDGE_CURVE('',#2248,#2247,#69,.T.);
#2861=EDGE_CURVE('',#2219,#2248,#1294,.T.);
#2862=EDGE_CURVE('',#2249,#2233,#1295,.T.);
#2863=EDGE_CURVE('',#2247,#2249,#1296,.T.);
#2864=EDGE_CURVE('',#2250,#2232,#1297,.T.);
#2865=EDGE_CURVE('',#2250,#2249,#1862,.T.);
#2866=EDGE_CURVE('',#2251,#2240,#1298,.T.);
#2867=EDGE_CURVE('',#2250,#2251,#1299,.T.);
#2868=EDGE_CURVE('',#2252,#2241,#1300,.T.);
#2869=EDGE_CURVE('',#2252,#2251,#1863,.T.);
#2870=EDGE_CURVE('',#2253,#2244,#1301,.T.);
#2871=EDGE_CURVE('',#2252,#2253,#1302,.T.);
#2872=EDGE_CURVE('',#2254,#2246,#1303,.T.);
#2873=EDGE_CURVE('',#2254,#2253,#1864,.T.);
#2874=EDGE_CURVE('',#2255,#2238,#1304,.T.);
#2875=EDGE_CURVE('',#2254,#2255,#1305,.T.);
#2876=EDGE_CURVE('',#2213,#2256,#1306,.T.);
#2877=EDGE_CURVE('',#2257,#2256,#70,.T.);
#2878=EDGE_CURVE('',#2236,#2257,#1307,.T.);
#2879=EDGE_CURVE('',#2258,#2248,#71,.T.);
#2880=EDGE_CURVE('',#2217,#2258,#1308,.T.);
#2881=EDGE_CURVE('',#2259,#2258,#72,.T.);
#2882=EDGE_CURVE('',#2215,#2259,#1309,.T.);
#2883=EDGE_CURVE('',#2256,#2259,#73,.T.);
#2884=EDGE_CURVE('',#2206,#2249,#1310,.T.);
#2885=EDGE_CURVE('',#2260,#2255,#1865,.T.);
#2886=EDGE_CURVE('',#2260,#2257,#1311,.T.);
#2887=EDGE_CURVE('',#2260,#2237,#1312,.T.);
#2888=ORIENTED_EDGE('',*,*,#2261,.T.);
#2889=ORIENTED_EDGE('',*,*,#2262,.T.);
#2890=ORIENTED_EDGE('',*,*,#2263,.T.);
#2891=ORIENTED_EDGE('',*,*,#2262,.F.);
#2892=ORIENTED_EDGE('',*,*,#2264,.F.);
#2893=ORIENTED_EDGE('',*,*,#2265,.T.);
#2894=ORIENTED_EDGE('',*,*,#2261,.F.);
#2895=ORIENTED_EDGE('',*,*,#2265,.F.);
#2896=ORIENTED_EDGE('',*,*,#2263,.F.);
#2897=ORIENTED_EDGE('',*,*,#2266,.T.);
#2898=ORIENTED_EDGE('',*,*,#2267,.T.);
#2899=ORIENTED_EDGE('',*,*,#2268,.T.);
#2900=ORIENTED_EDGE('',*,*,#2267,.F.);
#2901=ORIENTED_EDGE('',*,*,#2269,.F.);
#2902=ORIENTED_EDGE('',*,*,#2270,.T.);
#2903=ORIENTED_EDGE('',*,*,#2266,.F.);
#2904=ORIENTED_EDGE('',*,*,#2270,.F.);
#2905=ORIENTED_EDGE('',*,*,#2268,.F.);
#2906=ORIENTED_EDGE('',*,*,#2271,.T.);
#2907=ORIENTED_EDGE('',*,*,#2272,.T.);
#2908=ORIENTED_EDGE('',*,*,#2273,.T.);
#2909=ORIENTED_EDGE('',*,*,#2272,.F.);
#2910=ORIENTED_EDGE('',*,*,#2274,.F.);
#2911=ORIENTED_EDGE('',*,*,#2275,.T.);
#2912=ORIENTED_EDGE('',*,*,#2271,.F.);
#2913=ORIENTED_EDGE('',*,*,#2275,.F.);
#2914=ORIENTED_EDGE('',*,*,#2273,.F.);
#2915=ORIENTED_EDGE('',*,*,#2276,.T.);
#2916=ORIENTED_EDGE('',*,*,#2277,.T.);
#2917=ORIENTED_EDGE('',*,*,#2278,.T.);
#2918=ORIENTED_EDGE('',*,*,#2277,.F.);
#2919=ORIENTED_EDGE('',*,*,#2279,.F.);
#2920=ORIENTED_EDGE('',*,*,#2280,.T.);
#2921=ORIENTED_EDGE('',*,*,#2276,.F.);
#2922=ORIENTED_EDGE('',*,*,#2280,.F.);
#2923=ORIENTED_EDGE('',*,*,#2278,.F.);
#2924=ORIENTED_EDGE('',*,*,#2281,.T.);
#2925=ORIENTED_EDGE('',*,*,#2282,.T.);
#2926=ORIENTED_EDGE('',*,*,#2283,.T.);
#2927=ORIENTED_EDGE('',*,*,#2282,.F.);
#2928=ORIENTED_EDGE('',*,*,#2284,.F.);
#2929=ORIENTED_EDGE('',*,*,#2285,.T.);
#2930=ORIENTED_EDGE('',*,*,#2281,.F.);
#2931=ORIENTED_EDGE('',*,*,#2285,.F.);
#2932=ORIENTED_EDGE('',*,*,#2283,.F.);
#2933=ORIENTED_EDGE('',*,*,#2286,.T.);
#2934=ORIENTED_EDGE('',*,*,#2287,.T.);
#2935=ORIENTED_EDGE('',*,*,#2288,.T.);
#2936=ORIENTED_EDGE('',*,*,#2287,.F.);
#2937=ORIENTED_EDGE('',*,*,#2289,.F.);
#2938=ORIENTED_EDGE('',*,*,#2290,.T.);
#2939=ORIENTED_EDGE('',*,*,#2286,.F.);
#2940=ORIENTED_EDGE('',*,*,#2290,.F.);
#2941=ORIENTED_EDGE('',*,*,#2288,.F.);
#2942=ORIENTED_EDGE('',*,*,#2291,.F.);
#2943=ORIENTED_EDGE('',*,*,#2292,.T.);
#2944=ORIENTED_EDGE('',*,*,#2293,.F.);
#2945=ORIENTED_EDGE('',*,*,#2294,.T.);
#2946=ORIENTED_EDGE('',*,*,#2295,.F.);
#2947=ORIENTED_EDGE('',*,*,#2294,.F.);
#2948=ORIENTED_EDGE('',*,*,#2296,.F.);
#2949=ORIENTED_EDGE('',*,*,#2297,.F.);
#2950=ORIENTED_EDGE('',*,*,#2296,.T.);
#2951=ORIENTED_EDGE('',*,*,#2293,.T.);
#2952=ORIENTED_EDGE('',*,*,#2298,.T.);
#2953=ORIENTED_EDGE('',*,*,#2299,.F.);
#2954=ORIENTED_EDGE('',*,*,#2300,.F.);
#2955=ORIENTED_EDGE('',*,*,#2297,.T.);
#2956=ORIENTED_EDGE('',*,*,#2299,.T.);
#2957=ORIENTED_EDGE('',*,*,#2301,.T.);
#2958=ORIENTED_EDGE('',*,*,#2302,.F.);
#2959=ORIENTED_EDGE('',*,*,#2301,.F.);
#2960=ORIENTED_EDGE('',*,*,#2298,.F.);
#2961=ORIENTED_EDGE('',*,*,#2292,.F.);
#2962=ORIENTED_EDGE('',*,*,#2303,.F.);
#2963=ORIENTED_EDGE('',*,*,#2304,.T.);
#2964=ORIENTED_EDGE('',*,*,#2305,.F.);
#2965=ORIENTED_EDGE('',*,*,#2306,.T.);
#2966=ORIENTED_EDGE('',*,*,#2307,.F.);
#2967=ORIENTED_EDGE('',*,*,#2306,.F.);
#2968=ORIENTED_EDGE('',*,*,#2308,.F.);
#2969=ORIENTED_EDGE('',*,*,#2309,.F.);
#2970=ORIENTED_EDGE('',*,*,#2308,.T.);
#2971=ORIENTED_EDGE('',*,*,#2305,.T.);
#2972=ORIENTED_EDGE('',*,*,#2310,.T.);
#2973=ORIENTED_EDGE('',*,*,#2311,.F.);
#2974=ORIENTED_EDGE('',*,*,#2312,.F.);
#2975=ORIENTED_EDGE('',*,*,#2309,.T.);
#2976=ORIENTED_EDGE('',*,*,#2311,.T.);
#2977=ORIENTED_EDGE('',*,*,#2313,.T.);
#2978=ORIENTED_EDGE('',*,*,#2314,.F.);
#2979=ORIENTED_EDGE('',*,*,#2313,.F.);
#2980=ORIENTED_EDGE('',*,*,#2310,.F.);
#2981=ORIENTED_EDGE('',*,*,#2304,.F.);
#2982=ORIENTED_EDGE('',*,*,#2315,.F.);
#2983=ORIENTED_EDGE('',*,*,#2316,.T.);
#2984=ORIENTED_EDGE('',*,*,#2317,.T.);
#2985=ORIENTED_EDGE('',*,*,#2318,.T.);
#2986=ORIENTED_EDGE('',*,*,#2319,.F.);
#2987=ORIENTED_EDGE('',*,*,#2318,.F.);
#2988=ORIENTED_EDGE('',*,*,#2320,.F.);
#2989=ORIENTED_EDGE('',*,*,#2321,.F.);
#2990=ORIENTED_EDGE('',*,*,#2322,.T.);
#2991=ORIENTED_EDGE('',*,*,#2323,.T.);
#2992=ORIENTED_EDGE('',*,*,#2320,.T.);
#2993=ORIENTED_EDGE('',*,*,#2317,.F.);
#2994=ORIENTED_EDGE('',*,*,#2324,.F.);
#2995=ORIENTED_EDGE('',*,*,#2321,.T.);
#2996=ORIENTED_EDGE('',*,*,#2323,.F.);
#2997=ORIENTED_EDGE('',*,*,#2325,.T.);
#2998=ORIENTED_EDGE('',*,*,#2326,.F.);
#2999=ORIENTED_EDGE('',*,*,#2325,.F.);
#3000=ORIENTED_EDGE('',*,*,#2322,.F.);
#3001=ORIENTED_EDGE('',*,*,#2316,.F.);
#3002=ORIENTED_EDGE('',*,*,#2327,.F.);
#3003=ORIENTED_EDGE('',*,*,#2328,.T.);
#3004=ORIENTED_EDGE('',*,*,#2329,.T.);
#3005=ORIENTED_EDGE('',*,*,#2330,.T.);
#3006=ORIENTED_EDGE('',*,*,#2331,.F.);
#3007=ORIENTED_EDGE('',*,*,#2330,.F.);
#3008=ORIENTED_EDGE('',*,*,#2332,.F.);
#3009=ORIENTED_EDGE('',*,*,#2333,.F.);
#3010=ORIENTED_EDGE('',*,*,#2334,.T.);
#3011=ORIENTED_EDGE('',*,*,#2335,.T.);
#3012=ORIENTED_EDGE('',*,*,#2332,.T.);
#3013=ORIENTED_EDGE('',*,*,#2329,.F.);
#3014=ORIENTED_EDGE('',*,*,#2336,.F.);
#3015=ORIENTED_EDGE('',*,*,#2333,.T.);
#3016=ORIENTED_EDGE('',*,*,#2335,.F.);
#3017=ORIENTED_EDGE('',*,*,#2337,.T.);
#3018=ORIENTED_EDGE('',*,*,#2338,.F.);
#3019=ORIENTED_EDGE('',*,*,#2337,.F.);
#3020=ORIENTED_EDGE('',*,*,#2334,.F.);
#3021=ORIENTED_EDGE('',*,*,#2328,.F.);
#3022=ORIENTED_EDGE('',*,*,#2339,.F.);
#3023=ORIENTED_EDGE('',*,*,#2340,.T.);
#3024=ORIENTED_EDGE('',*,*,#2341,.F.);
#3025=ORIENTED_EDGE('',*,*,#2342,.T.);
#3026=ORIENTED_EDGE('',*,*,#2343,.F.);
#3027=ORIENTED_EDGE('',*,*,#2342,.F.);
#3028=ORIENTED_EDGE('',*,*,#2344,.F.);
#3029=ORIENTED_EDGE('',*,*,#2345,.F.);
#3030=ORIENTED_EDGE('',*,*,#2344,.T.);
#3031=ORIENTED_EDGE('',*,*,#2341,.T.);
#3032=ORIENTED_EDGE('',*,*,#2346,.T.);
#3033=ORIENTED_EDGE('',*,*,#2347,.F.);
#3034=ORIENTED_EDGE('',*,*,#2348,.F.);
#3035=ORIENTED_EDGE('',*,*,#2345,.T.);
#3036=ORIENTED_EDGE('',*,*,#2347,.T.);
#3037=ORIENTED_EDGE('',*,*,#2349,.T.);
#3038=ORIENTED_EDGE('',*,*,#2350,.F.);
#3039=ORIENTED_EDGE('',*,*,#2349,.F.);
#3040=ORIENTED_EDGE('',*,*,#2346,.F.);
#3041=ORIENTED_EDGE('',*,*,#2340,.F.);
#3042=ORIENTED_EDGE('',*,*,#2351,.F.);
#3043=ORIENTED_EDGE('',*,*,#2352,.T.);
#3044=ORIENTED_EDGE('',*,*,#2353,.F.);
#3045=ORIENTED_EDGE('',*,*,#2354,.T.);
#3046=ORIENTED_EDGE('',*,*,#2355,.F.);
#3047=ORIENTED_EDGE('',*,*,#2354,.F.);
#3048=ORIENTED_EDGE('',*,*,#2356,.F.);
#3049=ORIENTED_EDGE('',*,*,#2357,.F.);
#3050=ORIENTED_EDGE('',*,*,#2356,.T.);
#3051=ORIENTED_EDGE('',*,*,#2353,.T.);
#3052=ORIENTED_EDGE('',*,*,#2358,.T.);
#3053=ORIENTED_EDGE('',*,*,#2359,.F.);
#3054=ORIENTED_EDGE('',*,*,#2360,.F.);
#3055=ORIENTED_EDGE('',*,*,#2357,.T.);
#3056=ORIENTED_EDGE('',*,*,#2359,.T.);
#3057=ORIENTED_EDGE('',*,*,#2361,.T.);
#3058=ORIENTED_EDGE('',*,*,#2362,.F.);
#3059=ORIENTED_EDGE('',*,*,#2361,.F.);
#3060=ORIENTED_EDGE('',*,*,#2358,.F.);
#3061=ORIENTED_EDGE('',*,*,#2352,.F.);
#3062=ORIENTED_EDGE('',*,*,#2363,.F.);
#3063=ORIENTED_EDGE('',*,*,#2364,.T.);
#3064=ORIENTED_EDGE('',*,*,#2365,.T.);
#3065=ORIENTED_EDGE('',*,*,#2366,.T.);
#3066=ORIENTED_EDGE('',*,*,#2367,.F.);
#3067=ORIENTED_EDGE('',*,*,#2366,.F.);
#3068=ORIENTED_EDGE('',*,*,#2368,.F.);
#3069=ORIENTED_EDGE('',*,*,#2369,.F.);
#3070=ORIENTED_EDGE('',*,*,#2370,.T.);
#3071=ORIENTED_EDGE('',*,*,#2371,.T.);
#3072=ORIENTED_EDGE('',*,*,#2368,.T.);
#3073=ORIENTED_EDGE('',*,*,#2365,.F.);
#3074=ORIENTED_EDGE('',*,*,#2372,.F.);
#3075=ORIENTED_EDGE('',*,*,#2369,.T.);
#3076=ORIENTED_EDGE('',*,*,#2371,.F.);
#3077=ORIENTED_EDGE('',*,*,#2373,.T.);
#3078=ORIENTED_EDGE('',*,*,#2374,.F.);
#3079=ORIENTED_EDGE('',*,*,#2373,.F.);
#3080=ORIENTED_EDGE('',*,*,#2370,.F.);
#3081=ORIENTED_EDGE('',*,*,#2364,.F.);
#3082=ORIENTED_EDGE('',*,*,#2375,.F.);
#3083=ORIENTED_EDGE('',*,*,#2376,.T.);
#3084=ORIENTED_EDGE('',*,*,#2377,.T.);
#3085=ORIENTED_EDGE('',*,*,#2378,.T.);
#3086=ORIENTED_EDGE('',*,*,#2379,.F.);
#3087=ORIENTED_EDGE('',*,*,#2378,.F.);
#3088=ORIENTED_EDGE('',*,*,#2380,.F.);
#3089=ORIENTED_EDGE('',*,*,#2381,.F.);
#3090=ORIENTED_EDGE('',*,*,#2382,.T.);
#3091=ORIENTED_EDGE('',*,*,#2383,.T.);
#3092=ORIENTED_EDGE('',*,*,#2380,.T.);
#3093=ORIENTED_EDGE('',*,*,#2377,.F.);
#3094=ORIENTED_EDGE('',*,*,#2384,.F.);
#3095=ORIENTED_EDGE('',*,*,#2381,.T.);
#3096=ORIENTED_EDGE('',*,*,#2383,.F.);
#3097=ORIENTED_EDGE('',*,*,#2385,.T.);
#3098=ORIENTED_EDGE('',*,*,#2386,.F.);
#3099=ORIENTED_EDGE('',*,*,#2385,.F.);
#3100=ORIENTED_EDGE('',*,*,#2382,.F.);
#3101=ORIENTED_EDGE('',*,*,#2376,.F.);
#3102=ORIENTED_EDGE('',*,*,#2387,.F.);
#3103=ORIENTED_EDGE('',*,*,#2388,.T.);
#3104=ORIENTED_EDGE('',*,*,#2389,.T.);
#3105=ORIENTED_EDGE('',*,*,#2388,.F.);
#3106=ORIENTED_EDGE('',*,*,#2389,.F.);
#3107=ORIENTED_EDGE('',*,*,#2390,.F.);
#3108=ORIENTED_EDGE('',*,*,#2391,.T.);
#3109=ORIENTED_EDGE('',*,*,#2392,.T.);
#3110=ORIENTED_EDGE('',*,*,#2391,.F.);
#3111=ORIENTED_EDGE('',*,*,#2392,.F.);
#3112=ORIENTED_EDGE('',*,*,#2393,.F.);
#3113=ORIENTED_EDGE('',*,*,#2394,.T.);
#3114=ORIENTED_EDGE('',*,*,#2395,.T.);
#3115=ORIENTED_EDGE('',*,*,#2394,.F.);
#3116=ORIENTED_EDGE('',*,*,#2395,.F.);
#3117=ORIENTED_EDGE('',*,*,#2396,.F.);
#3118=ORIENTED_EDGE('',*,*,#2397,.T.);
#3119=ORIENTED_EDGE('',*,*,#2398,.T.);
#3120=ORIENTED_EDGE('',*,*,#2397,.F.);
#3121=ORIENTED_EDGE('',*,*,#2398,.F.);
#3122=ORIENTED_EDGE('',*,*,#2399,.F.);
#3123=ORIENTED_EDGE('',*,*,#2400,.T.);
#3124=ORIENTED_EDGE('',*,*,#2401,.F.);
#3125=ORIENTED_EDGE('',*,*,#2400,.F.);
#3126=ORIENTED_EDGE('',*,*,#2402,.F.);
#3127=ORIENTED_EDGE('',*,*,#2403,.T.);
#3128=ORIENTED_EDGE('',*,*,#2404,.F.);
#3129=ORIENTED_EDGE('',*,*,#2403,.F.);
#3130=ORIENTED_EDGE('',*,*,#2405,.F.);
#3131=ORIENTED_EDGE('',*,*,#2406,.F.);
#3132=ORIENTED_EDGE('',*,*,#2407,.F.);
#3133=ORIENTED_EDGE('',*,*,#2408,.T.);
#3134=ORIENTED_EDGE('',*,*,#2409,.F.);
#3135=ORIENTED_EDGE('',*,*,#2410,.F.);
#3136=ORIENTED_EDGE('',*,*,#2411,.F.);
#3137=ORIENTED_EDGE('',*,*,#2406,.T.);
#3138=ORIENTED_EDGE('',*,*,#2412,.F.);
#3139=ORIENTED_EDGE('',*,*,#2408,.F.);
#3140=ORIENTED_EDGE('',*,*,#2413,.F.);
#3141=ORIENTED_EDGE('',*,*,#2414,.T.);
#3142=ORIENTED_EDGE('',*,*,#2415,.F.);
#3143=ORIENTED_EDGE('',*,*,#2414,.F.);
#3144=ORIENTED_EDGE('',*,*,#2416,.F.);
#3145=ORIENTED_EDGE('',*,*,#2417,.F.);
#3146=ORIENTED_EDGE('',*,*,#2410,.T.);
#3147=ORIENTED_EDGE('',*,*,#2418,.F.);
#3148=ORIENTED_EDGE('',*,*,#2419,.F.);
#3149=ORIENTED_EDGE('',*,*,#2420,.F.);
#3150=ORIENTED_EDGE('',*,*,#2421,.T.);
#3151=ORIENTED_EDGE('',*,*,#2422,.F.);
#3152=ORIENTED_EDGE('',*,*,#2423,.F.);
#3153=ORIENTED_EDGE('',*,*,#2424,.F.);
#3154=ORIENTED_EDGE('',*,*,#2419,.T.);
#3155=ORIENTED_EDGE('',*,*,#2425,.F.);
#3156=ORIENTED_EDGE('',*,*,#2421,.F.);
#3157=ORIENTED_EDGE('',*,*,#2426,.F.);
#3158=ORIENTED_EDGE('',*,*,#2427,.T.);
#3159=ORIENTED_EDGE('',*,*,#2428,.F.);
#3160=ORIENTED_EDGE('',*,*,#2427,.F.);
#3161=ORIENTED_EDGE('',*,*,#2429,.F.);
#3162=ORIENTED_EDGE('',*,*,#2430,.F.);
#3163=ORIENTED_EDGE('',*,*,#2423,.T.);
#3164=ORIENTED_EDGE('',*,*,#2431,.F.);
#3165=ORIENTED_EDGE('',*,*,#2432,.F.);
#3166=ORIENTED_EDGE('',*,*,#2433,.F.);
#3167=ORIENTED_EDGE('',*,*,#2434,.T.);
#3168=ORIENTED_EDGE('',*,*,#2435,.F.);
#3169=ORIENTED_EDGE('',*,*,#2436,.F.);
#3170=ORIENTED_EDGE('',*,*,#2437,.F.);
#3171=ORIENTED_EDGE('',*,*,#2432,.T.);
#3172=ORIENTED_EDGE('',*,*,#2438,.F.);
#3173=ORIENTED_EDGE('',*,*,#2439,.F.);
#3174=ORIENTED_EDGE('',*,*,#2440,.F.);
#3175=ORIENTED_EDGE('',*,*,#2441,.F.);
#3176=ORIENTED_EDGE('',*,*,#2436,.T.);
#3177=ORIENTED_EDGE('',*,*,#2442,.F.);
#3178=ORIENTED_EDGE('',*,*,#2443,.F.);
#3179=ORIENTED_EDGE('',*,*,#2444,.F.);
#3180=ORIENTED_EDGE('',*,*,#2445,.T.);
#3181=ORIENTED_EDGE('',*,*,#2446,.F.);
#3182=ORIENTED_EDGE('',*,*,#2447,.F.);
#3183=ORIENTED_EDGE('',*,*,#2448,.F.);
#3184=ORIENTED_EDGE('',*,*,#2443,.T.);
#3185=ORIENTED_EDGE('',*,*,#2449,.F.);
#3186=ORIENTED_EDGE('',*,*,#2445,.F.);
#3187=ORIENTED_EDGE('',*,*,#2450,.F.);
#3188=ORIENTED_EDGE('',*,*,#2451,.T.);
#3189=ORIENTED_EDGE('',*,*,#2452,.F.);
#3190=ORIENTED_EDGE('',*,*,#2451,.F.);
#3191=ORIENTED_EDGE('',*,*,#2453,.F.);
#3192=ORIENTED_EDGE('',*,*,#2454,.F.);
#3193=ORIENTED_EDGE('',*,*,#2447,.T.);
#3194=ORIENTED_EDGE('',*,*,#2455,.F.);
#3195=ORIENTED_EDGE('',*,*,#2456,.F.);
#3196=ORIENTED_EDGE('',*,*,#2457,.F.);
#3197=ORIENTED_EDGE('',*,*,#2458,.T.);
#3198=ORIENTED_EDGE('',*,*,#2459,.F.);
#3199=ORIENTED_EDGE('',*,*,#2460,.F.);
#3200=ORIENTED_EDGE('',*,*,#2461,.F.);
#3201=ORIENTED_EDGE('',*,*,#2456,.T.);
#3202=ORIENTED_EDGE('',*,*,#2462,.F.);
#3203=ORIENTED_EDGE('',*,*,#2458,.F.);
#3204=ORIENTED_EDGE('',*,*,#2463,.F.);
#3205=ORIENTED_EDGE('',*,*,#2464,.T.);
#3206=ORIENTED_EDGE('',*,*,#2465,.F.);
#3207=ORIENTED_EDGE('',*,*,#2464,.F.);
#3208=ORIENTED_EDGE('',*,*,#2466,.F.);
#3209=ORIENTED_EDGE('',*,*,#2467,.F.);
#3210=ORIENTED_EDGE('',*,*,#2460,.T.);
#3211=ORIENTED_EDGE('',*,*,#2468,.F.);
#3212=ORIENTED_EDGE('',*,*,#2469,.F.);
#3213=ORIENTED_EDGE('',*,*,#2470,.F.);
#3214=ORIENTED_EDGE('',*,*,#2471,.T.);
#3215=ORIENTED_EDGE('',*,*,#2472,.F.);
#3216=ORIENTED_EDGE('',*,*,#2473,.F.);
#3217=ORIENTED_EDGE('',*,*,#2474,.F.);
#3218=ORIENTED_EDGE('',*,*,#2469,.T.);
#3219=ORIENTED_EDGE('',*,*,#2475,.F.);
#3220=ORIENTED_EDGE('',*,*,#2471,.F.);
#3221=ORIENTED_EDGE('',*,*,#2476,.F.);
#3222=ORIENTED_EDGE('',*,*,#2477,.T.);
#3223=ORIENTED_EDGE('',*,*,#2478,.F.);
#3224=ORIENTED_EDGE('',*,*,#2477,.F.);
#3225=ORIENTED_EDGE('',*,*,#2479,.F.);
#3226=ORIENTED_EDGE('',*,*,#2480,.F.);
#3227=ORIENTED_EDGE('',*,*,#2473,.T.);
#3228=ORIENTED_EDGE('',*,*,#2481,.F.);
#3229=ORIENTED_EDGE('',*,*,#2482,.F.);
#3230=ORIENTED_EDGE('',*,*,#2483,.F.);
#3231=ORIENTED_EDGE('',*,*,#2484,.T.);
#3232=ORIENTED_EDGE('',*,*,#2485,.F.);
#3233=ORIENTED_EDGE('',*,*,#2486,.F.);
#3234=ORIENTED_EDGE('',*,*,#2487,.F.);
#3235=ORIENTED_EDGE('',*,*,#2482,.T.);
#3236=ORIENTED_EDGE('',*,*,#2488,.F.);
#3237=ORIENTED_EDGE('',*,*,#2484,.F.);
#3238=ORIENTED_EDGE('',*,*,#2489,.F.);
#3239=ORIENTED_EDGE('',*,*,#2490,.T.);
#3240=ORIENTED_EDGE('',*,*,#2491,.F.);
#3241=ORIENTED_EDGE('',*,*,#2490,.F.);
#3242=ORIENTED_EDGE('',*,*,#2492,.F.);
#3243=ORIENTED_EDGE('',*,*,#2493,.F.);
#3244=ORIENTED_EDGE('',*,*,#2486,.T.);
#3245=ORIENTED_EDGE('',*,*,#2494,.F.);
#3246=ORIENTED_EDGE('',*,*,#2495,.F.);
#3247=ORIENTED_EDGE('',*,*,#2496,.F.);
#3248=ORIENTED_EDGE('',*,*,#2497,.T.);
#3249=ORIENTED_EDGE('',*,*,#2498,.F.);
#3250=ORIENTED_EDGE('',*,*,#2499,.F.);
#3251=ORIENTED_EDGE('',*,*,#2500,.F.);
#3252=ORIENTED_EDGE('',*,*,#2495,.T.);
#3253=ORIENTED_EDGE('',*,*,#2501,.F.);
#3254=ORIENTED_EDGE('',*,*,#2497,.F.);
#3255=ORIENTED_EDGE('',*,*,#2502,.F.);
#3256=ORIENTED_EDGE('',*,*,#2503,.T.);
#3257=ORIENTED_EDGE('',*,*,#2504,.F.);
#3258=ORIENTED_EDGE('',*,*,#2503,.F.);
#3259=ORIENTED_EDGE('',*,*,#2505,.F.);
#3260=ORIENTED_EDGE('',*,*,#2506,.F.);
#3261=ORIENTED_EDGE('',*,*,#2499,.T.);
#3262=ORIENTED_EDGE('',*,*,#2507,.F.);
#3263=ORIENTED_EDGE('',*,*,#2508,.F.);
#3264=ORIENTED_EDGE('',*,*,#2509,.F.);
#3265=ORIENTED_EDGE('',*,*,#2510,.T.);
#3266=ORIENTED_EDGE('',*,*,#2511,.F.);
#3267=ORIENTED_EDGE('',*,*,#2512,.F.);
#3268=ORIENTED_EDGE('',*,*,#2513,.F.);
#3269=ORIENTED_EDGE('',*,*,#2508,.T.);
#3270=ORIENTED_EDGE('',*,*,#2514,.F.);
#3271=ORIENTED_EDGE('',*,*,#2510,.F.);
#3272=ORIENTED_EDGE('',*,*,#2515,.F.);
#3273=ORIENTED_EDGE('',*,*,#2516,.T.);
#3274=ORIENTED_EDGE('',*,*,#2517,.F.);
#3275=ORIENTED_EDGE('',*,*,#2516,.F.);
#3276=ORIENTED_EDGE('',*,*,#2518,.F.);
#3277=ORIENTED_EDGE('',*,*,#2519,.F.);
#3278=ORIENTED_EDGE('',*,*,#2512,.T.);
#3279=ORIENTED_EDGE('',*,*,#2520,.F.);
#3280=ORIENTED_EDGE('',*,*,#2521,.F.);
#3281=ORIENTED_EDGE('',*,*,#2522,.F.);
#3282=ORIENTED_EDGE('',*,*,#2523,.T.);
#3283=ORIENTED_EDGE('',*,*,#2524,.F.);
#3284=ORIENTED_EDGE('',*,*,#2523,.F.);
#3285=ORIENTED_EDGE('',*,*,#2525,.F.);
#3286=ORIENTED_EDGE('',*,*,#2526,.T.);
#3287=ORIENTED_EDGE('',*,*,#2527,.F.);
#3288=ORIENTED_EDGE('',*,*,#2526,.F.);
#3289=ORIENTED_EDGE('',*,*,#2528,.F.);
#3290=ORIENTED_EDGE('',*,*,#2529,.F.);
#3291=ORIENTED_EDGE('',*,*,#2530,.T.);
#3292=ORIENTED_EDGE('',*,*,#2531,.F.);
#3293=ORIENTED_EDGE('',*,*,#2532,.T.);
#3294=ORIENTED_EDGE('',*,*,#2533,.T.);
#3295=ORIENTED_EDGE('',*,*,#2534,.T.);
#3296=ORIENTED_EDGE('',*,*,#2535,.F.);
#3297=ORIENTED_EDGE('',*,*,#2536,.F.);
#3298=ORIENTED_EDGE('',*,*,#2537,.F.);
#3299=ORIENTED_EDGE('',*,*,#2538,.F.);
#3300=ORIENTED_EDGE('',*,*,#2539,.F.);
#3301=ORIENTED_EDGE('',*,*,#2540,.F.);
#3302=ORIENTED_EDGE('',*,*,#2439,.T.);
#3303=ORIENTED_EDGE('',*,*,#2541,.F.);
#3304=ORIENTED_EDGE('',*,*,#2434,.F.);
#3305=ORIENTED_EDGE('',*,*,#2542,.F.);
#3306=ORIENTED_EDGE('',*,*,#2543,.F.);
#3307=ORIENTED_EDGE('',*,*,#2544,.F.);
#3308=ORIENTED_EDGE('',*,*,#2545,.F.);
#3309=ORIENTED_EDGE('',*,*,#2546,.F.);
#3310=ORIENTED_EDGE('',*,*,#2547,.F.);
#3311=ORIENTED_EDGE('',*,*,#2548,.T.);
#3312=ORIENTED_EDGE('',*,*,#2549,.T.);
#3313=ORIENTED_EDGE('',*,*,#2550,.T.);
#3314=ORIENTED_EDGE('',*,*,#2551,.F.);
#3315=ORIENTED_EDGE('',*,*,#2521,.T.);
#3316=ORIENTED_EDGE('',*,*,#2552,.F.);
#3317=ORIENTED_EDGE('',*,*,#2530,.F.);
#3318=ORIENTED_EDGE('',*,*,#2440,.T.);
#3319=ORIENTED_EDGE('',*,*,#2540,.T.);
#3320=ORIENTED_EDGE('',*,*,#2553,.T.);
#3321=ORIENTED_EDGE('',*,*,#2529,.T.);
#3322=ORIENTED_EDGE('',*,*,#2554,.T.);
#3323=ORIENTED_EDGE('',*,*,#2542,.T.);
#3324=ORIENTED_EDGE('',*,*,#2433,.T.);
#3325=ORIENTED_EDGE('',*,*,#2437,.T.);
#3326=ORIENTED_EDGE('',*,*,#2441,.T.);
#3327=ORIENTED_EDGE('',*,*,#2555,.T.);
#3328=ORIENTED_EDGE('',*,*,#2466,.T.);
#3329=ORIENTED_EDGE('',*,*,#2463,.T.);
#3330=ORIENTED_EDGE('',*,*,#2457,.T.);
#3331=ORIENTED_EDGE('',*,*,#2461,.T.);
#3332=ORIENTED_EDGE('',*,*,#2467,.T.);
#3333=ORIENTED_EDGE('',*,*,#2556,.T.);
#3334=ORIENTED_EDGE('',*,*,#2479,.T.);
#3335=ORIENTED_EDGE('',*,*,#2476,.T.);
#3336=ORIENTED_EDGE('',*,*,#2470,.T.);
#3337=ORIENTED_EDGE('',*,*,#2474,.T.);
#3338=ORIENTED_EDGE('',*,*,#2480,.T.);
#3339=ORIENTED_EDGE('',*,*,#2557,.T.);
#3340=ORIENTED_EDGE('',*,*,#2453,.T.);
#3341=ORIENTED_EDGE('',*,*,#2450,.T.);
#3342=ORIENTED_EDGE('',*,*,#2444,.T.);
#3343=ORIENTED_EDGE('',*,*,#2448,.T.);
#3344=ORIENTED_EDGE('',*,*,#2454,.T.);
#3345=ORIENTED_EDGE('',*,*,#2558,.T.);
#3346=ORIENTED_EDGE('',*,*,#2492,.T.);
#3347=ORIENTED_EDGE('',*,*,#2489,.T.);
#3348=ORIENTED_EDGE('',*,*,#2483,.T.);
#3349=ORIENTED_EDGE('',*,*,#2487,.T.);
#3350=ORIENTED_EDGE('',*,*,#2493,.T.);
#3351=ORIENTED_EDGE('',*,*,#2559,.T.);
#3352=ORIENTED_EDGE('',*,*,#2505,.T.);
#3353=ORIENTED_EDGE('',*,*,#2502,.T.);
#3354=ORIENTED_EDGE('',*,*,#2496,.T.);
#3355=ORIENTED_EDGE('',*,*,#2500,.T.);
#3356=ORIENTED_EDGE('',*,*,#2506,.T.);
#3357=ORIENTED_EDGE('',*,*,#2560,.T.);
#3358=ORIENTED_EDGE('',*,*,#2429,.T.);
#3359=ORIENTED_EDGE('',*,*,#2426,.T.);
#3360=ORIENTED_EDGE('',*,*,#2420,.T.);
#3361=ORIENTED_EDGE('',*,*,#2424,.T.);
#3362=ORIENTED_EDGE('',*,*,#2430,.T.);
#3363=ORIENTED_EDGE('',*,*,#2561,.T.);
#3364=ORIENTED_EDGE('',*,*,#2518,.T.);
#3365=ORIENTED_EDGE('',*,*,#2515,.T.);
#3366=ORIENTED_EDGE('',*,*,#2509,.T.);
#3367=ORIENTED_EDGE('',*,*,#2513,.T.);
#3368=ORIENTED_EDGE('',*,*,#2519,.T.);
#3369=ORIENTED_EDGE('',*,*,#2562,.T.);
#3370=ORIENTED_EDGE('',*,*,#2416,.T.);
#3371=ORIENTED_EDGE('',*,*,#2413,.T.);
#3372=ORIENTED_EDGE('',*,*,#2407,.T.);
#3373=ORIENTED_EDGE('',*,*,#2411,.T.);
#3374=ORIENTED_EDGE('',*,*,#2417,.T.);
#3375=ORIENTED_EDGE('',*,*,#2563,.T.);
#3376=ORIENTED_EDGE('',*,*,#2528,.T.);
#3377=ORIENTED_EDGE('',*,*,#2525,.T.);
#3378=ORIENTED_EDGE('',*,*,#2522,.T.);
#3379=ORIENTED_EDGE('',*,*,#2551,.T.);
#3380=ORIENTED_EDGE('',*,*,#2564,.T.);
#3381=ORIENTED_EDGE('',*,*,#2565,.T.);
#3382=ORIENTED_EDGE('',*,*,#2566,.T.);
#3383=ORIENTED_EDGE('',*,*,#2567,.T.);
#3384=ORIENTED_EDGE('',*,*,#2568,.T.);
#3385=ORIENTED_EDGE('',*,*,#2531,.T.);
#3386=ORIENTED_EDGE('',*,*,#2569,.F.);
#3387=ORIENTED_EDGE('',*,*,#2570,.F.);
#3388=ORIENTED_EDGE('',*,*,#2571,.T.);
#3389=ORIENTED_EDGE('',*,*,#2572,.T.);
#3390=ORIENTED_EDGE('',*,*,#2573,.F.);
#3391=ORIENTED_EDGE('',*,*,#2574,.F.);
#3392=ORIENTED_EDGE('',*,*,#2575,.F.);
#3393=ORIENTED_EDGE('',*,*,#2576,.F.);
#3394=ORIENTED_EDGE('',*,*,#2573,.T.);
#3395=ORIENTED_EDGE('',*,*,#2577,.T.);
#3396=ORIENTED_EDGE('',*,*,#2548,.F.);
#3397=ORIENTED_EDGE('',*,*,#2549,.F.);
#3398=ORIENTED_EDGE('',*,*,#2577,.F.);
#3399=ORIENTED_EDGE('',*,*,#2572,.F.);
#3400=ORIENTED_EDGE('',*,*,#2578,.F.);
#3401=ORIENTED_EDGE('',*,*,#2579,.F.);
#3402=ORIENTED_EDGE('',*,*,#2580,.F.);
#3403=ORIENTED_EDGE('',*,*,#2581,.F.);
#3404=ORIENTED_EDGE('',*,*,#2565,.F.);
#3405=ORIENTED_EDGE('',*,*,#2582,.F.);
#3406=ORIENTED_EDGE('',*,*,#2583,.F.);
#3407=ORIENTED_EDGE('',*,*,#2564,.F.);
#3408=ORIENTED_EDGE('',*,*,#2550,.F.);
#3409=ORIENTED_EDGE('',*,*,#2578,.T.);
#3410=ORIENTED_EDGE('',*,*,#2571,.F.);
#3411=ORIENTED_EDGE('',*,*,#2584,.F.);
#3412=ORIENTED_EDGE('',*,*,#2582,.T.);
#3413=ORIENTED_EDGE('',*,*,#2585,.F.);
#3414=ORIENTED_EDGE('',*,*,#2586,.F.);
#3415=ORIENTED_EDGE('',*,*,#2587,.T.);
#3416=ORIENTED_EDGE('',*,*,#2567,.F.);
#3417=ORIENTED_EDGE('',*,*,#2588,.F.);
#3418=ORIENTED_EDGE('',*,*,#2589,.F.);
#3419=ORIENTED_EDGE('',*,*,#2568,.F.);
#3420=ORIENTED_EDGE('',*,*,#2587,.F.);
#3421=ORIENTED_EDGE('',*,*,#2590,.F.);
#3422=ORIENTED_EDGE('',*,*,#2591,.T.);
#3423=ORIENTED_EDGE('',*,*,#2592,.T.);
#3424=ORIENTED_EDGE('',*,*,#2532,.F.);
#3425=ORIENTED_EDGE('',*,*,#2593,.F.);
#3426=ORIENTED_EDGE('',*,*,#2594,.F.);
#3427=ORIENTED_EDGE('',*,*,#2595,.F.);
#3428=ORIENTED_EDGE('',*,*,#2596,.T.);
#3429=ORIENTED_EDGE('',*,*,#2597,.T.);
#3430=ORIENTED_EDGE('',*,*,#2591,.F.);
#3431=ORIENTED_EDGE('',*,*,#2598,.F.);
#3432=ORIENTED_EDGE('',*,*,#2599,.F.);
#3433=ORIENTED_EDGE('',*,*,#2534,.F.);
#3434=ORIENTED_EDGE('',*,*,#2600,.T.);
#3435=ORIENTED_EDGE('',*,*,#2596,.F.);
#3436=ORIENTED_EDGE('',*,*,#2533,.F.);
#3437=ORIENTED_EDGE('',*,*,#2592,.F.);
#3438=ORIENTED_EDGE('',*,*,#2597,.F.);
#3439=ORIENTED_EDGE('',*,*,#2600,.F.);
#3440=ORIENTED_EDGE('',*,*,#2574,.T.);
#3441=ORIENTED_EDGE('',*,*,#2576,.T.);
#3442=ORIENTED_EDGE('',*,*,#2547,.T.);
#3443=ORIENTED_EDGE('',*,*,#2601,.T.);
#3444=ORIENTED_EDGE('',*,*,#2602,.T.);
#3445=ORIENTED_EDGE('',*,*,#2603,.T.);
#3446=ORIENTED_EDGE('',*,*,#2604,.T.);
#3447=ORIENTED_EDGE('',*,*,#2605,.T.);
#3448=ORIENTED_EDGE('',*,*,#2606,.T.);
#3449=ORIENTED_EDGE('',*,*,#2607,.F.);
#3450=ORIENTED_EDGE('',*,*,#2608,.F.);
#3451=ORIENTED_EDGE('',*,*,#2609,.F.);
#3452=ORIENTED_EDGE('',*,*,#2610,.F.);
#3453=ORIENTED_EDGE('',*,*,#2611,.F.);
#3454=ORIENTED_EDGE('',*,*,#2593,.T.);
#3455=ORIENTED_EDGE('',*,*,#2612,.F.);
#3456=ORIENTED_EDGE('',*,*,#2613,.T.);
#3457=ORIENTED_EDGE('',*,*,#2614,.F.);
#3458=ORIENTED_EDGE('',*,*,#2579,.T.);
#3459=ORIENTED_EDGE('',*,*,#2615,.F.);
#3460=ORIENTED_EDGE('',*,*,#2585,.T.);
#3461=ORIENTED_EDGE('',*,*,#2616,.F.);
#3462=ORIENTED_EDGE('',*,*,#2569,.T.);
#3463=ORIENTED_EDGE('',*,*,#2617,.F.);
#3464=ORIENTED_EDGE('',*,*,#2618,.F.);
#3465=ORIENTED_EDGE('',*,*,#2619,.F.);
#3466=ORIENTED_EDGE('',*,*,#2594,.T.);
#3467=ORIENTED_EDGE('',*,*,#2614,.T.);
#3468=ORIENTED_EDGE('',*,*,#2620,.T.);
#3469=ORIENTED_EDGE('',*,*,#2621,.T.);
#3470=ORIENTED_EDGE('',*,*,#2580,.T.);
#3471=ORIENTED_EDGE('',*,*,#2616,.T.);
#3472=ORIENTED_EDGE('',*,*,#2589,.T.);
#3473=ORIENTED_EDGE('',*,*,#2622,.T.);
#3474=ORIENTED_EDGE('',*,*,#2575,.T.);
#3475=ORIENTED_EDGE('',*,*,#2611,.T.);
#3476=ORIENTED_EDGE('',*,*,#2623,.F.);
#3477=ORIENTED_EDGE('',*,*,#2617,.T.);
#3478=ORIENTED_EDGE('',*,*,#2624,.F.);
#3479=ORIENTED_EDGE('',*,*,#2544,.T.);
#3480=ORIENTED_EDGE('',*,*,#2625,.F.);
#3481=ORIENTED_EDGE('',*,*,#2538,.T.);
#3482=ORIENTED_EDGE('',*,*,#2553,.F.);
#3483=ORIENTED_EDGE('',*,*,#2539,.T.);
#3484=ORIENTED_EDGE('',*,*,#2625,.T.);
#3485=ORIENTED_EDGE('',*,*,#2543,.T.);
#3486=ORIENTED_EDGE('',*,*,#2554,.F.);
#3487=ORIENTED_EDGE('',*,*,#2563,.F.);
#3488=ORIENTED_EDGE('',*,*,#2562,.F.);
#3489=ORIENTED_EDGE('',*,*,#2561,.F.);
#3490=ORIENTED_EDGE('',*,*,#2560,.F.);
#3491=ORIENTED_EDGE('',*,*,#2559,.F.);
#3492=ORIENTED_EDGE('',*,*,#2558,.F.);
#3493=ORIENTED_EDGE('',*,*,#2557,.F.);
#3494=ORIENTED_EDGE('',*,*,#2556,.F.);
#3495=ORIENTED_EDGE('',*,*,#2555,.F.);
#3496=ORIENTED_EDGE('',*,*,#2581,.T.);
#3497=ORIENTED_EDGE('',*,*,#2622,.F.);
#3498=ORIENTED_EDGE('',*,*,#2588,.T.);
#3499=ORIENTED_EDGE('',*,*,#2566,.F.);
#3500=ORIENTED_EDGE('',*,*,#2595,.T.);
#3501=ORIENTED_EDGE('',*,*,#2621,.F.);
#3502=ORIENTED_EDGE('',*,*,#2626,.F.);
#3503=ORIENTED_EDGE('',*,*,#2627,.F.);
#3504=ORIENTED_EDGE('',*,*,#2628,.F.);
#3505=ORIENTED_EDGE('',*,*,#2629,.F.);
#3506=ORIENTED_EDGE('',*,*,#2630,.T.);
#3507=ORIENTED_EDGE('',*,*,#2631,.T.);
#3508=ORIENTED_EDGE('',*,*,#2632,.T.);
#3509=ORIENTED_EDGE('',*,*,#2633,.T.);
#3510=ORIENTED_EDGE('',*,*,#2634,.T.);
#3511=ORIENTED_EDGE('',*,*,#2635,.T.);
#3512=ORIENTED_EDGE('',*,*,#2535,.T.);
#3513=ORIENTED_EDGE('',*,*,#2599,.T.);
#3514=ORIENTED_EDGE('',*,*,#2545,.T.);
#3515=ORIENTED_EDGE('',*,*,#2624,.T.);
#3516=ORIENTED_EDGE('',*,*,#2537,.T.);
#3517=ORIENTED_EDGE('',*,*,#2636,.F.);
#3518=ORIENTED_EDGE('',*,*,#2637,.F.);
#3519=ORIENTED_EDGE('',*,*,#2638,.F.);
#3520=ORIENTED_EDGE('',*,*,#2639,.F.);
#3521=ORIENTED_EDGE('',*,*,#2640,.F.);
#3522=ORIENTED_EDGE('',*,*,#2641,.F.);
#3523=ORIENTED_EDGE('',*,*,#2642,.F.);
#3524=ORIENTED_EDGE('',*,*,#2643,.T.);
#3525=ORIENTED_EDGE('',*,*,#2644,.F.);
#3526=ORIENTED_EDGE('',*,*,#2645,.T.);
#3527=ORIENTED_EDGE('',*,*,#2646,.F.);
#3528=ORIENTED_EDGE('',*,*,#2647,.T.);
#3529=ORIENTED_EDGE('',*,*,#2648,.F.);
#3530=ORIENTED_EDGE('',*,*,#2649,.F.);
#3531=ORIENTED_EDGE('',*,*,#2650,.F.);
#3532=ORIENTED_EDGE('',*,*,#2651,.F.);
#3533=ORIENTED_EDGE('',*,*,#2652,.F.);
#3534=ORIENTED_EDGE('',*,*,#2653,.F.);
#3535=ORIENTED_EDGE('',*,*,#2654,.F.);
#3536=ORIENTED_EDGE('',*,*,#2536,.T.);
#3537=ORIENTED_EDGE('',*,*,#2635,.F.);
#3538=ORIENTED_EDGE('',*,*,#2655,.T.);
#3539=ORIENTED_EDGE('',*,*,#2636,.T.);
#3540=ORIENTED_EDGE('',*,*,#2546,.T.);
#3541=ORIENTED_EDGE('',*,*,#2654,.T.);
#3542=ORIENTED_EDGE('',*,*,#2656,.F.);
#3543=ORIENTED_EDGE('',*,*,#2601,.F.);
#3544=ORIENTED_EDGE('',*,*,#2657,.T.);
#3545=ORIENTED_EDGE('',*,*,#2658,.T.);
#3546=ORIENTED_EDGE('',*,*,#2659,.T.);
#3547=ORIENTED_EDGE('',*,*,#2660,.T.);
#3548=ORIENTED_EDGE('',*,*,#2661,.T.);
#3549=ORIENTED_EDGE('',*,*,#2662,.T.);
#3550=ORIENTED_EDGE('',*,*,#2657,.F.);
#3551=ORIENTED_EDGE('',*,*,#2663,.T.);
#3552=ORIENTED_EDGE('',*,*,#2664,.T.);
#3553=ORIENTED_EDGE('',*,*,#2665,.T.);
#3554=ORIENTED_EDGE('',*,*,#2666,.T.);
#3555=ORIENTED_EDGE('',*,*,#2667,.T.);
#3556=ORIENTED_EDGE('',*,*,#2668,.T.);
#3557=ORIENTED_EDGE('',*,*,#2669,.T.);
#3558=ORIENTED_EDGE('',*,*,#2666,.F.);
#3559=ORIENTED_EDGE('',*,*,#2670,.T.);
#3560=ORIENTED_EDGE('',*,*,#2668,.F.);
#3561=ORIENTED_EDGE('',*,*,#2671,.T.);
#3562=ORIENTED_EDGE('',*,*,#2672,.T.);
#3563=ORIENTED_EDGE('',*,*,#2673,.T.);
#3564=ORIENTED_EDGE('',*,*,#2674,.T.);
#3565=ORIENTED_EDGE('',*,*,#2675,.T.);
#3566=ORIENTED_EDGE('',*,*,#2672,.F.);
#3567=ORIENTED_EDGE('',*,*,#2676,.T.);
#3568=ORIENTED_EDGE('',*,*,#2674,.F.);
#3569=ORIENTED_EDGE('',*,*,#2677,.T.);
#3570=ORIENTED_EDGE('',*,*,#2659,.F.);
#3571=ORIENTED_EDGE('',*,*,#2678,.T.);
#3572=ORIENTED_EDGE('',*,*,#2679,.T.);
#3573=ORIENTED_EDGE('',*,*,#2680,.T.);
#3574=ORIENTED_EDGE('',*,*,#2661,.F.);
#3575=ORIENTED_EDGE('',*,*,#2681,.T.);
#3576=ORIENTED_EDGE('',*,*,#2682,.T.);
#3577=ORIENTED_EDGE('',*,*,#2683,.T.);
#3578=ORIENTED_EDGE('',*,*,#2664,.F.);
#3579=ORIENTED_EDGE('',*,*,#2684,.T.);
#3580=ORIENTED_EDGE('',*,*,#2682,.F.);
#3581=ORIENTED_EDGE('',*,*,#2685,.T.);
#3582=ORIENTED_EDGE('',*,*,#2679,.F.);
#3583=ORIENTED_EDGE('',*,*,#2686,.T.);
#3584=ORIENTED_EDGE('',*,*,#2677,.F.);
#3585=ORIENTED_EDGE('',*,*,#2687,.T.);
#3586=ORIENTED_EDGE('',*,*,#2688,.F.);
#3587=ORIENTED_EDGE('',*,*,#2689,.T.);
#3588=ORIENTED_EDGE('',*,*,#2676,.F.);
#3589=ORIENTED_EDGE('',*,*,#2690,.F.);
#3590=ORIENTED_EDGE('',*,*,#2691,.F.);
#3591=ORIENTED_EDGE('',*,*,#2687,.F.);
#3592=ORIENTED_EDGE('',*,*,#2671,.F.);
#3593=ORIENTED_EDGE('',*,*,#2692,.T.);
#3594=ORIENTED_EDGE('',*,*,#2693,.T.);
#3595=ORIENTED_EDGE('',*,*,#2690,.T.);
#3596=ORIENTED_EDGE('',*,*,#2670,.F.);
#3597=ORIENTED_EDGE('',*,*,#2694,.F.);
#3598=ORIENTED_EDGE('',*,*,#2695,.F.);
#3599=ORIENTED_EDGE('',*,*,#2696,.F.);
#3600=ORIENTED_EDGE('',*,*,#2697,.F.);
#3601=ORIENTED_EDGE('',*,*,#2698,.F.);
#3602=ORIENTED_EDGE('',*,*,#2699,.F.);
#3603=ORIENTED_EDGE('',*,*,#2700,.F.);
#3604=ORIENTED_EDGE('',*,*,#2647,.F.);
#3605=ORIENTED_EDGE('',*,*,#2701,.F.);
#3606=ORIENTED_EDGE('',*,*,#2692,.F.);
#3607=ORIENTED_EDGE('',*,*,#2680,.F.);
#3608=ORIENTED_EDGE('',*,*,#2685,.F.);
#3609=ORIENTED_EDGE('',*,*,#2684,.F.);
#3610=ORIENTED_EDGE('',*,*,#2702,.T.);
#3611=ORIENTED_EDGE('',*,*,#2703,.F.);
#3612=ORIENTED_EDGE('',*,*,#2704,.F.);
#3613=ORIENTED_EDGE('',*,*,#2705,.T.);
#3614=ORIENTED_EDGE('',*,*,#2706,.F.);
#3615=ORIENTED_EDGE('',*,*,#2707,.F.);
#3616=ORIENTED_EDGE('',*,*,#2708,.T.);
#3617=ORIENTED_EDGE('',*,*,#2663,.F.);
#3618=ORIENTED_EDGE('',*,*,#2709,.T.);
#3619=ORIENTED_EDGE('',*,*,#2710,.T.);
#3620=ORIENTED_EDGE('',*,*,#2711,.T.);
#3621=ORIENTED_EDGE('',*,*,#2681,.F.);
#3622=ORIENTED_EDGE('',*,*,#2712,.T.);
#3623=ORIENTED_EDGE('',*,*,#2713,.T.);
#3624=ORIENTED_EDGE('',*,*,#2714,.T.);
#3625=ORIENTED_EDGE('',*,*,#2710,.F.);
#3626=ORIENTED_EDGE('',*,*,#2715,.T.);
#3627=ORIENTED_EDGE('',*,*,#2716,.T.);
#3628=ORIENTED_EDGE('',*,*,#2717,.T.);
#3629=ORIENTED_EDGE('',*,*,#2713,.F.);
#3630=ORIENTED_EDGE('',*,*,#2718,.T.);
#3631=ORIENTED_EDGE('',*,*,#2719,.T.);
#3632=ORIENTED_EDGE('',*,*,#2720,.T.);
#3633=ORIENTED_EDGE('',*,*,#2716,.F.);
#3634=ORIENTED_EDGE('',*,*,#2721,.T.);
#3635=ORIENTED_EDGE('',*,*,#2722,.T.);
#3636=ORIENTED_EDGE('',*,*,#2723,.T.);
#3637=ORIENTED_EDGE('',*,*,#2719,.F.);
#3638=ORIENTED_EDGE('',*,*,#2686,.F.);
#3639=ORIENTED_EDGE('',*,*,#2711,.F.);
#3640=ORIENTED_EDGE('',*,*,#2724,.T.);
#3641=ORIENTED_EDGE('',*,*,#2725,.F.);
#3642=ORIENTED_EDGE('',*,*,#2714,.F.);
#3643=ORIENTED_EDGE('',*,*,#2726,.T.);
#3644=ORIENTED_EDGE('',*,*,#2727,.F.);
#3645=ORIENTED_EDGE('',*,*,#2724,.F.);
#3646=ORIENTED_EDGE('',*,*,#2717,.F.);
#3647=ORIENTED_EDGE('',*,*,#2728,.T.);
#3648=ORIENTED_EDGE('',*,*,#2729,.F.);
#3649=ORIENTED_EDGE('',*,*,#2726,.F.);
#3650=ORIENTED_EDGE('',*,*,#2720,.F.);
#3651=ORIENTED_EDGE('',*,*,#2730,.T.);
#3652=ORIENTED_EDGE('',*,*,#2731,.F.);
#3653=ORIENTED_EDGE('',*,*,#2728,.F.);
#3654=ORIENTED_EDGE('',*,*,#2723,.F.);
#3655=ORIENTED_EDGE('',*,*,#2732,.F.);
#3656=ORIENTED_EDGE('',*,*,#2733,.F.);
#3657=ORIENTED_EDGE('',*,*,#2730,.F.);
#3658=ORIENTED_EDGE('',*,*,#2733,.T.);
#3659=ORIENTED_EDGE('',*,*,#2734,.T.);
#3660=ORIENTED_EDGE('',*,*,#2698,.T.);
#3661=ORIENTED_EDGE('',*,*,#2735,.T.);
#3662=ORIENTED_EDGE('',*,*,#2697,.T.);
#3663=ORIENTED_EDGE('',*,*,#2736,.T.);
#3664=ORIENTED_EDGE('',*,*,#2731,.T.);
#3665=ORIENTED_EDGE('',*,*,#2735,.F.);
#3666=ORIENTED_EDGE('',*,*,#2696,.T.);
#3667=ORIENTED_EDGE('',*,*,#2737,.T.);
#3668=ORIENTED_EDGE('',*,*,#2729,.T.);
#3669=ORIENTED_EDGE('',*,*,#2736,.F.);
#3670=ORIENTED_EDGE('',*,*,#2695,.T.);
#3671=ORIENTED_EDGE('',*,*,#2738,.T.);
#3672=ORIENTED_EDGE('',*,*,#2727,.T.);
#3673=ORIENTED_EDGE('',*,*,#2737,.F.);
#3674=ORIENTED_EDGE('',*,*,#2683,.F.);
#3675=ORIENTED_EDGE('',*,*,#2725,.T.);
#3676=ORIENTED_EDGE('',*,*,#2738,.F.);
#3677=ORIENTED_EDGE('',*,*,#2694,.T.);
#3678=ORIENTED_EDGE('',*,*,#2665,.F.);
#3679=ORIENTED_EDGE('',*,*,#2739,.T.);
#3680=ORIENTED_EDGE('',*,*,#2644,.T.);
#3681=ORIENTED_EDGE('',*,*,#2740,.T.);
#3682=ORIENTED_EDGE('',*,*,#2688,.T.);
#3683=ORIENTED_EDGE('',*,*,#2739,.F.);
#3684=ORIENTED_EDGE('',*,*,#2691,.T.);
#3685=ORIENTED_EDGE('',*,*,#2741,.F.);
#3686=ORIENTED_EDGE('',*,*,#2645,.F.);
#3687=ORIENTED_EDGE('',*,*,#2701,.T.);
#3688=ORIENTED_EDGE('',*,*,#2646,.T.);
#3689=ORIENTED_EDGE('',*,*,#2741,.T.);
#3690=ORIENTED_EDGE('',*,*,#2693,.F.);
#3691=ORIENTED_EDGE('',*,*,#2660,.F.);
#3692=ORIENTED_EDGE('',*,*,#2689,.F.);
#3693=ORIENTED_EDGE('',*,*,#2740,.F.);
#3694=ORIENTED_EDGE('',*,*,#2643,.F.);
#3695=ORIENTED_EDGE('',*,*,#2742,.F.);
#3696=ORIENTED_EDGE('',*,*,#2743,.F.);
#3697=ORIENTED_EDGE('',*,*,#2721,.F.);
#3698=ORIENTED_EDGE('',*,*,#2718,.F.);
#3699=ORIENTED_EDGE('',*,*,#2715,.F.);
#3700=ORIENTED_EDGE('',*,*,#2712,.F.);
#3701=ORIENTED_EDGE('',*,*,#2709,.F.);
#3702=ORIENTED_EDGE('',*,*,#2700,.T.);
#3703=ORIENTED_EDGE('',*,*,#2744,.F.);
#3704=ORIENTED_EDGE('',*,*,#2745,.T.);
#3705=ORIENTED_EDGE('',*,*,#2648,.T.);
#3706=ORIENTED_EDGE('',*,*,#2404,.T.);
#3707=ORIENTED_EDGE('',*,*,#2742,.T.);
#3708=ORIENTED_EDGE('',*,*,#2642,.T.);
#3709=ORIENTED_EDGE('',*,*,#2746,.F.);
#3710=ORIENTED_EDGE('',*,*,#2747,.F.);
#3711=ORIENTED_EDGE('',*,*,#2401,.T.);
#3712=ORIENTED_EDGE('',*,*,#2641,.T.);
#3713=ORIENTED_EDGE('',*,*,#2748,.F.);
#3714=ORIENTED_EDGE('',*,*,#2630,.F.);
#3715=ORIENTED_EDGE('',*,*,#2749,.F.);
#3716=ORIENTED_EDGE('',*,*,#2750,.F.);
#3717=ORIENTED_EDGE('',*,*,#2751,.F.);
#3718=ORIENTED_EDGE('',*,*,#2746,.T.);
#3719=ORIENTED_EDGE('',*,*,#2606,.F.);
#3720=ORIENTED_EDGE('',*,*,#2752,.T.);
#3721=ORIENTED_EDGE('',*,*,#2649,.T.);
#3722=ORIENTED_EDGE('',*,*,#2745,.F.);
#3723=ORIENTED_EDGE('',*,*,#2753,.F.);
#3724=ORIENTED_EDGE('',*,*,#2754,.F.);
#3725=ORIENTED_EDGE('',*,*,#2755,.F.);
#3726=ORIENTED_EDGE('',*,*,#2755,.T.);
#3727=ORIENTED_EDGE('',*,*,#2756,.T.);
#3728=ORIENTED_EDGE('',*,*,#2757,.T.);
#3729=ORIENTED_EDGE('',*,*,#2607,.T.);
#3730=ORIENTED_EDGE('',*,*,#2754,.T.);
#3731=ORIENTED_EDGE('',*,*,#2758,.F.);
#3732=ORIENTED_EDGE('',*,*,#2759,.T.);
#3733=ORIENTED_EDGE('',*,*,#2756,.F.);
#3734=ORIENTED_EDGE('',*,*,#2634,.F.);
#3735=ORIENTED_EDGE('',*,*,#2760,.T.);
#3736=ORIENTED_EDGE('',*,*,#2637,.T.);
#3737=ORIENTED_EDGE('',*,*,#2655,.F.);
#3738=ORIENTED_EDGE('',*,*,#2602,.F.);
#3739=ORIENTED_EDGE('',*,*,#2656,.T.);
#3740=ORIENTED_EDGE('',*,*,#2653,.T.);
#3741=ORIENTED_EDGE('',*,*,#2761,.F.);
#3742=ORIENTED_EDGE('',*,*,#2603,.F.);
#3743=ORIENTED_EDGE('',*,*,#2761,.T.);
#3744=ORIENTED_EDGE('',*,*,#2652,.T.);
#3745=ORIENTED_EDGE('',*,*,#2762,.F.);
#3746=ORIENTED_EDGE('',*,*,#2604,.F.);
#3747=ORIENTED_EDGE('',*,*,#2762,.T.);
#3748=ORIENTED_EDGE('',*,*,#2651,.T.);
#3749=ORIENTED_EDGE('',*,*,#2763,.F.);
#3750=ORIENTED_EDGE('',*,*,#2605,.F.);
#3751=ORIENTED_EDGE('',*,*,#2763,.T.);
#3752=ORIENTED_EDGE('',*,*,#2650,.T.);
#3753=ORIENTED_EDGE('',*,*,#2752,.F.);
#3754=ORIENTED_EDGE('',*,*,#2633,.F.);
#3755=ORIENTED_EDGE('',*,*,#2764,.T.);
#3756=ORIENTED_EDGE('',*,*,#2638,.T.);
#3757=ORIENTED_EDGE('',*,*,#2760,.F.);
#3758=ORIENTED_EDGE('',*,*,#2632,.F.);
#3759=ORIENTED_EDGE('',*,*,#2765,.T.);
#3760=ORIENTED_EDGE('',*,*,#2639,.T.);
#3761=ORIENTED_EDGE('',*,*,#2764,.F.);
#3762=ORIENTED_EDGE('',*,*,#2631,.F.);
#3763=ORIENTED_EDGE('',*,*,#2748,.T.);
#3764=ORIENTED_EDGE('',*,*,#2640,.T.);
#3765=ORIENTED_EDGE('',*,*,#2765,.F.);
#3766=ORIENTED_EDGE('',*,*,#2766,.F.);
#3767=ORIENTED_EDGE('',*,*,#2767,.F.);
#3768=ORIENTED_EDGE('',*,*,#2768,.F.);
#3769=ORIENTED_EDGE('',*,*,#2769,.T.);
#3770=ORIENTED_EDGE('',*,*,#2770,.F.);
#3771=ORIENTED_EDGE('',*,*,#2769,.F.);
#3772=ORIENTED_EDGE('',*,*,#2771,.F.);
#3773=ORIENTED_EDGE('',*,*,#2618,.T.);
#3774=ORIENTED_EDGE('',*,*,#2772,.F.);
#3775=ORIENTED_EDGE('',*,*,#2613,.F.);
#3776=ORIENTED_EDGE('',*,*,#2773,.F.);
#3777=ORIENTED_EDGE('',*,*,#2774,.T.);
#3778=ORIENTED_EDGE('',*,*,#2775,.F.);
#3779=ORIENTED_EDGE('',*,*,#2774,.F.);
#3780=ORIENTED_EDGE('',*,*,#2776,.F.);
#3781=ORIENTED_EDGE('',*,*,#2777,.T.);
#3782=ORIENTED_EDGE('',*,*,#2778,.F.);
#3783=ORIENTED_EDGE('',*,*,#2777,.F.);
#3784=ORIENTED_EDGE('',*,*,#2779,.F.);
#3785=ORIENTED_EDGE('',*,*,#2780,.T.);
#3786=ORIENTED_EDGE('',*,*,#2750,.T.);
#3787=ORIENTED_EDGE('',*,*,#2781,.F.);
#3788=ORIENTED_EDGE('',*,*,#2780,.F.);
#3789=ORIENTED_EDGE('',*,*,#2782,.F.);
#3790=ORIENTED_EDGE('',*,*,#2783,.F.);
#3791=ORIENTED_EDGE('',*,*,#2759,.F.);
#3792=ORIENTED_EDGE('',*,*,#2784,.F.);
#3793=ORIENTED_EDGE('',*,*,#2767,.T.);
#3794=ORIENTED_EDGE('',*,*,#2775,.T.);
#3795=ORIENTED_EDGE('',*,*,#2785,.T.);
#3796=ORIENTED_EDGE('',*,*,#2627,.T.);
#3797=ORIENTED_EDGE('',*,*,#2786,.F.);
#3798=ORIENTED_EDGE('',*,*,#2778,.T.);
#3799=ORIENTED_EDGE('',*,*,#2787,.T.);
#3800=ORIENTED_EDGE('',*,*,#2628,.T.);
#3801=ORIENTED_EDGE('',*,*,#2785,.F.);
#3802=ORIENTED_EDGE('',*,*,#2749,.T.);
#3803=ORIENTED_EDGE('',*,*,#2629,.T.);
#3804=ORIENTED_EDGE('',*,*,#2787,.F.);
#3805=ORIENTED_EDGE('',*,*,#2781,.T.);
#3806=ORIENTED_EDGE('',*,*,#2783,.T.);
#3807=ORIENTED_EDGE('',*,*,#2788,.T.);
#3808=ORIENTED_EDGE('',*,*,#2608,.T.);
#3809=ORIENTED_EDGE('',*,*,#2757,.F.);
#3810=ORIENTED_EDGE('',*,*,#2766,.T.);
#3811=ORIENTED_EDGE('',*,*,#2789,.T.);
#3812=ORIENTED_EDGE('',*,*,#2609,.T.);
#3813=ORIENTED_EDGE('',*,*,#2788,.F.);
#3814=ORIENTED_EDGE('',*,*,#2770,.T.);
#3815=ORIENTED_EDGE('',*,*,#2623,.T.);
#3816=ORIENTED_EDGE('',*,*,#2610,.T.);
#3817=ORIENTED_EDGE('',*,*,#2789,.F.);
#3818=ORIENTED_EDGE('',*,*,#2772,.T.);
#3819=ORIENTED_EDGE('',*,*,#2786,.T.);
#3820=ORIENTED_EDGE('',*,*,#2626,.T.);
#3821=ORIENTED_EDGE('',*,*,#2620,.F.);
#3822=ORIENTED_EDGE('',*,*,#2790,.F.);
#3823=ORIENTED_EDGE('',*,*,#2289,.T.);
#3824=ORIENTED_EDGE('',*,*,#2284,.T.);
#3825=ORIENTED_EDGE('',*,*,#2279,.T.);
#3826=ORIENTED_EDGE('',*,*,#2274,.T.);
#3827=ORIENTED_EDGE('',*,*,#2269,.T.);
#3828=ORIENTED_EDGE('',*,*,#2264,.T.);
#3829=ORIENTED_EDGE('',*,*,#2570,.T.);
#3830=ORIENTED_EDGE('',*,*,#2619,.T.);
#3831=ORIENTED_EDGE('',*,*,#2771,.T.);
#3832=ORIENTED_EDGE('',*,*,#2768,.T.);
#3833=ORIENTED_EDGE('',*,*,#2784,.T.);
#3834=ORIENTED_EDGE('',*,*,#2758,.T.);
#3835=ORIENTED_EDGE('',*,*,#2753,.T.);
#3836=ORIENTED_EDGE('',*,*,#2744,.T.);
#3837=ORIENTED_EDGE('',*,*,#2699,.T.);
#3838=ORIENTED_EDGE('',*,*,#2734,.F.);
#3839=ORIENTED_EDGE('',*,*,#2732,.T.);
#3840=ORIENTED_EDGE('',*,*,#2722,.F.);
#3841=ORIENTED_EDGE('',*,*,#2743,.T.);
#3842=ORIENTED_EDGE('',*,*,#2747,.T.);
#3843=ORIENTED_EDGE('',*,*,#2751,.T.);
#3844=ORIENTED_EDGE('',*,*,#2782,.T.);
#3845=ORIENTED_EDGE('',*,*,#2779,.T.);
#3846=ORIENTED_EDGE('',*,*,#2776,.T.);
#3847=ORIENTED_EDGE('',*,*,#2773,.T.);
#3848=ORIENTED_EDGE('',*,*,#2612,.T.);
#3849=ORIENTED_EDGE('',*,*,#2598,.T.);
#3850=ORIENTED_EDGE('',*,*,#2590,.T.);
#3851=ORIENTED_EDGE('',*,*,#2586,.T.);
#3852=ORIENTED_EDGE('',*,*,#2615,.T.);
#3853=ORIENTED_EDGE('',*,*,#2583,.T.);
#3854=ORIENTED_EDGE('',*,*,#2584,.T.);
#3855=ORIENTED_EDGE('',*,*,#2791,.T.);
#3856=ORIENTED_EDGE('',*,*,#2792,.F.);
#3857=ORIENTED_EDGE('',*,*,#2703,.T.);
#3858=ORIENTED_EDGE('',*,*,#2793,.T.);
#3859=ORIENTED_EDGE('',*,*,#2707,.T.);
#3860=ORIENTED_EDGE('',*,*,#2794,.F.);
#3861=ORIENTED_EDGE('',*,*,#2795,.T.);
#3862=ORIENTED_EDGE('',*,*,#2796,.T.);
#3863=ORIENTED_EDGE('',*,*,#2794,.T.);
#3864=ORIENTED_EDGE('',*,*,#2706,.T.);
#3865=ORIENTED_EDGE('',*,*,#2797,.T.);
#3866=ORIENTED_EDGE('',*,*,#2798,.T.);
#3867=ORIENTED_EDGE('',*,*,#2799,.T.);
#3868=ORIENTED_EDGE('',*,*,#2800,.T.);
#3869=ORIENTED_EDGE('',*,*,#2797,.F.);
#3870=ORIENTED_EDGE('',*,*,#2801,.T.);
#3871=ORIENTED_EDGE('',*,*,#2802,.T.);
#3872=ORIENTED_EDGE('',*,*,#2803,.T.);
#3873=ORIENTED_EDGE('',*,*,#2799,.F.);
#3874=ORIENTED_EDGE('',*,*,#2804,.T.);
#3875=ORIENTED_EDGE('',*,*,#2805,.T.);
#3876=ORIENTED_EDGE('',*,*,#2806,.T.);
#3877=ORIENTED_EDGE('',*,*,#2802,.F.);
#3878=ORIENTED_EDGE('',*,*,#2807,.T.);
#3879=ORIENTED_EDGE('',*,*,#2808,.T.);
#3880=ORIENTED_EDGE('',*,*,#2809,.T.);
#3881=ORIENTED_EDGE('',*,*,#2805,.F.);
#3882=ORIENTED_EDGE('',*,*,#2810,.T.);
#3883=ORIENTED_EDGE('',*,*,#2811,.T.);
#3884=ORIENTED_EDGE('',*,*,#2812,.T.);
#3885=ORIENTED_EDGE('',*,*,#2808,.F.);
#3886=ORIENTED_EDGE('',*,*,#2813,.T.);
#3887=ORIENTED_EDGE('',*,*,#2792,.T.);
#3888=ORIENTED_EDGE('',*,*,#2814,.T.);
#3889=ORIENTED_EDGE('',*,*,#2811,.F.);
#3890=ORIENTED_EDGE('',*,*,#2704,.T.);
#3891=ORIENTED_EDGE('',*,*,#2813,.F.);
#3892=ORIENTED_EDGE('',*,*,#2810,.F.);
#3893=ORIENTED_EDGE('',*,*,#2807,.F.);
#3894=ORIENTED_EDGE('',*,*,#2804,.F.);
#3895=ORIENTED_EDGE('',*,*,#2801,.F.);
#3896=ORIENTED_EDGE('',*,*,#2705,.F.);
#3897=ORIENTED_EDGE('',*,*,#2402,.T.);
#3898=ORIENTED_EDGE('',*,*,#2399,.T.);
#3899=ORIENTED_EDGE('',*,*,#2396,.T.);
#3900=ORIENTED_EDGE('',*,*,#2393,.T.);
#3901=ORIENTED_EDGE('',*,*,#2390,.T.);
#3902=ORIENTED_EDGE('',*,*,#2387,.T.);
#3903=ORIENTED_EDGE('',*,*,#2662,.F.);
#3904=ORIENTED_EDGE('',*,*,#2708,.F.);
#3905=ORIENTED_EDGE('',*,*,#2796,.F.);
#3906=ORIENTED_EDGE('',*,*,#2815,.F.);
#3907=ORIENTED_EDGE('',*,*,#2816,.F.);
#3908=ORIENTED_EDGE('',*,*,#2817,.F.);
#3909=ORIENTED_EDGE('',*,*,#2818,.F.);
#3910=ORIENTED_EDGE('',*,*,#2819,.F.);
#3911=ORIENTED_EDGE('',*,*,#2820,.F.);
#3912=ORIENTED_EDGE('',*,*,#2821,.F.);
#3913=ORIENTED_EDGE('',*,*,#2822,.F.);
#3914=ORIENTED_EDGE('',*,*,#2823,.F.);
#3915=ORIENTED_EDGE('',*,*,#2793,.F.);
#3916=ORIENTED_EDGE('',*,*,#2702,.F.);
#3917=ORIENTED_EDGE('',*,*,#2667,.F.);
#3918=ORIENTED_EDGE('',*,*,#2669,.F.);
#3919=ORIENTED_EDGE('',*,*,#2673,.F.);
#3920=ORIENTED_EDGE('',*,*,#2675,.F.);
#3921=ORIENTED_EDGE('',*,*,#2678,.F.);
#3922=ORIENTED_EDGE('',*,*,#2658,.F.);
#3923=ORIENTED_EDGE('',*,*,#2791,.F.);
#3924=ORIENTED_EDGE('',*,*,#2823,.T.);
#3925=ORIENTED_EDGE('',*,*,#2824,.T.);
#3926=ORIENTED_EDGE('',*,*,#2825,.T.);
#3927=ORIENTED_EDGE('',*,*,#2814,.F.);
#3928=ORIENTED_EDGE('',*,*,#2826,.F.);
#3929=ORIENTED_EDGE('',*,*,#2827,.F.);
#3930=ORIENTED_EDGE('',*,*,#2828,.F.);
#3931=ORIENTED_EDGE('',*,*,#2829,.T.);
#3932=ORIENTED_EDGE('',*,*,#2820,.T.);
#3933=ORIENTED_EDGE('',*,*,#2827,.T.);
#3934=ORIENTED_EDGE('',*,*,#2830,.T.);
#3935=ORIENTED_EDGE('',*,*,#2831,.T.);
#3936=ORIENTED_EDGE('',*,*,#2821,.T.);
#3937=ORIENTED_EDGE('',*,*,#2829,.F.);
#3938=ORIENTED_EDGE('',*,*,#2832,.T.);
#3939=ORIENTED_EDGE('',*,*,#2822,.T.);
#3940=ORIENTED_EDGE('',*,*,#2831,.F.);
#3941=ORIENTED_EDGE('',*,*,#2833,.T.);
#3942=ORIENTED_EDGE('',*,*,#2824,.F.);
#3943=ORIENTED_EDGE('',*,*,#2834,.F.);
#3944=ORIENTED_EDGE('',*,*,#2835,.F.);
#3945=ORIENTED_EDGE('',*,*,#2836,.F.);
#3946=ORIENTED_EDGE('',*,*,#2828,.T.);
#3947=ORIENTED_EDGE('',*,*,#2819,.T.);
#3948=ORIENTED_EDGE('',*,*,#2835,.T.);
#3949=ORIENTED_EDGE('',*,*,#2837,.T.);
#3950=ORIENTED_EDGE('',*,*,#2838,.T.);
#3951=ORIENTED_EDGE('',*,*,#2839,.T.);
#3952=ORIENTED_EDGE('',*,*,#2816,.T.);
#3953=ORIENTED_EDGE('',*,*,#2840,.T.);
#3954=ORIENTED_EDGE('',*,*,#2841,.T.);
#3955=ORIENTED_EDGE('',*,*,#2817,.T.);
#3956=ORIENTED_EDGE('',*,*,#2839,.F.);
#3957=ORIENTED_EDGE('',*,*,#2842,.T.);
#3958=ORIENTED_EDGE('',*,*,#2836,.T.);
#3959=ORIENTED_EDGE('',*,*,#2818,.T.);
#3960=ORIENTED_EDGE('',*,*,#2841,.F.);
#3961=ORIENTED_EDGE('',*,*,#2843,.T.);
#3962=ORIENTED_EDGE('',*,*,#2844,.T.);
#3963=ORIENTED_EDGE('',*,*,#2845,.T.);
#3964=ORIENTED_EDGE('',*,*,#2826,.T.);
#3965=ORIENTED_EDGE('',*,*,#2846,.T.);
#3966=ORIENTED_EDGE('',*,*,#2847,.T.);
#3967=ORIENTED_EDGE('',*,*,#2848,.T.);
#3968=ORIENTED_EDGE('',*,*,#2849,.T.);
#3969=ORIENTED_EDGE('',*,*,#2850,.T.);
#3970=ORIENTED_EDGE('',*,*,#2851,.T.);
#3971=ORIENTED_EDGE('',*,*,#2852,.T.);
#3972=ORIENTED_EDGE('',*,*,#2849,.F.);
#3973=ORIENTED_EDGE('',*,*,#2853,.T.);
#3974=ORIENTED_EDGE('',*,*,#2834,.T.);
#3975=ORIENTED_EDGE('',*,*,#2854,.T.);
#3976=ORIENTED_EDGE('',*,*,#2851,.F.);
#3977=ORIENTED_EDGE('',*,*,#2855,.T.);
#3978=ORIENTED_EDGE('',*,*,#2847,.F.);
#3979=ORIENTED_EDGE('',*,*,#2856,.T.);
#3980=ORIENTED_EDGE('',*,*,#2844,.F.);
#3981=ORIENTED_EDGE('',*,*,#2857,.T.);
#3982=ORIENTED_EDGE('',*,*,#2798,.F.);
#3983=ORIENTED_EDGE('',*,*,#2858,.T.);
#3984=ORIENTED_EDGE('',*,*,#2840,.F.);
#3985=ORIENTED_EDGE('',*,*,#2815,.T.);
#3986=ORIENTED_EDGE('',*,*,#2795,.F.);
#3987=ORIENTED_EDGE('',*,*,#2812,.F.);
#3988=ORIENTED_EDGE('',*,*,#2825,.F.);
#3989=ORIENTED_EDGE('',*,*,#2859,.F.);
#3990=ORIENTED_EDGE('',*,*,#2860,.F.);
#3991=ORIENTED_EDGE('',*,*,#2861,.F.);
#3992=ORIENTED_EDGE('',*,*,#2300,.T.);
#3993=ORIENTED_EDGE('',*,*,#2302,.T.);
#3994=ORIENTED_EDGE('',*,*,#2291,.T.);
#3995=ORIENTED_EDGE('',*,*,#2295,.T.);
#3996=ORIENTED_EDGE('',*,*,#2312,.T.);
#3997=ORIENTED_EDGE('',*,*,#2314,.T.);
#3998=ORIENTED_EDGE('',*,*,#2303,.T.);
#3999=ORIENTED_EDGE('',*,*,#2307,.T.);
#4000=ORIENTED_EDGE('',*,*,#2348,.T.);
#4001=ORIENTED_EDGE('',*,*,#2350,.T.);
#4002=ORIENTED_EDGE('',*,*,#2339,.T.);
#4003=ORIENTED_EDGE('',*,*,#2343,.T.);
#4004=ORIENTED_EDGE('',*,*,#2360,.T.);
#4005=ORIENTED_EDGE('',*,*,#2362,.T.);
#4006=ORIENTED_EDGE('',*,*,#2351,.T.);
#4007=ORIENTED_EDGE('',*,*,#2355,.T.);
#4008=ORIENTED_EDGE('',*,*,#2833,.F.);
#4009=ORIENTED_EDGE('',*,*,#2862,.F.);
#4010=ORIENTED_EDGE('',*,*,#2863,.F.);
#4011=ORIENTED_EDGE('',*,*,#2859,.T.);
#4012=ORIENTED_EDGE('',*,*,#2832,.F.);
#4013=ORIENTED_EDGE('',*,*,#2864,.F.);
#4014=ORIENTED_EDGE('',*,*,#2865,.T.);
#4015=ORIENTED_EDGE('',*,*,#2862,.T.);
#4016=ORIENTED_EDGE('',*,*,#2830,.F.);
#4017=ORIENTED_EDGE('',*,*,#2845,.F.);
#4018=ORIENTED_EDGE('',*,*,#2866,.F.);
#4019=ORIENTED_EDGE('',*,*,#2867,.F.);
#4020=ORIENTED_EDGE('',*,*,#2864,.T.);
#4021=ORIENTED_EDGE('',*,*,#2856,.F.);
#4022=ORIENTED_EDGE('',*,*,#2868,.F.);
#4023=ORIENTED_EDGE('',*,*,#2869,.T.);
#4024=ORIENTED_EDGE('',*,*,#2866,.T.);
#4025=ORIENTED_EDGE('',*,*,#2850,.F.);
#4026=ORIENTED_EDGE('',*,*,#2870,.F.);
#4027=ORIENTED_EDGE('',*,*,#2871,.F.);
#4028=ORIENTED_EDGE('',*,*,#2868,.T.);
#4029=ORIENTED_EDGE('',*,*,#2524,.T.);
#4030=ORIENTED_EDGE('',*,*,#2527,.T.);
#4031=ORIENTED_EDGE('',*,*,#2552,.T.);
#4032=ORIENTED_EDGE('',*,*,#2520,.T.);
#4033=ORIENTED_EDGE('',*,*,#2514,.T.);
#4034=ORIENTED_EDGE('',*,*,#2517,.T.);
#4035=ORIENTED_EDGE('',*,*,#2511,.T.);
#4036=ORIENTED_EDGE('',*,*,#2507,.T.);
#4037=ORIENTED_EDGE('',*,*,#2501,.T.);
#4038=ORIENTED_EDGE('',*,*,#2504,.T.);
#4039=ORIENTED_EDGE('',*,*,#2498,.T.);
#4040=ORIENTED_EDGE('',*,*,#2494,.T.);
#4041=ORIENTED_EDGE('',*,*,#2488,.T.);
#4042=ORIENTED_EDGE('',*,*,#2491,.T.);
#4043=ORIENTED_EDGE('',*,*,#2485,.T.);
#4044=ORIENTED_EDGE('',*,*,#2481,.T.);
#4045=ORIENTED_EDGE('',*,*,#2475,.T.);
#4046=ORIENTED_EDGE('',*,*,#2478,.T.);
#4047=ORIENTED_EDGE('',*,*,#2472,.T.);
#4048=ORIENTED_EDGE('',*,*,#2468,.T.);
#4049=ORIENTED_EDGE('',*,*,#2462,.T.);
#4050=ORIENTED_EDGE('',*,*,#2465,.T.);
#4051=ORIENTED_EDGE('',*,*,#2459,.T.);
#4052=ORIENTED_EDGE('',*,*,#2455,.T.);
#4053=ORIENTED_EDGE('',*,*,#2449,.T.);
#4054=ORIENTED_EDGE('',*,*,#2452,.T.);
#4055=ORIENTED_EDGE('',*,*,#2446,.T.);
#4056=ORIENTED_EDGE('',*,*,#2442,.T.);
#4057=ORIENTED_EDGE('',*,*,#2541,.T.);
#4058=ORIENTED_EDGE('',*,*,#2438,.T.);
#4059=ORIENTED_EDGE('',*,*,#2435,.T.);
#4060=ORIENTED_EDGE('',*,*,#2431,.T.);
#4061=ORIENTED_EDGE('',*,*,#2425,.T.);
#4062=ORIENTED_EDGE('',*,*,#2428,.T.);
#4063=ORIENTED_EDGE('',*,*,#2422,.T.);
#4064=ORIENTED_EDGE('',*,*,#2418,.T.);
#4065=ORIENTED_EDGE('',*,*,#2412,.T.);
#4066=ORIENTED_EDGE('',*,*,#2415,.T.);
#4067=ORIENTED_EDGE('',*,*,#2409,.T.);
#4068=ORIENTED_EDGE('',*,*,#2405,.T.);
#4069=ORIENTED_EDGE('',*,*,#2848,.F.);
#4070=ORIENTED_EDGE('',*,*,#2857,.F.);
#4071=ORIENTED_EDGE('',*,*,#2846,.F.);
#4072=ORIENTED_EDGE('',*,*,#2837,.F.);
#4073=ORIENTED_EDGE('',*,*,#2855,.F.);
#4074=ORIENTED_EDGE('',*,*,#2853,.F.);
#4075=ORIENTED_EDGE('',*,*,#2852,.F.);
#4076=ORIENTED_EDGE('',*,*,#2872,.F.);
#4077=ORIENTED_EDGE('',*,*,#2873,.T.);
#4078=ORIENTED_EDGE('',*,*,#2870,.T.);
#4079=ORIENTED_EDGE('',*,*,#2843,.F.);
#4080=ORIENTED_EDGE('',*,*,#2874,.F.);
#4081=ORIENTED_EDGE('',*,*,#2875,.F.);
#4082=ORIENTED_EDGE('',*,*,#2872,.T.);
#4083=ORIENTED_EDGE('',*,*,#2854,.F.);
#4084=ORIENTED_EDGE('',*,*,#2800,.F.);
#4085=ORIENTED_EDGE('',*,*,#2876,.T.);
#4086=ORIENTED_EDGE('',*,*,#2877,.F.);
#4087=ORIENTED_EDGE('',*,*,#2878,.F.);
#4088=ORIENTED_EDGE('',*,*,#2858,.F.);
#4089=ORIENTED_EDGE('',*,*,#2324,.T.);
#4090=ORIENTED_EDGE('',*,*,#2326,.T.);
#4091=ORIENTED_EDGE('',*,*,#2315,.T.);
#4092=ORIENTED_EDGE('',*,*,#2319,.T.);
#4093=ORIENTED_EDGE('',*,*,#2336,.T.);
#4094=ORIENTED_EDGE('',*,*,#2338,.T.);
#4095=ORIENTED_EDGE('',*,*,#2327,.T.);
#4096=ORIENTED_EDGE('',*,*,#2331,.T.);
#4097=ORIENTED_EDGE('',*,*,#2372,.T.);
#4098=ORIENTED_EDGE('',*,*,#2374,.T.);
#4099=ORIENTED_EDGE('',*,*,#2363,.T.);
#4100=ORIENTED_EDGE('',*,*,#2367,.T.);
#4101=ORIENTED_EDGE('',*,*,#2384,.T.);
#4102=ORIENTED_EDGE('',*,*,#2386,.T.);
#4103=ORIENTED_EDGE('',*,*,#2375,.T.);
#4104=ORIENTED_EDGE('',*,*,#2379,.T.);
#4105=ORIENTED_EDGE('',*,*,#2809,.F.);
#4106=ORIENTED_EDGE('',*,*,#2861,.T.);
#4107=ORIENTED_EDGE('',*,*,#2879,.F.);
#4108=ORIENTED_EDGE('',*,*,#2880,.F.);
#4109=ORIENTED_EDGE('',*,*,#2806,.F.);
#4110=ORIENTED_EDGE('',*,*,#2880,.T.);
#4111=ORIENTED_EDGE('',*,*,#2881,.F.);
#4112=ORIENTED_EDGE('',*,*,#2882,.F.);
#4113=ORIENTED_EDGE('',*,*,#2803,.F.);
#4114=ORIENTED_EDGE('',*,*,#2882,.T.);
#4115=ORIENTED_EDGE('',*,*,#2883,.F.);
#4116=ORIENTED_EDGE('',*,*,#2876,.F.);
#4117=ORIENTED_EDGE('',*,*,#2790,.T.);
#4118=ORIENTED_EDGE('',*,*,#2884,.T.);
#4119=ORIENTED_EDGE('',*,*,#2865,.F.);
#4120=ORIENTED_EDGE('',*,*,#2867,.T.);
#4121=ORIENTED_EDGE('',*,*,#2869,.F.);
#4122=ORIENTED_EDGE('',*,*,#2871,.T.);
#4123=ORIENTED_EDGE('',*,*,#2873,.F.);
#4124=ORIENTED_EDGE('',*,*,#2875,.T.);
#4125=ORIENTED_EDGE('',*,*,#2885,.F.);
#4126=ORIENTED_EDGE('',*,*,#2886,.T.);
#4127=ORIENTED_EDGE('',*,*,#2877,.T.);
#4128=ORIENTED_EDGE('',*,*,#2883,.T.);
#4129=ORIENTED_EDGE('',*,*,#2881,.T.);
#4130=ORIENTED_EDGE('',*,*,#2879,.T.);
#4131=ORIENTED_EDGE('',*,*,#2860,.T.);
#4132=ORIENTED_EDGE('',*,*,#2863,.T.);
#4133=ORIENTED_EDGE('',*,*,#2884,.F.);
#4134=ORIENTED_EDGE('',*,*,#2842,.F.);
#4135=ORIENTED_EDGE('',*,*,#2887,.F.);
#4136=ORIENTED_EDGE('',*,*,#2885,.T.);
#4137=ORIENTED_EDGE('',*,*,#2874,.T.);
#4138=ORIENTED_EDGE('',*,*,#2838,.F.);
#4139=ORIENTED_EDGE('',*,*,#2878,.T.);
#4140=ORIENTED_EDGE('',*,*,#2886,.F.);
#4141=ORIENTED_EDGE('',*,*,#2887,.T.);
#4142=CONICAL_SURFACE('',#4413,1.275,0.785398163397449);
#4143=CONICAL_SURFACE('',#4419,1.275,0.785398163397446);
#4144=CONICAL_SURFACE('',#4425,1.275,0.785398163397446);
#4145=CONICAL_SURFACE('',#4431,1.275,0.785398163397449);
#4146=CONICAL_SURFACE('',#4437,1.275,0.785398163397445);
#4147=CONICAL_SURFACE('',#4443,1.275,0.785398163397445);
#4148=CONICAL_SURFACE('',#4643,2.3,0.785398163397452);
#4149=CONICAL_SURFACE('',#4646,2.3,0.785398163397452);
#4150=CONICAL_SURFACE('',#4650,2.3,0.785398163397451);
#4151=CONICAL_SURFACE('',#4654,2.3,0.785398163397451);
#4152=CONICAL_SURFACE('',#4708,7.00000000000002,0.785398163397448);
#4153=CONICAL_SURFACE('',#4711,7.00000000000002,0.785398163397448);
#4154=CONICAL_SURFACE('',#4715,6.99999999999998,0.785398163397448);
#4155=CONICAL_SURFACE('',#4719,6.99999999999998,0.785398163397448);
#4156=CONICAL_SURFACE('',#4731,1.49999999999999,0.785398163397448);
#4157=CONICAL_SURFACE('',#4735,1.49999999999999,0.785398163397448);
#4158=ADVANCED_FACE('',(#347),#4142,.T.);
#4159=ADVANCED_FACE('',(#348),#276,.T.);
#4160=ADVANCED_FACE('',(#349),#136,.F.);
#4161=ADVANCED_FACE('',(#350),#4143,.T.);
#4162=ADVANCED_FACE('',(#351),#277,.T.);
#4163=ADVANCED_FACE('',(#352),#137,.F.);
#4164=ADVANCED_FACE('',(#353),#4144,.T.);
#4165=ADVANCED_FACE('',(#354),#278,.T.);
#4166=ADVANCED_FACE('',(#355),#138,.F.);
#4167=ADVANCED_FACE('',(#356),#4145,.T.);
#4168=ADVANCED_FACE('',(#357),#279,.T.);
#4169=ADVANCED_FACE('',(#358),#139,.F.);
#4170=ADVANCED_FACE('',(#359),#4146,.T.);
#4171=ADVANCED_FACE('',(#360),#280,.T.);
#4172=ADVANCED_FACE('',(#361),#140,.F.);
#4173=ADVANCED_FACE('',(#362),#4147,.T.);
#4174=ADVANCED_FACE('',(#363),#281,.T.);
#4175=ADVANCED_FACE('',(#364),#141,.F.);
#4176=ADVANCED_FACE('',(#365),#142,.F.);
#4177=ADVANCED_FACE('',(#366),#143,.T.);
#4178=ADVANCED_FACE('',(#367),#144,.F.);
#4179=ADVANCED_FACE('',(#368),#145,.F.);
#4180=ADVANCED_FACE('',(#369),#146,.F.);
#4181=ADVANCED_FACE('',(#370),#147,.F.);
#4182=ADVANCED_FACE('',(#371),#148,.T.);
#4183=ADVANCED_FACE('',(#372),#149,.F.);
#4184=ADVANCED_FACE('',(#373),#150,.F.);
#4185=ADVANCED_FACE('',(#374),#151,.F.);
#4186=ADVANCED_FACE('',(#375),#152,.F.);
#4187=ADVANCED_FACE('',(#376),#153,.F.);
#4188=ADVANCED_FACE('',(#377),#154,.F.);
#4189=ADVANCED_FACE('',(#378),#155,.F.);
#4190=ADVANCED_FACE('',(#379),#156,.T.);
#4191=ADVANCED_FACE('',(#380),#157,.F.);
#4192=ADVANCED_FACE('',(#381),#158,.F.);
#4193=ADVANCED_FACE('',(#382),#159,.F.);
#4194=ADVANCED_FACE('',(#383),#160,.F.);
#4195=ADVANCED_FACE('',(#384),#161,.T.);
#4196=ADVANCED_FACE('',(#385),#162,.F.);
#4197=ADVANCED_FACE('',(#386),#163,.T.);
#4198=ADVANCED_FACE('',(#387),#164,.F.);
#4199=ADVANCED_FACE('',(#388),#165,.F.);
#4200=ADVANCED_FACE('',(#389),#166,.F.);
#4201=ADVANCED_FACE('',(#390),#167,.F.);
#4202=ADVANCED_FACE('',(#391),#168,.T.);
#4203=ADVANCED_FACE('',(#392),#169,.F.);
#4204=ADVANCED_FACE('',(#393),#170,.F.);
#4205=ADVANCED_FACE('',(#394),#171,.F.);
#4206=ADVANCED_FACE('',(#395),#172,.F.);
#4207=ADVANCED_FACE('',(#396),#173,.F.);
#4208=ADVANCED_FACE('',(#397),#174,.F.);
#4209=ADVANCED_FACE('',(#398),#175,.F.);
#4210=ADVANCED_FACE('',(#399),#176,.T.);
#4211=ADVANCED_FACE('',(#400),#177,.F.);
#4212=ADVANCED_FACE('',(#401),#178,.F.);
#4213=ADVANCED_FACE('',(#402),#179,.F.);
#4214=ADVANCED_FACE('',(#403),#180,.F.);
#4215=ADVANCED_FACE('',(#404),#181,.T.);
#4216=ADVANCED_FACE('',(#405),#282,.F.);
#4217=ADVANCED_FACE('',(#406),#182,.F.);
#4218=ADVANCED_FACE('',(#407),#283,.F.);
#4219=ADVANCED_FACE('',(#408),#183,.F.);
#4220=ADVANCED_FACE('',(#409),#284,.F.);
#4221=ADVANCED_FACE('',(#410),#184,.F.);
#4222=ADVANCED_FACE('',(#411),#285,.F.);
#4223=ADVANCED_FACE('',(#412),#185,.F.);
#4224=ADVANCED_FACE('',(#413),#286,.F.);
#4225=ADVANCED_FACE('',(#414),#287,.F.);
#4226=ADVANCED_FACE('',(#415),#288,.F.);
#4227=ADVANCED_FACE('',(#416),#186,.F.);
#4228=ADVANCED_FACE('',(#417),#187,.F.);
#4229=ADVANCED_FACE('',(#418),#289,.F.);
#4230=ADVANCED_FACE('',(#419),#290,.F.);
#4231=ADVANCED_FACE('',(#420),#188,.F.);
#4232=ADVANCED_FACE('',(#421),#189,.F.);
#4233=ADVANCED_FACE('',(#422),#291,.F.);
#4234=ADVANCED_FACE('',(#423),#292,.F.);
#4235=ADVANCED_FACE('',(#424),#190,.F.);
#4236=ADVANCED_FACE('',(#425),#293,.F.);
#4237=ADVANCED_FACE('',(#426),#294,.F.);
#4238=ADVANCED_FACE('',(#427),#191,.F.);
#4239=ADVANCED_FACE('',(#428),#192,.F.);
#4240=ADVANCED_FACE('',(#429),#295,.F.);
#4241=ADVANCED_FACE('',(#430),#296,.F.);
#4242=ADVANCED_FACE('',(#431),#193,.F.);
#4243=ADVANCED_FACE('',(#432),#194,.F.);
#4244=ADVANCED_FACE('',(#433),#297,.F.);
#4245=ADVANCED_FACE('',(#434),#298,.F.);
#4246=ADVANCED_FACE('',(#435),#195,.F.);
#4247=ADVANCED_FACE('',(#436),#196,.F.);
#4248=ADVANCED_FACE('',(#437),#299,.F.);
#4249=ADVANCED_FACE('',(#438),#300,.F.);
#4250=ADVANCED_FACE('',(#439),#197,.F.);
#4251=ADVANCED_FACE('',(#440),#198,.F.);
#4252=ADVANCED_FACE('',(#441),#301,.F.);
#4253=ADVANCED_FACE('',(#442),#302,.F.);
#4254=ADVANCED_FACE('',(#443),#199,.F.);
#4255=ADVANCED_FACE('',(#444),#200,.F.);
#4256=ADVANCED_FACE('',(#445),#303,.F.);
#4257=ADVANCED_FACE('',(#446),#304,.F.);
#4258=ADVANCED_FACE('',(#447),#201,.F.);
#4259=ADVANCED_FACE('',(#448),#202,.F.);
#4260=ADVANCED_FACE('',(#449),#305,.F.);
#4261=ADVANCED_FACE('',(#450),#306,.F.);
#4262=ADVANCED_FACE('',(#451),#203,.F.);
#4263=ADVANCED_FACE('',(#452),#307,.F.);
#4264=ADVANCED_FACE('',(#453),#204,.F.);
#4265=ADVANCED_FACE('',(#454),#205,.F.);
#4266=ADVANCED_FACE('',(#455),#206,.F.);
#4267=ADVANCED_FACE('',(#456),#207,.F.);
#4268=ADVANCED_FACE('',(#457),#208,.F.);
#4269=ADVANCED_FACE('',(#458),#209,.F.);
#4270=ADVANCED_FACE('',(#459),#210,.F.);
#4271=ADVANCED_FACE('',(#460),#211,.F.);
#4272=ADVANCED_FACE('',(#461),#212,.F.);
#4273=ADVANCED_FACE('',(#462),#213,.F.);
#4274=ADVANCED_FACE('',(#463),#214,.F.);
#4275=ADVANCED_FACE('',(#464),#215,.F.);
#4276=ADVANCED_FACE('',(#465),#216,.F.);
#4277=ADVANCED_FACE('',(#466),#217,.F.);
#4278=ADVANCED_FACE('',(#467),#218,.F.);
#4279=ADVANCED_FACE('',(#468),#219,.F.);
#4280=ADVANCED_FACE('',(#469),#220,.F.);
#4281=ADVANCED_FACE('',(#470),#221,.F.);
#4282=ADVANCED_FACE('',(#471),#222,.F.);
#4283=ADVANCED_FACE('',(#472),#223,.F.);
#4284=ADVANCED_FACE('',(#473),#224,.F.);
#4285=ADVANCED_FACE('',(#474),#225,.F.);
#4286=ADVANCED_FACE('',(#475),#226,.F.);
#4287=ADVANCED_FACE('',(#476),#227,.F.);
#4288=ADVANCED_FACE('',(#477),#228,.F.);
#4289=ADVANCED_FACE('',(#478),#229,.F.);
#4290=ADVANCED_FACE('',(#479),#230,.F.);
#4291=ADVANCED_FACE('',(#480),#231,.F.);
#4292=ADVANCED_FACE('',(#481),#232,.F.);
#4293=ADVANCED_FACE('',(#482),#233,.T.);
#4294=ADVANCED_FACE('',(#483),#4148,.F.);
#4295=ADVANCED_FACE('',(#484),#4149,.F.);
#4296=ADVANCED_FACE('',(#485),#234,.T.);
#4297=ADVANCED_FACE('',(#486),#4150,.F.);
#4298=ADVANCED_FACE('',(#487),#235,.T.);
#4299=ADVANCED_FACE('',(#488),#4151,.F.);
#4300=ADVANCED_FACE('',(#489),#74,.T.);
#4301=ADVANCED_FACE('',(#490),#75,.T.);
#4302=ADVANCED_FACE('',(#491),#76,.T.);
#4303=ADVANCED_FACE('',(#492),#308,.F.);
#4304=ADVANCED_FACE('',(#493),#236,.F.);
#4305=ADVANCED_FACE('',(#494),#309,.F.);
#4306=ADVANCED_FACE('',(#495),#237,.F.);
#4307=ADVANCED_FACE('',(#496),#310,.T.);
#4308=ADVANCED_FACE('',(#497),#311,.F.);
#4309=ADVANCED_FACE('',(#498),#312,.F.);
#4310=ADVANCED_FACE('',(#499),#313,.F.);
#4311=ADVANCED_FACE('',(#500),#314,.F.);
#4312=ADVANCED_FACE('',(#501),#315,.F.);
#4313=ADVANCED_FACE('',(#502),#238,.F.);
#4314=ADVANCED_FACE('',(#503),#239,.F.);
#4315=ADVANCED_FACE('',(#504),#240,.F.);
#4316=ADVANCED_FACE('',(#505),#241,.F.);
#4317=ADVANCED_FACE('',(#506),#242,.F.);
#4318=ADVANCED_FACE('',(#507),#316,.F.);
#4319=ADVANCED_FACE('',(#508),#317,.F.);
#4320=ADVANCED_FACE('',(#509),#318,.F.);
#4321=ADVANCED_FACE('',(#510),#319,.F.);
#4322=ADVANCED_FACE('',(#511),#320,.F.);
#4323=ADVANCED_FACE('',(#512),#321,.F.);
#4324=ADVANCED_FACE('',(#513),#243,.F.);
#4325=ADVANCED_FACE('',(#514),#322,.F.);
#4326=ADVANCED_FACE('',(#515),#244,.F.);
#4327=ADVANCED_FACE('',(#516,#19),#245,.F.);
#4328=ADVANCED_FACE('',(#517,#20),#246,.F.);
#4329=ADVANCED_FACE('',(#518),#247,.F.);
#4330=ADVANCED_FACE('',(#519),#248,.F.);
#4331=ADVANCED_FACE('',(#520),#249,.F.);
#4332=ADVANCED_FACE('',(#521),#250,.F.);
#4333=ADVANCED_FACE('',(#522),#323,.F.);
#4334=ADVANCED_FACE('',(#523),#324,.F.);
#4335=ADVANCED_FACE('',(#524),#251,.F.);
#4336=ADVANCED_FACE('',(#525),#325,.F.);
#4337=ADVANCED_FACE('',(#526),#252,.F.);
#4338=ADVANCED_FACE('',(#527),#253,.F.);
#4339=ADVANCED_FACE('',(#528),#326,.F.);
#4340=ADVANCED_FACE('',(#529),#254,.F.);
#4341=ADVANCED_FACE('',(#530),#255,.F.);
#4342=ADVANCED_FACE('',(#531),#4152,.F.);
#4343=ADVANCED_FACE('',(#532),#4153,.F.);
#4344=ADVANCED_FACE('',(#533),#256,.F.);
#4345=ADVANCED_FACE('',(#534),#4154,.F.);
#4346=ADVANCED_FACE('',(#535),#257,.F.);
#4347=ADVANCED_FACE('',(#536),#4155,.F.);
#4348=ADVANCED_FACE('',(#537),#258,.F.);
#4349=ADVANCED_FACE('',(#538),#327,.F.);
#4350=ADVANCED_FACE('',(#539),#259,.F.);
#4351=ADVANCED_FACE('',(#540),#328,.F.);
#4352=ADVANCED_FACE('',(#541),#260,.F.);
#4353=ADVANCED_FACE('',(#542),#329,.F.);
#4354=ADVANCED_FACE('',(#543),#330,.F.);
#4355=ADVANCED_FACE('',(#544,#21,#22,#23,#24,#25,#26,#27),#261,.F.);
#4356=ADVANCED_FACE('',(#545),#77,.T.);
#4357=ADVANCED_FACE('',(#546),#78,.T.);
#4358=ADVANCED_FACE('',(#547),#79,.T.);
#4359=ADVANCED_FACE('',(#548),#262,.T.);
#4360=ADVANCED_FACE('',(#549),#4156,.T.);
#4361=ADVANCED_FACE('',(#550),#263,.T.);
#4362=ADVANCED_FACE('',(#551),#4157,.T.);
#4363=ADVANCED_FACE('',(#552),#264,.T.);
#4364=ADVANCED_FACE('',(#553),#80,.T.);
#4365=ADVANCED_FACE('',(#554,#28,#29,#30,#31,#32,#33),#265,.F.);
#4366=ADVANCED_FACE('',(#555),#266,.T.);
#4367=ADVANCED_FACE('',(#556),#331,.T.);
#4368=ADVANCED_FACE('',(#557),#17,.T.);
#4369=ADVANCED_FACE('',(#558),#332,.T.);
#4370=ADVANCED_FACE('',(#559),#15,.F.);
#4371=ADVANCED_FACE('',(#560),#333,.T.);
#4372=ADVANCED_FACE('',(#561),#18,.T.);
#4373=ADVANCED_FACE('',(#562),#334,.T.);
#4374=ADVANCED_FACE('',(#563),#335,.T.);
#4375=ADVANCED_FACE('',(#564),#16,.F.);
#4376=ADVANCED_FACE('',(#565),#336,.T.);
#4377=ADVANCED_FACE('',(#566),#337,.T.);
#4378=ADVANCED_FACE('',(#567),#338,.T.);
#4379=ADVANCED_FACE('',(#568),#81,.F.);
#4380=ADVANCED_FACE('',(#569),#339,.T.);
#4381=ADVANCED_FACE('',(#570),#82,.F.);
#4382=ADVANCED_FACE('',(#571),#340,.T.);
#4383=ADVANCED_FACE('',(#572,#34,#35,#36,#37),#267,.T.);
#4384=ADVANCED_FACE('',(#573),#268,.T.);
#4385=ADVANCED_FACE('',(#574),#341,.T.);
#4386=ADVANCED_FACE('',(#575),#269,.T.);
#4387=ADVANCED_FACE('',(#576),#342,.T.);
#4388=ADVANCED_FACE('',(#577,#38,#39,#40,#41,#42,#43,#44,#45,#46,#47),#270,
 .T.);
#4389=ADVANCED_FACE('',(#578),#271,.F.);
#4390=ADVANCED_FACE('',(#579),#343,.T.);
#4391=ADVANCED_FACE('',(#580),#272,.T.);
#4392=ADVANCED_FACE('',(#581,#48,#49,#50,#51),#273,.T.);
#4393=ADVANCED_FACE('',(#582),#344,.T.);
#4394=ADVANCED_FACE('',(#583),#274,.T.);
#4395=ADVANCED_FACE('',(#584),#345,.T.);
#4396=ADVANCED_FACE('',(#585),#83,.T.);
#4397=ADVANCED_FACE('',(#586),#346,.T.);
#4398=ADVANCED_FACE('',(#587),#275,.T.);
#4399=CLOSED_SHELL('',(#4158,#4159,#4160,#4161,#4162,#4163,#4164,#4165,
#4166,#4167,#4168,#4169,#4170,#4171,#4172,#4173,#4174,#4175,#4176,#4177,
#4178,#4179,#4180,#4181,#4182,#4183,#4184,#4185,#4186,#4187,#4188,#4189,
#4190,#4191,#4192,#4193,#4194,#4195,#4196,#4197,#4198,#4199,#4200,#4201,
#4202,#4203,#4204,#4205,#4206,#4207,#4208,#4209,#4210,#4211,#4212,#4213,
#4214,#4215,#4216,#4217,#4218,#4219,#4220,#4221,#4222,#4223,#4224,#4225,
#4226,#4227,#4228,#4229,#4230,#4231,#4232,#4233,#4234,#4235,#4236,#4237,
#4238,#4239,#4240,#4241,#4242,#4243,#4244,#4245,#4246,#4247,#4248,#4249,
#4250,#4251,#4252,#4253,#4254,#4255,#4256,#4257,#4258,#4259,#4260,#4261,
#4262,#4263,#4264,#4265,#4266,#4267,#4268,#4269,#4270,#4271,#4272,#4273,
#4274,#4275,#4276,#4277,#4278,#4279,#4280,#4281,#4282,#4283,#4284,#4285,
#4286,#4287,#4288,#4289,#4290,#4291,#4292,#4293,#4294,#4295,#4296,#4297,
#4298,#4299,#4300,#4301,#4302,#4303,#4304,#4305,#4306,#4307,#4308,#4309,
#4310,#4311,#4312,#4313,#4314,#4315,#4316,#4317,#4318,#4319,#4320,#4321,
#4322,#4323,#4324,#4325,#4326,#4327,#4328,#4329,#4330,#4331,#4332,#4333,
#4334,#4335,#4336,#4337,#4338,#4339,#4340,#4341,#4342,#4343,#4344,#4345,
#4346,#4347,#4348,#4349,#4350,#4351,#4352,#4353,#4354,#4355,#4356,#4357,
#4358,#4359,#4360,#4361,#4362,#4363,#4364,#4365,#4366,#4367,#4368,#4369,
#4370,#4371,#4372,#4373,#4374,#4375,#4376,#4377,#4378,#4379,#4380,#4381,
#4382,#4383,#4384,#4385,#4386,#4387,#4388,#4389,#4390,#4391,#4392,#4393,
#4394,#4395,#4396,#4397,#4398));
#4400=DERIVED_UNIT_ELEMENT(#4402,1.);
#4401=DERIVED_UNIT_ELEMENT(#8118,-3.);
#4402=(
MASS_UNIT()
NAMED_UNIT(*)
SI_UNIT(.KILO.,.GRAM.)
);
#4403=DERIVED_UNIT((#4400,#4401));
#4404=MEASURE_REPRESENTATION_ITEM('density measure',
POSITIVE_RATIO_MEASURE(7850.),#4403);
#4405=PROPERTY_DEFINITION_REPRESENTATION(#4410,#4407);
#4406=PROPERTY_DEFINITION_REPRESENTATION(#4411,#4408);
#4407=REPRESENTATION('material name',(#4409),#8115);
#4408=REPRESENTATION('density',(#4404),#8115);
#4409=DESCRIPTIVE_REPRESENTATION_ITEM('Steel','Steel');
#4410=PROPERTY_DEFINITION('material property','material name',#8125);
#4411=PROPERTY_DEFINITION('material property','density of part',#8125);
#4412=AXIS2_PLACEMENT_3D('',#6015,#4796,#4797);
#4413=AXIS2_PLACEMENT_3D('',#6016,#4798,#4799);
#4414=AXIS2_PLACEMENT_3D('',#6018,#4800,#4801);
#4415=AXIS2_PLACEMENT_3D('',#6021,#4803,#4804);
#4416=AXIS2_PLACEMENT_3D('',#6022,#4805,#4806);
#4417=AXIS2_PLACEMENT_3D('',#6024,#4807,#4808);
#4418=AXIS2_PLACEMENT_3D('',#6026,#4810,#4811);
#4419=AXIS2_PLACEMENT_3D('',#6027,#4812,#4813);
#4420=AXIS2_PLACEMENT_3D('',#6029,#4814,#4815);
#4421=AXIS2_PLACEMENT_3D('',#6032,#4817,#4818);
#4422=AXIS2_PLACEMENT_3D('',#6033,#4819,#4820);
#4423=AXIS2_PLACEMENT_3D('',#6035,#4821,#4822);
#4424=AXIS2_PLACEMENT_3D('',#6037,#4824,#4825);
#4425=AXIS2_PLACEMENT_3D('',#6038,#4826,#4827);
#4426=AXIS2_PLACEMENT_3D('',#6040,#4828,#4829);
#4427=AXIS2_PLACEMENT_3D('',#6043,#4831,#4832);
#4428=AXIS2_PLACEMENT_3D('',#6044,#4833,#4834);
#4429=AXIS2_PLACEMENT_3D('',#6046,#4835,#4836);
#4430=AXIS2_PLACEMENT_3D('',#6048,#4838,#4839);
#4431=AXIS2_PLACEMENT_3D('',#6049,#4840,#4841);
#4432=AXIS2_PLACEMENT_3D('',#6051,#4842,#4843);
#4433=AXIS2_PLACEMENT_3D('',#6054,#4845,#4846);
#4434=AXIS2_PLACEMENT_3D('',#6055,#4847,#4848);
#4435=AXIS2_PLACEMENT_3D('',#6057,#4849,#4850);
#4436=AXIS2_PLACEMENT_3D('',#6059,#4852,#4853);
#4437=AXIS2_PLACEMENT_3D('',#6060,#4854,#4855);
#4438=AXIS2_PLACEMENT_3D('',#6062,#4856,#4857);
#4439=AXIS2_PLACEMENT_3D('',#6065,#4859,#4860);
#4440=AXIS2_PLACEMENT_3D('',#6066,#4861,#4862);
#4441=AXIS2_PLACEMENT_3D('',#6068,#4863,#4864);
#4442=AXIS2_PLACEMENT_3D('',#6070,#4866,#4867);
#4443=AXIS2_PLACEMENT_3D('',#6071,#4868,#4869);
#4444=AXIS2_PLACEMENT_3D('',#6073,#4870,#4871);
#4445=AXIS2_PLACEMENT_3D('',#6076,#4873,#4874);
#4446=AXIS2_PLACEMENT_3D('',#6077,#4875,#4876);
#4447=AXIS2_PLACEMENT_3D('',#6079,#4877,#4878);
#4448=AXIS2_PLACEMENT_3D('',#6081,#4880,#4881);
#4449=AXIS2_PLACEMENT_3D('',#6082,#4882,#4883);
#4450=AXIS2_PLACEMENT_3D('',#6091,#4888,#4889);
#4451=AXIS2_PLACEMENT_3D('',#6097,#4893,#4894);
#4452=AXIS2_PLACEMENT_3D('',#6101,#4897,#4898);
#4453=AXIS2_PLACEMENT_3D('',#6105,#4901,#4902);
#4454=AXIS2_PLACEMENT_3D('',#6107,#4904,#4905);
#4455=AXIS2_PLACEMENT_3D('',#6116,#4910,#4911);
#4456=AXIS2_PLACEMENT_3D('',#6122,#4915,#4916);
#4457=AXIS2_PLACEMENT_3D('',#6126,#4919,#4920);
#4458=AXIS2_PLACEMENT_3D('',#6130,#4923,#4924);
#4459=AXIS2_PLACEMENT_3D('',#6132,#4926,#4927);
#4460=AXIS2_PLACEMENT_3D('',#6141,#4932,#4933);
#4461=AXIS2_PLACEMENT_3D('',#6147,#4937,#4938);
#4462=AXIS2_PLACEMENT_3D('',#6151,#4941,#4942);
#4463=AXIS2_PLACEMENT_3D('',#6155,#4945,#4946);
#4464=AXIS2_PLACEMENT_3D('',#6157,#4948,#4949);
#4465=AXIS2_PLACEMENT_3D('',#6166,#4954,#4955);
#4466=AXIS2_PLACEMENT_3D('',#6172,#4959,#4960);
#4467=AXIS2_PLACEMENT_3D('',#6176,#4963,#4964);
#4468=AXIS2_PLACEMENT_3D('',#6180,#4967,#4968);
#4469=AXIS2_PLACEMENT_3D('',#6182,#4970,#4971);
#4470=AXIS2_PLACEMENT_3D('',#6191,#4976,#4977);
#4471=AXIS2_PLACEMENT_3D('',#6197,#4981,#4982);
#4472=AXIS2_PLACEMENT_3D('',#6201,#4985,#4986);
#4473=AXIS2_PLACEMENT_3D('',#6205,#4989,#4990);
#4474=AXIS2_PLACEMENT_3D('',#6207,#4992,#4993);
#4475=AXIS2_PLACEMENT_3D('',#6216,#4998,#4999);
#4476=AXIS2_PLACEMENT_3D('',#6222,#5003,#5004);
#4477=AXIS2_PLACEMENT_3D('',#6226,#5007,#5008);
#4478=AXIS2_PLACEMENT_3D('',#6230,#5011,#5012);
#4479=AXIS2_PLACEMENT_3D('',#6232,#5014,#5015);
#4480=AXIS2_PLACEMENT_3D('',#6241,#5020,#5021);
#4481=AXIS2_PLACEMENT_3D('',#6247,#5025,#5026);
#4482=AXIS2_PLACEMENT_3D('',#6251,#5029,#5030);
#4483=AXIS2_PLACEMENT_3D('',#6255,#5033,#5034);
#4484=AXIS2_PLACEMENT_3D('',#6257,#5036,#5037);
#4485=AXIS2_PLACEMENT_3D('',#6266,#5042,#5043);
#4486=AXIS2_PLACEMENT_3D('',#6272,#5047,#5048);
#4487=AXIS2_PLACEMENT_3D('',#6276,#5051,#5052);
#4488=AXIS2_PLACEMENT_3D('',#6280,#5055,#5056);
#4489=AXIS2_PLACEMENT_3D('',#6282,#5058,#5059);
#4490=AXIS2_PLACEMENT_3D('',#6284,#5060,#5061);
#4491=AXIS2_PLACEMENT_3D('',#6287,#5063,#5064);
#4492=AXIS2_PLACEMENT_3D('',#6288,#5065,#5066);
#4493=AXIS2_PLACEMENT_3D('',#6289,#5067,#5068);
#4494=AXIS2_PLACEMENT_3D('',#6291,#5069,#5070);
#4495=AXIS2_PLACEMENT_3D('',#6294,#5072,#5073);
#4496=AXIS2_PLACEMENT_3D('',#6295,#5074,#5075);
#4497=AXIS2_PLACEMENT_3D('',#6296,#5076,#5077);
#4498=AXIS2_PLACEMENT_3D('',#6298,#5078,#5079);
#4499=AXIS2_PLACEMENT_3D('',#6301,#5081,#5082);
#4500=AXIS2_PLACEMENT_3D('',#6302,#5083,#5084);
#4501=AXIS2_PLACEMENT_3D('',#6303,#5085,#5086);
#4502=AXIS2_PLACEMENT_3D('',#6305,#5087,#5088);
#4503=AXIS2_PLACEMENT_3D('',#6308,#5090,#5091);
#4504=AXIS2_PLACEMENT_3D('',#6309,#5092,#5093);
#4505=AXIS2_PLACEMENT_3D('',#6310,#5094,#5095);
#4506=AXIS2_PLACEMENT_3D('',#6312,#5096,#5097);
#4507=AXIS2_PLACEMENT_3D('',#6315,#5099,#5100);
#4508=AXIS2_PLACEMENT_3D('',#6316,#5101,#5102);
#4509=AXIS2_PLACEMENT_3D('',#6318,#5103,#5104);
#4510=AXIS2_PLACEMENT_3D('',#6321,#5106,#5107);
#4511=AXIS2_PLACEMENT_3D('',#6322,#5108,#5109);
#4512=AXIS2_PLACEMENT_3D('',#6325,#5110,#5111);
#4513=AXIS2_PLACEMENT_3D('',#6329,#5113,#5114);
#4514=AXIS2_PLACEMENT_3D('',#6331,#5116,#5117);
#4515=AXIS2_PLACEMENT_3D('',#6337,#5121,#5122);
#4516=AXIS2_PLACEMENT_3D('',#6343,#5126,#5127);
#4517=AXIS2_PLACEMENT_3D('',#6344,#5128,#5129);
#4518=AXIS2_PLACEMENT_3D('',#6346,#5130,#5131);
#4519=AXIS2_PLACEMENT_3D('',#6347,#5132,#5133);
#4520=AXIS2_PLACEMENT_3D('',#6348,#5134,#5135);
#4521=AXIS2_PLACEMENT_3D('',#6351,#5136,#5137);
#4522=AXIS2_PLACEMENT_3D('',#6355,#5139,#5140);
#4523=AXIS2_PLACEMENT_3D('',#6357,#5142,#5143);
#4524=AXIS2_PLACEMENT_3D('',#6363,#5147,#5148);
#4525=AXIS2_PLACEMENT_3D('',#6369,#5152,#5153);
#4526=AXIS2_PLACEMENT_3D('',#6370,#5154,#5155);
#4527=AXIS2_PLACEMENT_3D('',#6372,#5156,#5157);
#4528=AXIS2_PLACEMENT_3D('',#6373,#5158,#5159);
#4529=AXIS2_PLACEMENT_3D('',#6374,#5160,#5161);
#4530=AXIS2_PLACEMENT_3D('',#6377,#5162,#5163);
#4531=AXIS2_PLACEMENT_3D('',#6381,#5165,#5166);
#4532=AXIS2_PLACEMENT_3D('',#6383,#5168,#5169);
#4533=AXIS2_PLACEMENT_3D('',#6389,#5173,#5174);
#4534=AXIS2_PLACEMENT_3D('',#6391,#5175,#5176);
#4535=AXIS2_PLACEMENT_3D('',#6395,#5178,#5179);
#4536=AXIS2_PLACEMENT_3D('',#6396,#5180,#5181);
#4537=AXIS2_PLACEMENT_3D('',#6397,#5182,#5183);
#4538=AXIS2_PLACEMENT_3D('',#6400,#5184,#5185);
#4539=AXIS2_PLACEMENT_3D('',#6404,#5187,#5188);
#4540=AXIS2_PLACEMENT_3D('',#6406,#5190,#5191);
#4541=AXIS2_PLACEMENT_3D('',#6412,#5195,#5196);
#4542=AXIS2_PLACEMENT_3D('',#6418,#5200,#5201);
#4543=AXIS2_PLACEMENT_3D('',#6419,#5202,#5203);
#4544=AXIS2_PLACEMENT_3D('',#6421,#5204,#5205);
#4545=AXIS2_PLACEMENT_3D('',#6422,#5206,#5207);
#4546=AXIS2_PLACEMENT_3D('',#6423,#5208,#5209);
#4547=AXIS2_PLACEMENT_3D('',#6426,#5210,#5211);
#4548=AXIS2_PLACEMENT_3D('',#6430,#5213,#5214);
#4549=AXIS2_PLACEMENT_3D('',#6432,#5216,#5217);
#4550=AXIS2_PLACEMENT_3D('',#6438,#5221,#5222);
#4551=AXIS2_PLACEMENT_3D('',#6444,#5226,#5227);
#4552=AXIS2_PLACEMENT_3D('',#6445,#5228,#5229);
#4553=AXIS2_PLACEMENT_3D('',#6447,#5230,#5231);
#4554=AXIS2_PLACEMENT_3D('',#6448,#5232,#5233);
#4555=AXIS2_PLACEMENT_3D('',#6449,#5234,#5235);
#4556=AXIS2_PLACEMENT_3D('',#6452,#5236,#5237);
#4557=AXIS2_PLACEMENT_3D('',#6456,#5239,#5240);
#4558=AXIS2_PLACEMENT_3D('',#6458,#5242,#5243);
#4559=AXIS2_PLACEMENT_3D('',#6464,#5247,#5248);
#4560=AXIS2_PLACEMENT_3D('',#6470,#5252,#5253);
#4561=AXIS2_PLACEMENT_3D('',#6471,#5254,#5255);
#4562=AXIS2_PLACEMENT_3D('',#6473,#5256,#5257);
#4563=AXIS2_PLACEMENT_3D('',#6474,#5258,#5259);
#4564=AXIS2_PLACEMENT_3D('',#6475,#5260,#5261);
#4565=AXIS2_PLACEMENT_3D('',#6478,#5262,#5263);
#4566=AXIS2_PLACEMENT_3D('',#6482,#5265,#5266);
#4567=AXIS2_PLACEMENT_3D('',#6484,#5268,#5269);
#4568=AXIS2_PLACEMENT_3D('',#6490,#5273,#5274);
#4569=AXIS2_PLACEMENT_3D('',#6496,#5278,#5279);
#4570=AXIS2_PLACEMENT_3D('',#6497,#5280,#5281);
#4571=AXIS2_PLACEMENT_3D('',#6499,#5282,#5283);
#4572=AXIS2_PLACEMENT_3D('',#6500,#5284,#5285);
#4573=AXIS2_PLACEMENT_3D('',#6501,#5286,#5287);
#4574=AXIS2_PLACEMENT_3D('',#6504,#5288,#5289);
#4575=AXIS2_PLACEMENT_3D('',#6508,#5291,#5292);
#4576=AXIS2_PLACEMENT_3D('',#6510,#5294,#5295);
#4577=AXIS2_PLACEMENT_3D('',#6516,#5299,#5300);
#4578=AXIS2_PLACEMENT_3D('',#6522,#5304,#5305);
#4579=AXIS2_PLACEMENT_3D('',#6523,#5306,#5307);
#4580=AXIS2_PLACEMENT_3D('',#6525,#5308,#5309);
#4581=AXIS2_PLACEMENT_3D('',#6526,#5310,#5311);
#4582=AXIS2_PLACEMENT_3D('',#6527,#5312,#5313);
#4583=AXIS2_PLACEMENT_3D('',#6530,#5314,#5315);
#4584=AXIS2_PLACEMENT_3D('',#6534,#5317,#5318);
#4585=AXIS2_PLACEMENT_3D('',#6536,#5320,#5321);
#4586=AXIS2_PLACEMENT_3D('',#6542,#5325,#5326);
#4587=AXIS2_PLACEMENT_3D('',#6548,#5330,#5331);
#4588=AXIS2_PLACEMENT_3D('',#6549,#5332,#5333);
#4589=AXIS2_PLACEMENT_3D('',#6551,#5334,#5335);
#4590=AXIS2_PLACEMENT_3D('',#6552,#5336,#5337);
#4591=AXIS2_PLACEMENT_3D('',#6553,#5338,#5339);
#4592=AXIS2_PLACEMENT_3D('',#6556,#5340,#5341);
#4593=AXIS2_PLACEMENT_3D('',#6560,#5343,#5344);
#4594=AXIS2_PLACEMENT_3D('',#6562,#5346,#5347);
#4595=AXIS2_PLACEMENT_3D('',#6568,#5351,#5352);
#4596=AXIS2_PLACEMENT_3D('',#6570,#5353,#5354);
#4597=AXIS2_PLACEMENT_3D('',#6572,#5355,#5356);
#4598=AXIS2_PLACEMENT_3D('',#6574,#5357,#5358);
#4599=AXIS2_PLACEMENT_3D('',#6576,#5360,#5361);
#4600=AXIS2_PLACEMENT_3D('',#6597,#5373,#5374);
#4601=AXIS2_PLACEMENT_3D('',#6618,#5386,#5387);
#4602=AXIS2_PLACEMENT_3D('',#6620,#5389,#5390);
#4603=AXIS2_PLACEMENT_3D('',#6622,#5392,#5393);
#4604=AXIS2_PLACEMENT_3D('',#6641,#5408,#5409);
#4605=AXIS2_PLACEMENT_3D('',#6656,#5417,#5418);
#4606=AXIS2_PLACEMENT_3D('',#6659,#5421,#5422);
#4607=AXIS2_PLACEMENT_3D('',#6661,#5424,#5425);
#4608=AXIS2_PLACEMENT_3D('',#6671,#5431,#5432);
#4609=AXIS2_PLACEMENT_3D('',#6673,#5434,#5435);
#4610=AXIS2_PLACEMENT_3D('',#6683,#5441,#5442);
#4611=AXIS2_PLACEMENT_3D('',#6689,#5446,#5447);
#4612=AXIS2_PLACEMENT_3D('',#6701,#5454,#5455);
#4613=AXIS2_PLACEMENT_3D('',#6704,#5458,#5459);
#4614=AXIS2_PLACEMENT_3D('',#6705,#5460,#5461);
#4615=AXIS2_PLACEMENT_3D('',#6709,#5463,#5464);
#4616=AXIS2_PLACEMENT_3D('',#6713,#5466,#5467);
#4617=AXIS2_PLACEMENT_3D('',#6721,#5471,#5472);
#4618=AXIS2_PLACEMENT_3D('',#6725,#5474,#5475);
#4619=AXIS2_PLACEMENT_3D('',#6727,#5477,#5478);
#4620=AXIS2_PLACEMENT_3D('',#6733,#5482,#5483);
#4621=AXIS2_PLACEMENT_3D('',#6736,#5486,#5487);
#4622=AXIS2_PLACEMENT_3D('',#6742,#5491,#5492);
#4623=AXIS2_PLACEMENT_3D('',#6746,#5495,#5496);
#4624=AXIS2_PLACEMENT_3D('',#6748,#5498,#5499);
#4625=AXIS2_PLACEMENT_3D('',#6750,#5501,#5502);
#4626=AXIS2_PLACEMENT_3D('',#6753,#5505,#5506);
#4627=AXIS2_PLACEMENT_3D('',#6754,#5507,#5508);
#4628=AXIS2_PLACEMENT_3D('',#6755,#5509,#5510);
#4629=AXIS2_PLACEMENT_3D('',#6757,#5511,#5512);
#4630=AXIS2_PLACEMENT_3D('',#6761,#5514,#5515);
#4631=AXIS2_PLACEMENT_3D('',#6769,#5519,#5520);
#4632=AXIS2_PLACEMENT_3D('',#6773,#5522,#5523);
#4633=AXIS2_PLACEMENT_3D('',#6775,#5525,#5526);
#4634=AXIS2_PLACEMENT_3D('',#6779,#5528,#5529);
#4635=AXIS2_PLACEMENT_3D('',#6783,#5531,#5532);
#4636=AXIS2_PLACEMENT_3D('',#6793,#5537,#5538);
#4637=AXIS2_PLACEMENT_3D('',#6797,#5540,#5541);
#4638=AXIS2_PLACEMENT_3D('',#6807,#5546,#5547);
#4639=AXIS2_PLACEMENT_3D('',#6811,#5549,#5550);
#4640=AXIS2_PLACEMENT_3D('',#6813,#5552,#5553);
#4641=AXIS2_PLACEMENT_3D('',#6815,#5555,#5556);
#4642=AXIS2_PLACEMENT_3D('',#6817,#5558,#5559);
#4643=AXIS2_PLACEMENT_3D('',#6826,#5564,#5565);
#4644=AXIS2_PLACEMENT_3D('',#6830,#5567,#5568);
#4645=AXIS2_PLACEMENT_3D('',#6831,#5569,#5570);
#4646=AXIS2_PLACEMENT_3D('',#6832,#5571,#5572);
#4647=AXIS2_PLACEMENT_3D('',#6837,#5574,#5575);
#4648=AXIS2_PLACEMENT_3D('',#6840,#5577,#5578);
#4649=AXIS2_PLACEMENT_3D('',#6841,#5579,#5580);
#4650=AXIS2_PLACEMENT_3D('',#6847,#5584,#5585);
#4651=AXIS2_PLACEMENT_3D('',#6849,#5586,#5587);
#4652=AXIS2_PLACEMENT_3D('',#6852,#5589,#5590);
#4653=AXIS2_PLACEMENT_3D('',#6853,#5591,#5592);
#4654=AXIS2_PLACEMENT_3D('',#6859,#5596,#5597);
#4655=AXIS2_PLACEMENT_3D('',#6860,#5598,#5599);
#4656=AXIS2_PLACEMENT_3D('',#6861,#5600,#5601);
#4657=AXIS2_PLACEMENT_3D('',#6940,#5604,#5605);
#4658=AXIS2_PLACEMENT_3D('',#6944,#5607,#5608);
#4659=AXIS2_PLACEMENT_3D('',#6946,#5610,#5611);
#4660=AXIS2_PLACEMENT_3D('',#6950,#5614,#5615);
#4661=AXIS2_PLACEMENT_3D('',#6953,#5617,#5618);
#4662=AXIS2_PLACEMENT_3D('',#6954,#5619,#5620);
#4663=AXIS2_PLACEMENT_3D('',#6969,#5629,#5630);
#4664=AXIS2_PLACEMENT_3D('',#7123,#5634,#5635);
#4665=AXIS2_PLACEMENT_3D('',#7127,#5637,#5638);
#4666=AXIS2_PLACEMENT_3D('',#7129,#5640,#5641);
#4667=AXIS2_PLACEMENT_3D('',#7133,#5643,#5644);
#4668=AXIS2_PLACEMENT_3D('',#7135,#5646,#5647);
#4669=AXIS2_PLACEMENT_3D('',#7139,#5649,#5650);
#4670=AXIS2_PLACEMENT_3D('',#7141,#5652,#5653);
#4671=AXIS2_PLACEMENT_3D('',#7145,#5655,#5656);
#4672=AXIS2_PLACEMENT_3D('',#7147,#5658,#5659);
#4673=AXIS2_PLACEMENT_3D('',#7151,#5661,#5662);
#4674=AXIS2_PLACEMENT_3D('',#7153,#5664,#5665);
#4675=AXIS2_PLACEMENT_3D('',#7157,#5668,#5669);
#4676=AXIS2_PLACEMENT_3D('',#7161,#5672,#5673);
#4677=AXIS2_PLACEMENT_3D('',#7165,#5676,#5677);
#4678=AXIS2_PLACEMENT_3D('',#7169,#5680,#5681);
#4679=AXIS2_PLACEMENT_3D('',#7173,#5684,#5685);
#4680=AXIS2_PLACEMENT_3D('',#7174,#5686,#5687);
#4681=AXIS2_PLACEMENT_3D('',#7175,#5688,#5689);
#4682=AXIS2_PLACEMENT_3D('',#7176,#5690,#5691);
#4683=AXIS2_PLACEMENT_3D('',#7177,#5692,#5693);
#4684=AXIS2_PLACEMENT_3D('',#7178,#5694,#5695);
#4685=AXIS2_PLACEMENT_3D('',#7179,#5696,#5697);
#4686=AXIS2_PLACEMENT_3D('',#7180,#5698,#5699);
#4687=AXIS2_PLACEMENT_3D('',#7181,#5700,#5701);
#4688=AXIS2_PLACEMENT_3D('',#7182,#5702,#5703);
#4689=AXIS2_PLACEMENT_3D('',#7183,#5704,#5705);
#4690=AXIS2_PLACEMENT_3D('',#7186,#5708,#5709);
#4691=AXIS2_PLACEMENT_3D('',#7188,#5711,#5712);
#4692=AXIS2_PLACEMENT_3D('',#7189,#5713,#5714);
#4693=AXIS2_PLACEMENT_3D('',#7193,#5717,#5718);
#4694=AXIS2_PLACEMENT_3D('',#7197,#5721,#5722);
#4695=AXIS2_PLACEMENT_3D('',#7201,#5725,#5726);
#4696=AXIS2_PLACEMENT_3D('',#7208,#5731,#5732);
#4697=AXIS2_PLACEMENT_3D('',#7215,#5737,#5738);
#4698=AXIS2_PLACEMENT_3D('',#7219,#5741,#5742);
#4699=AXIS2_PLACEMENT_3D('',#7223,#5745,#5746);
#4700=AXIS2_PLACEMENT_3D('',#7225,#5748,#5749);
#4701=AXIS2_PLACEMENT_3D('',#7227,#5751,#5752);
#4702=AXIS2_PLACEMENT_3D('',#7229,#5754,#5755);
#4703=AXIS2_PLACEMENT_3D('',#7231,#5757,#5758);
#4704=AXIS2_PLACEMENT_3D('',#7232,#5759,#5760);
#4705=AXIS2_PLACEMENT_3D('',#7234,#5762,#5763);
#4706=AXIS2_PLACEMENT_3D('',#7236,#5765,#5766);
#4707=AXIS2_PLACEMENT_3D('',#7237,#5767,#5768);
#4708=AXIS2_PLACEMENT_3D('',#7246,#5773,#5774);
#4709=AXIS2_PLACEMENT_3D('',#7247,#5775,#5776);
#4710=AXIS2_PLACEMENT_3D('',#7248,#5777,#5778);
#4711=AXIS2_PLACEMENT_3D('',#7249,#5779,#5780);
#4712=AXIS2_PLACEMENT_3D('',#7251,#5781,#5782);
#4713=AXIS2_PLACEMENT_3D('',#7253,#5783,#5784);
#4714=AXIS2_PLACEMENT_3D('',#7255,#5786,#5787);
#4715=AXIS2_PLACEMENT_3D('',#7261,#5791,#5792);
#4716=AXIS2_PLACEMENT_3D('',#7263,#5793,#5794);
#4717=AXIS2_PLACEMENT_3D('',#7265,#5795,#5796);
#4718=AXIS2_PLACEMENT_3D('',#7267,#5798,#5799);
#4719=AXIS2_PLACEMENT_3D('',#7270,#5802,#5803);
#4720=AXIS2_PLACEMENT_3D('',#7271,#5804,#5805);
#4721=AXIS2_PLACEMENT_3D('',#7272,#5806,#5807);
#4722=AXIS2_PLACEMENT_3D('',#7273,#5808,#5809);
#4723=AXIS2_PLACEMENT_3D('',#7276,#5812,#5813);
#4724=AXIS2_PLACEMENT_3D('',#7278,#5815,#5816);
#4725=AXIS2_PLACEMENT_3D('',#7279,#5817,#5818);
#4726=AXIS2_PLACEMENT_3D('',#7281,#5820,#5821);
#4727=AXIS2_PLACEMENT_3D('',#7283,#5823,#5824);
#4728=AXIS2_PLACEMENT_3D('',#7284,#5825,#5826);
#4729=AXIS2_PLACEMENT_3D('',#7285,#5827,#5828);
#4730=AXIS2_PLACEMENT_3D('',#7608,#5832,#5833);
#4731=AXIS2_PLACEMENT_3D('',#7614,#5837,#5838);
#4732=AXIS2_PLACEMENT_3D('',#7618,#5840,#5841);
#4733=AXIS2_PLACEMENT_3D('',#7619,#5842,#5843);
#4734=AXIS2_PLACEMENT_3D('',#7620,#5844,#5845);
#4735=AXIS2_PLACEMENT_3D('',#7626,#5849,#5850);
#4736=AXIS2_PLACEMENT_3D('',#7630,#5852,#5853);
#4737=AXIS2_PLACEMENT_3D('',#7631,#5854,#5855);
#4738=AXIS2_PLACEMENT_3D('',#7632,#5856,#5857);
#4739=AXIS2_PLACEMENT_3D('',#7677,#5861,#5862);
#4740=AXIS2_PLACEMENT_3D('',#7678,#5863,#5864);
#4741=AXIS2_PLACEMENT_3D('',#7684,#5867,#5868);
#4742=AXIS2_PLACEMENT_3D('',#7692,#5872,#5873);
#4743=AXIS2_PLACEMENT_3D('',#7696,#5876,#5877);
#4744=AXIS2_PLACEMENT_3D('',#7698,#5878,#5879);
#4745=AXIS2_PLACEMENT_3D('',#7700,#5881,#5882);
#4746=AXIS2_PLACEMENT_3D('',#7703,#5883,#5884);
#4747=AXIS2_PLACEMENT_3D('',#7704,#5885,#5886);
#4748=AXIS2_PLACEMENT_3D('',#7705,#5887,#5888);
#4749=AXIS2_PLACEMENT_3D('',#7706,#5889,#5890);
#4750=AXIS2_PLACEMENT_3D('',#7708,#5891,#5892);
#4751=AXIS2_PLACEMENT_3D('',#7720,#5894,#5895);
#4752=AXIS2_PLACEMENT_3D('',#7721,#5896,#5897);
#4753=AXIS2_PLACEMENT_3D('',#7722,#5898,#5899);
#4754=AXIS2_PLACEMENT_3D('',#7724,#5901,#5902);
#4755=AXIS2_PLACEMENT_3D('',#7727,#5903,#5904);
#4756=AXIS2_PLACEMENT_3D('',#7728,#5905,#5906);
#4757=AXIS2_PLACEMENT_3D('',#7729,#5907,#5908);
#4758=AXIS2_PLACEMENT_3D('',#7730,#5909,#5910);
#4759=AXIS2_PLACEMENT_3D('',#7732,#5912,#5913);
#4760=AXIS2_PLACEMENT_3D('',#7736,#5915,#5916);
#4761=AXIS2_PLACEMENT_3D('',#7737,#5917,#5918);
#4762=AXIS2_PLACEMENT_3D('',#7748,#5919,#5920);
#4763=AXIS2_PLACEMENT_3D('',#7749,#5921,#5922);
#4764=AXIS2_PLACEMENT_3D('',#7750,#5923,#5924);
#4765=AXIS2_PLACEMENT_3D('',#7752,#5926,#5927);
#4766=AXIS2_PLACEMENT_3D('',#7755,#5928,#5929);
#4767=AXIS2_PLACEMENT_3D('',#7758,#5932,#5933);
#4768=AXIS2_PLACEMENT_3D('',#7761,#5934,#5935);
#4769=AXIS2_PLACEMENT_3D('',#7765,#5937,#5938);
#4770=AXIS2_PLACEMENT_3D('',#7794,#5940,#5941);
#4771=AXIS2_PLACEMENT_3D('',#7795,#5942,#5943);
#4772=AXIS2_PLACEMENT_3D('',#7796,#5944,#5945);
#4773=AXIS2_PLACEMENT_3D('',#7797,#5946,#5947);
#4774=AXIS2_PLACEMENT_3D('',#7830,#5950,#5951);
#4775=AXIS2_PLACEMENT_3D('',#7831,#5952,#5953);
#4776=AXIS2_PLACEMENT_3D('',#7832,#5954,#5955);
#4777=AXIS2_PLACEMENT_3D('',#7834,#5957,#5958);
#4778=AXIS2_PLACEMENT_3D('',#7843,#5961,#5962);
#4779=AXIS2_PLACEMENT_3D('',#7847,#5965,#5966);
#4780=AXIS2_PLACEMENT_3D('',#7850,#5968,#5969);
#4781=AXIS2_PLACEMENT_3D('',#7851,#5970,#5971);
#4782=AXIS2_PLACEMENT_3D('',#7855,#5974,#5975);
#4783=AXIS2_PLACEMENT_3D('',#7858,#5977,#5978);
#4784=AXIS2_PLACEMENT_3D('',#7859,#5979,#5980);
#4785=AXIS2_PLACEMENT_3D('',#7863,#5983,#5984);
#4786=AXIS2_PLACEMENT_3D('',#7864,#5985,#5986);
#4787=AXIS2_PLACEMENT_3D('',#7867,#5988,#5989);
#4788=AXIS2_PLACEMENT_3D('',#7868,#5990,#5991);
#4789=AXIS2_PLACEMENT_3D('',#7872,#5994,#5995);
#4790=AXIS2_PLACEMENT_3D('',#7881,#5998,#5999);
#4791=AXIS2_PLACEMENT_3D('',#7909,#6001,#6002);
#4792=AXIS2_PLACEMENT_3D('',#7916,#6004,#6005);
#4793=AXIS2_PLACEMENT_3D('',#8108,#6007,#6008);
#4794=AXIS2_PLACEMENT_3D('',#8110,#6010,#6011);
#4795=AXIS2_PLACEMENT_3D('',#8112,#6013,#6014);
#4796=DIRECTION('axis',(0.,0.,1.));
#4797=DIRECTION('refdir',(1.,0.,0.));
#4798=DIRECTION('center_axis',(0.,0.994521895368273,-0.104528463267654));
#4799=DIRECTION('ref_axis',(1.,0.,0.));
#4800=DIRECTION('center_axis',(0.,-0.994521895368273,0.104528463267653));
#4801=DIRECTION('ref_axis',(1.,0.,0.));
#4802=DIRECTION('',(0.707106781186548,-0.703233176253404,0.0739127852035669));
#4803=DIRECTION('center_axis',(0.,0.994521895368273,-0.104528463267653));
#4804=DIRECTION('ref_axis',(1.,0.,0.));
#4805=DIRECTION('center_axis',(0.,0.994521895368274,-0.104528463267653));
#4806=DIRECTION('ref_axis',(1.,0.,0.));
#4807=DIRECTION('center_axis',(0.,0.994521895368273,-0.104528463267653));
#4808=DIRECTION('ref_axis',(1.,0.,0.));
#4809=DIRECTION('',(0.,-0.994521895368273,0.104528463267653));
#4810=DIRECTION('center_axis',(0.,0.994521895368273,-0.104528463267653));
#4811=DIRECTION('ref_axis',(1.,0.,0.));
#4812=DIRECTION('center_axis',(0.,0.994521895368274,-0.10452846326765));
#4813=DIRECTION('ref_axis',(1.,0.,0.));
#4814=DIRECTION('center_axis',(0.,-0.994521895368273,0.104528463267653));
#4815=DIRECTION('ref_axis',(1.,0.,0.));
#4816=DIRECTION('',(0.707106781186546,-0.703233176253406,0.0739127852035646));
#4817=DIRECTION('center_axis',(0.,0.994521895368273,-0.104528463267653));
#4818=DIRECTION('ref_axis',(1.,0.,0.));
#4819=DIRECTION('center_axis',(0.,0.994521895368273,-0.104528463267654));
#4820=DIRECTION('ref_axis',(1.,0.,0.));
#4821=DIRECTION('center_axis',(0.,0.994521895368273,-0.104528463267653));
#4822=DIRECTION('ref_axis',(1.,0.,0.));
#4823=DIRECTION('',(0.,-0.994521895368273,0.104528463267654));
#4824=DIRECTION('center_axis',(0.,0.994521895368273,-0.104528463267653));
#4825=DIRECTION('ref_axis',(1.,0.,0.));
#4826=DIRECTION('center_axis',(0.,0.994521895368274,-0.10452846326765));
#4827=DIRECTION('ref_axis',(1.,0.,0.));
#4828=DIRECTION('center_axis',(0.,-0.994521895368273,0.104528463267653));
#4829=DIRECTION('ref_axis',(1.,0.,0.));
#4830=DIRECTION('',(0.707106781186546,-0.703233176253406,0.0739127852035646));
#4831=DIRECTION('center_axis',(0.,0.994521895368273,-0.104528463267653));
#4832=DIRECTION('ref_axis',(1.,0.,0.));
#4833=DIRECTION('center_axis',(0.,0.994521895368273,-0.104528463267654));
#4834=DIRECTION('ref_axis',(1.,0.,0.));
#4835=DIRECTION('center_axis',(0.,0.994521895368273,-0.104528463267653));
#4836=DIRECTION('ref_axis',(1.,0.,0.));
#4837=DIRECTION('',(0.,-0.994521895368273,0.104528463267654));
#4838=DIRECTION('center_axis',(0.,0.994521895368273,-0.104528463267653));
#4839=DIRECTION('ref_axis',(1.,0.,0.));
#4840=DIRECTION('center_axis',(0.,0.994521895368272,-0.104528463267665));
#4841=DIRECTION('ref_axis',(1.,0.,0.));
#4842=DIRECTION('center_axis',(0.,-0.994521895368273,0.104528463267653));
#4843=DIRECTION('ref_axis',(1.,0.,0.));
#4844=DIRECTION('',(0.707106781186548,-0.703233176253403,0.0739127852035748));
#4845=DIRECTION('center_axis',(0.,0.994521895368273,-0.104528463267653));
#4846=DIRECTION('ref_axis',(1.,0.,0.));
#4847=DIRECTION('center_axis',(0.,0.994521895368274,-0.104528463267652));
#4848=DIRECTION('ref_axis',(1.,0.,0.));
#4849=DIRECTION('center_axis',(0.,0.994521895368273,-0.104528463267653));
#4850=DIRECTION('ref_axis',(1.,0.,0.));
#4851=DIRECTION('',(0.,-0.994521895368273,0.104528463267652));
#4852=DIRECTION('center_axis',(0.,0.994521895368273,-0.104528463267653));
#4853=DIRECTION('ref_axis',(1.,0.,0.));
#4854=DIRECTION('center_axis',(0.,0.994521895368272,-0.104528463267665));
#4855=DIRECTION('ref_axis',(1.,0.,0.));
#4856=DIRECTION('center_axis',(0.,-0.994521895368273,0.104528463267653));
#4857=DIRECTION('ref_axis',(1.,0.,0.));
#4858=DIRECTION('',(0.707106781186545,-0.703233176253406,0.073912785203575));
#4859=DIRECTION('center_axis',(0.,0.994521895368273,-0.104528463267653));
#4860=DIRECTION('ref_axis',(1.,0.,0.));
#4861=DIRECTION('center_axis',(0.,0.994521895368274,-0.104528463267652));
#4862=DIRECTION('ref_axis',(1.,0.,0.));
#4863=DIRECTION('center_axis',(0.,0.994521895368273,-0.104528463267653));
#4864=DIRECTION('ref_axis',(1.,0.,0.));
#4865=DIRECTION('',(0.,-0.994521895368273,0.104528463267652));
#4866=DIRECTION('center_axis',(0.,0.994521895368273,-0.104528463267653));
#4867=DIRECTION('ref_axis',(1.,0.,0.));
#4868=DIRECTION('center_axis',(0.,0.994521895368273,-0.104528463267654));
#4869=DIRECTION('ref_axis',(1.,0.,0.));
#4870=DIRECTION('center_axis',(0.,-0.994521895368273,0.104528463267653));
#4871=DIRECTION('ref_axis',(1.,0.,0.));
#4872=DIRECTION('',(0.707106781186545,-0.703233176253406,0.0739127852035672));
#4873=DIRECTION('center_axis',(0.,0.994521895368273,-0.104528463267653));
#4874=DIRECTION('ref_axis',(1.,0.,0.));
#4875=DIRECTION('center_axis',(0.,0.994521895368274,-0.104528463267653));
#4876=DIRECTION('ref_axis',(1.,0.,0.));
#4877=DIRECTION('center_axis',(0.,0.994521895368273,-0.104528463267653));
#4878=DIRECTION('ref_axis',(1.,0.,0.));
#4879=DIRECTION('',(0.,-0.994521895368273,0.104528463267653));
#4880=DIRECTION('center_axis',(0.,0.994521895368273,-0.104528463267653));
#4881=DIRECTION('ref_axis',(1.,0.,0.));
#4882=DIRECTION('center_axis',(0.,0.,-1.));
#4883=DIRECTION('ref_axis',(-1.,0.,0.));
#4884=DIRECTION('',(0.,-1.,0.));
#4885=DIRECTION('',(-1.,0.,0.));
#4886=DIRECTION('',(0.,1.,0.));
#4887=DIRECTION('',(1.,0.,0.));
#4888=DIRECTION('center_axis',(0.,1.,0.));
#4889=DIRECTION('ref_axis',(1.,0.,0.));
#4890=DIRECTION('',(0.,0.,1.));
#4891=DIRECTION('',(0.,0.,-1.));
#4892=DIRECTION('',(-1.,0.,0.));
#4893=DIRECTION('center_axis',(-1.,0.,0.));
#4894=DIRECTION('ref_axis',(0.,0.,1.));
#4895=DIRECTION('',(0.,0.,1.));
#4896=DIRECTION('',(0.,1.,0.));
#4897=DIRECTION('center_axis',(0.,0.,1.));
#4898=DIRECTION('ref_axis',(1.,0.,0.));
#4899=DIRECTION('',(0.,1.,0.));
#4900=DIRECTION('',(1.,0.,0.));
#4901=DIRECTION('center_axis',(0.,1.,0.));
#4902=DIRECTION('ref_axis',(0.,0.,1.));
#4903=DIRECTION('',(0.,0.,-1.));
#4904=DIRECTION('center_axis',(0.,0.,-1.));
#4905=DIRECTION('ref_axis',(-1.,0.,0.));
#4906=DIRECTION('',(0.,-1.,0.));
#4907=DIRECTION('',(-1.,0.,0.));
#4908=DIRECTION('',(0.,1.,0.));
#4909=DIRECTION('',(1.,0.,0.));
#4910=DIRECTION('center_axis',(0.,1.,0.));
#4911=DIRECTION('ref_axis',(1.,0.,0.));
#4912=DIRECTION('',(0.,0.,1.));
#4913=DIRECTION('',(0.,0.,-1.));
#4914=DIRECTION('',(-1.,0.,0.));
#4915=DIRECTION('center_axis',(-1.,0.,0.));
#4916=DIRECTION('ref_axis',(0.,0.,1.));
#4917=DIRECTION('',(0.,0.,1.));
#4918=DIRECTION('',(0.,1.,0.));
#4919=DIRECTION('center_axis',(0.,0.,1.));
#4920=DIRECTION('ref_axis',(1.,0.,0.));
#4921=DIRECTION('',(0.,1.,0.));
#4922=DIRECTION('',(1.,0.,0.));
#4923=DIRECTION('center_axis',(0.,1.,0.));
#4924=DIRECTION('ref_axis',(0.,0.,1.));
#4925=DIRECTION('',(0.,0.,-1.));
#4926=DIRECTION('center_axis',(0.,0.,-1.));
#4927=DIRECTION('ref_axis',(-1.,0.,0.));
#4928=DIRECTION('',(0.,1.,0.));
#4929=DIRECTION('',(1.,0.,0.));
#4930=DIRECTION('',(0.,1.,0.));
#4931=DIRECTION('',(-1.,0.,0.));
#4932=DIRECTION('center_axis',(0.,1.,0.));
#4933=DIRECTION('ref_axis',(0.,0.,1.));
#4934=DIRECTION('',(0.,0.,1.));
#4935=DIRECTION('',(0.,0.,-1.));
#4936=DIRECTION('',(1.,0.,0.));
#4937=DIRECTION('center_axis',(1.,0.,0.));
#4938=DIRECTION('ref_axis',(0.,0.,-1.));
#4939=DIRECTION('',(0.,0.,1.));
#4940=DIRECTION('',(0.,1.,0.));
#4941=DIRECTION('center_axis',(0.,0.,1.));
#4942=DIRECTION('ref_axis',(1.,0.,0.));
#4943=DIRECTION('',(0.,-1.,0.));
#4944=DIRECTION('',(-1.,0.,0.));
#4945=DIRECTION('center_axis',(0.,1.,0.));
#4946=DIRECTION('ref_axis',(1.,0.,0.));
#4947=DIRECTION('',(0.,0.,-1.));
#4948=DIRECTION('center_axis',(0.,0.,-1.));
#4949=DIRECTION('ref_axis',(-1.,0.,0.));
#4950=DIRECTION('',(0.,1.,0.));
#4951=DIRECTION('',(1.,0.,0.));
#4952=DIRECTION('',(0.,1.,0.));
#4953=DIRECTION('',(-1.,0.,0.));
#4954=DIRECTION('center_axis',(0.,1.,0.));
#4955=DIRECTION('ref_axis',(0.,0.,1.));
#4956=DIRECTION('',(0.,0.,1.));
#4957=DIRECTION('',(0.,0.,-1.));
#4958=DIRECTION('',(1.,0.,0.));
#4959=DIRECTION('center_axis',(1.,0.,0.));
#4960=DIRECTION('ref_axis',(0.,0.,-1.));
#4961=DIRECTION('',(0.,0.,1.));
#4962=DIRECTION('',(0.,1.,0.));
#4963=DIRECTION('center_axis',(0.,0.,1.));
#4964=DIRECTION('ref_axis',(1.,0.,0.));
#4965=DIRECTION('',(0.,-1.,0.));
#4966=DIRECTION('',(-1.,0.,0.));
#4967=DIRECTION('center_axis',(0.,1.,0.));
#4968=DIRECTION('ref_axis',(1.,0.,0.));
#4969=DIRECTION('',(0.,0.,-1.));
#4970=DIRECTION('center_axis',(0.,0.,-1.));
#4971=DIRECTION('ref_axis',(-1.,0.,0.));
#4972=DIRECTION('',(0.,-1.,0.));
#4973=DIRECTION('',(-1.,0.,0.));
#4974=DIRECTION('',(0.,1.,0.));
#4975=DIRECTION('',(1.,0.,0.));
#4976=DIRECTION('center_axis',(0.,1.,0.));
#4977=DIRECTION('ref_axis',(1.,0.,0.));
#4978=DIRECTION('',(0.,0.,1.));
#4979=DIRECTION('',(0.,0.,-1.));
#4980=DIRECTION('',(-1.,0.,0.));
#4981=DIRECTION('center_axis',(-1.,0.,0.));
#4982=DIRECTION('ref_axis',(0.,0.,1.));
#4983=DIRECTION('',(0.,0.,1.));
#4984=DIRECTION('',(0.,1.,0.));
#4985=DIRECTION('center_axis',(0.,0.,1.));
#4986=DIRECTION('ref_axis',(1.,0.,0.));
#4987=DIRECTION('',(0.,1.,0.));
#4988=DIRECTION('',(1.,0.,0.));
#4989=DIRECTION('center_axis',(0.,1.,0.));
#4990=DIRECTION('ref_axis',(0.,0.,1.));
#4991=DIRECTION('',(0.,0.,-1.));
#4992=DIRECTION('center_axis',(0.,0.,-1.));
#4993=DIRECTION('ref_axis',(-1.,0.,0.));
#4994=DIRECTION('',(0.,-1.,0.));
#4995=DIRECTION('',(-1.,0.,0.));
#4996=DIRECTION('',(0.,1.,0.));
#4997=DIRECTION('',(1.,0.,0.));
#4998=DIRECTION('center_axis',(0.,1.,0.));
#4999=DIRECTION('ref_axis',(1.,0.,0.));
#5000=DIRECTION('',(0.,0.,1.));
#5001=DIRECTION('',(0.,0.,-1.));
#5002=DIRECTION('',(-1.,0.,0.));
#5003=DIRECTION('center_axis',(-1.,0.,0.));
#5004=DIRECTION('ref_axis',(0.,0.,1.));
#5005=DIRECTION('',(0.,0.,1.));
#5006=DIRECTION('',(0.,1.,0.));
#5007=DIRECTION('center_axis',(0.,0.,1.));
#5008=DIRECTION('ref_axis',(1.,0.,0.));
#5009=DIRECTION('',(0.,1.,0.));
#5010=DIRECTION('',(1.,0.,0.));
#5011=DIRECTION('center_axis',(0.,1.,0.));
#5012=DIRECTION('ref_axis',(0.,0.,1.));
#5013=DIRECTION('',(0.,0.,-1.));
#5014=DIRECTION('center_axis',(0.,0.,-1.));
#5015=DIRECTION('ref_axis',(-1.,0.,0.));
#5016=DIRECTION('',(0.,1.,0.));
#5017=DIRECTION('',(1.,0.,0.));
#5018=DIRECTION('',(0.,1.,0.));
#5019=DIRECTION('',(-1.,0.,0.));
#5020=DIRECTION('center_axis',(0.,1.,0.));
#5021=DIRECTION('ref_axis',(0.,0.,1.));
#5022=DIRECTION('',(0.,0.,1.));
#5023=DIRECTION('',(0.,0.,-1.));
#5024=DIRECTION('',(1.,0.,0.));
#5025=DIRECTION('center_axis',(1.,0.,0.));
#5026=DIRECTION('ref_axis',(0.,0.,-1.));
#5027=DIRECTION('',(0.,0.,1.));
#5028=DIRECTION('',(0.,1.,0.));
#5029=DIRECTION('center_axis',(0.,0.,1.));
#5030=DIRECTION('ref_axis',(1.,0.,0.));
#5031=DIRECTION('',(0.,-1.,0.));
#5032=DIRECTION('',(-1.,0.,0.));
#5033=DIRECTION('center_axis',(0.,1.,0.));
#5034=DIRECTION('ref_axis',(1.,0.,0.));
#5035=DIRECTION('',(0.,0.,-1.));
#5036=DIRECTION('center_axis',(0.,0.,-1.));
#5037=DIRECTION('ref_axis',(-1.,0.,0.));
#5038=DIRECTION('',(0.,1.,0.));
#5039=DIRECTION('',(1.,0.,0.));
#5040=DIRECTION('',(0.,1.,0.));
#5041=DIRECTION('',(-1.,0.,0.));
#5042=DIRECTION('center_axis',(0.,1.,0.));
#5043=DIRECTION('ref_axis',(0.,0.,1.));
#5044=DIRECTION('',(0.,0.,1.));
#5045=DIRECTION('',(0.,0.,-1.));
#5046=DIRECTION('',(1.,0.,0.));
#5047=DIRECTION('center_axis',(1.,0.,0.));
#5048=DIRECTION('ref_axis',(0.,0.,-1.));
#5049=DIRECTION('',(0.,0.,1.));
#5050=DIRECTION('',(0.,1.,0.));
#5051=DIRECTION('center_axis',(0.,0.,1.));
#5052=DIRECTION('ref_axis',(1.,0.,0.));
#5053=DIRECTION('',(0.,-1.,0.));
#5054=DIRECTION('',(-1.,0.,0.));
#5055=DIRECTION('center_axis',(0.,1.,0.));
#5056=DIRECTION('ref_axis',(1.,0.,0.));
#5057=DIRECTION('',(0.,0.,-1.));
#5058=DIRECTION('center_axis',(0.,0.,1.));
#5059=DIRECTION('ref_axis',(1.,0.,0.));
#5060=DIRECTION('center_axis',(0.,0.,1.));
#5061=DIRECTION('ref_axis',(1.,0.,0.));
#5062=DIRECTION('',(0.,0.,1.));
#5063=DIRECTION('center_axis',(0.,0.,1.));
#5064=DIRECTION('ref_axis',(1.,0.,0.));
#5065=DIRECTION('center_axis',(0.,0.,1.));
#5066=DIRECTION('ref_axis',(1.,0.,0.));
#5067=DIRECTION('center_axis',(0.,0.,1.));
#5068=DIRECTION('ref_axis',(1.,0.,0.));
#5069=DIRECTION('center_axis',(0.,0.,1.));
#5070=DIRECTION('ref_axis',(1.,0.,0.));
#5071=DIRECTION('',(0.,0.,1.));
#5072=DIRECTION('center_axis',(0.,0.,1.));
#5073=DIRECTION('ref_axis',(1.,0.,0.));
#5074=DIRECTION('center_axis',(0.,0.,1.));
#5075=DIRECTION('ref_axis',(1.,0.,0.));
#5076=DIRECTION('center_axis',(0.,0.,1.));
#5077=DIRECTION('ref_axis',(1.,0.,0.));
#5078=DIRECTION('center_axis',(0.,0.,1.));
#5079=DIRECTION('ref_axis',(1.,0.,0.));
#5080=DIRECTION('',(0.,0.,1.));
#5081=DIRECTION('center_axis',(0.,0.,1.));
#5082=DIRECTION('ref_axis',(1.,0.,0.));
#5083=DIRECTION('center_axis',(0.,0.,1.));
#5084=DIRECTION('ref_axis',(1.,0.,0.));
#5085=DIRECTION('center_axis',(0.,0.,1.));
#5086=DIRECTION('ref_axis',(1.,0.,0.));
#5087=DIRECTION('center_axis',(0.,0.,1.));
#5088=DIRECTION('ref_axis',(1.,0.,0.));
#5089=DIRECTION('',(0.,0.,1.));
#5090=DIRECTION('center_axis',(0.,0.,1.));
#5091=DIRECTION('ref_axis',(1.,0.,0.));
#5092=DIRECTION('center_axis',(0.,0.,1.));
#5093=DIRECTION('ref_axis',(1.,0.,0.));
#5094=DIRECTION('center_axis',(0.,0.,1.));
#5095=DIRECTION('ref_axis',(1.,0.,0.));
#5096=DIRECTION('center_axis',(0.,0.,1.));
#5097=DIRECTION('ref_axis',(1.,0.,0.));
#5098=DIRECTION('',(0.,0.,1.));
#5099=DIRECTION('center_axis',(0.,-0.104528463267653,-0.994521895368273));
#5100=DIRECTION('ref_axis',(0.,0.994521895368273,-0.104528463267653));
#5101=DIRECTION('center_axis',(0.,0.,1.));
#5102=DIRECTION('ref_axis',(1.,0.,0.));
#5103=DIRECTION('center_axis',(0.,0.,1.));
#5104=DIRECTION('ref_axis',(1.,0.,0.));
#5105=DIRECTION('',(0.,0.,1.));
#5106=DIRECTION('center_axis',(0.,-0.104528463267653,-0.994521895368273));
#5107=DIRECTION('ref_axis',(0.,0.994521895368273,-0.104528463267653));
#5108=DIRECTION('center_axis',(0.,0.,1.));
#5109=DIRECTION('ref_axis',(-1.,6.34413156928663E-15,0.));
#5110=DIRECTION('center_axis',(0.,0.,-1.));
#5111=DIRECTION('ref_axis',(-1.,6.34413156928663E-15,0.));
#5112=DIRECTION('',(0.,0.,1.));
#5113=DIRECTION('center_axis',(0.,-0.204695113842596,0.978825781418209));
#5114=DIRECTION('ref_axis',(-6.20979954072691E-15,-0.978825781418209,-0.204695113842596));
#5115=DIRECTION('',(0.,0.,1.));
#5116=DIRECTION('center_axis',(1.,0.,0.));
#5117=DIRECTION('ref_axis',(0.,1.,0.));
#5118=DIRECTION('',(0.,-1.,0.));
#5119=DIRECTION('',(0.,0.,1.));
#5120=DIRECTION('',(0.,0.978825781418209,0.204695113842596));
#5121=DIRECTION('center_axis',(-1.,0.,0.));
#5122=DIRECTION('ref_axis',(0.,-1.,0.));
#5123=DIRECTION('',(0.,1.,0.));
#5124=DIRECTION('',(0.,-0.978825781418209,-0.204695113842596));
#5125=DIRECTION('',(0.,0.,1.));
#5126=DIRECTION('center_axis',(0.,0.,1.));
#5127=DIRECTION('ref_axis',(1.,-1.26882631385731E-14,0.));
#5128=DIRECTION('center_axis',(0.,0.,-1.));
#5129=DIRECTION('ref_axis',(1.,-1.26882631385731E-14,0.));
#5130=DIRECTION('center_axis',(0.,-0.204695113842596,0.978825781418209));
#5131=DIRECTION('ref_axis',(1.24195990814537E-14,0.978825781418209,0.204695113842596));
#5132=DIRECTION('center_axis',(0.,-0.204695113842596,0.978825781418209));
#5133=DIRECTION('ref_axis',(1.24195990814537E-14,0.978825781418209,0.204695113842596));
#5134=DIRECTION('center_axis',(0.,0.,1.));
#5135=DIRECTION('ref_axis',(-1.,6.34413156928663E-15,0.));
#5136=DIRECTION('center_axis',(0.,0.,-1.));
#5137=DIRECTION('ref_axis',(-1.,6.34413156928663E-15,0.));
#5138=DIRECTION('',(0.,0.,1.));
#5139=DIRECTION('center_axis',(0.,-0.204695113842596,0.978825781418209));
#5140=DIRECTION('ref_axis',(-6.20979954072691E-15,-0.978825781418209,-0.204695113842596));
#5141=DIRECTION('',(0.,0.,1.));
#5142=DIRECTION('center_axis',(1.,0.,0.));
#5143=DIRECTION('ref_axis',(0.,1.,0.));
#5144=DIRECTION('',(0.,-1.,0.));
#5145=DIRECTION('',(0.,0.,1.));
#5146=DIRECTION('',(0.,0.978825781418209,0.204695113842596));
#5147=DIRECTION('center_axis',(-1.,0.,0.));
#5148=DIRECTION('ref_axis',(0.,-1.,0.));
#5149=DIRECTION('',(0.,1.,0.));
#5150=DIRECTION('',(0.,-0.978825781418209,-0.204695113842596));
#5151=DIRECTION('',(0.,0.,1.));
#5152=DIRECTION('center_axis',(0.,0.,1.));
#5153=DIRECTION('ref_axis',(1.,0.,0.));
#5154=DIRECTION('center_axis',(0.,0.,-1.));
#5155=DIRECTION('ref_axis',(1.,0.,0.));
#5156=DIRECTION('center_axis',(0.,-0.204695113842596,0.978825781418209));
#5157=DIRECTION('ref_axis',(0.,0.978825781418209,0.204695113842596));
#5158=DIRECTION('center_axis',(0.,-0.204695113842596,0.978825781418209));
#5159=DIRECTION('ref_axis',(0.,0.978825781418209,0.204695113842596));
#5160=DIRECTION('center_axis',(0.,0.,1.));
#5161=DIRECTION('ref_axis',(-1.,1.26882631385733E-14,0.));
#5162=DIRECTION('center_axis',(0.,0.,-1.));
#5163=DIRECTION('ref_axis',(-1.,1.26882631385733E-14,0.));
#5164=DIRECTION('',(0.,0.,1.));
#5165=DIRECTION('center_axis',(0.,-0.204695113842596,0.978825781418209));
#5166=DIRECTION('ref_axis',(-1.24195990814539E-14,-0.978825781418208,-0.204695113842596));
#5167=DIRECTION('',(0.,0.,1.));
#5168=DIRECTION('center_axis',(1.,0.,0.));
#5169=DIRECTION('ref_axis',(0.,1.,0.));
#5170=DIRECTION('',(0.,-1.,0.));
#5171=DIRECTION('',(0.,0.,1.));
#5172=DIRECTION('',(0.,0.978825781418209,0.204695113842596));
#5173=DIRECTION('center_axis',(0.,0.,1.));
#5174=DIRECTION('ref_axis',(1.,-1.26882631385731E-14,0.));
#5175=DIRECTION('center_axis',(0.,0.,-1.));
#5176=DIRECTION('ref_axis',(1.,-1.26882631385731E-14,0.));
#5177=DIRECTION('',(0.,0.,1.));
#5178=DIRECTION('center_axis',(0.,-0.204695113842596,0.978825781418209));
#5179=DIRECTION('ref_axis',(1.24195990814537E-14,0.978825781418209,0.204695113842596));
#5180=DIRECTION('center_axis',(0.,-0.204695113842596,0.978825781418209));
#5181=DIRECTION('ref_axis',(1.24195990814537E-14,0.978825781418209,0.204695113842596));
#5182=DIRECTION('center_axis',(0.,0.,1.));
#5183=DIRECTION('ref_axis',(-1.,6.34413156928663E-15,0.));
#5184=DIRECTION('center_axis',(0.,0.,-1.));
#5185=DIRECTION('ref_axis',(-1.,6.34413156928663E-15,0.));
#5186=DIRECTION('',(0.,0.,1.));
#5187=DIRECTION('center_axis',(0.,-0.204695113842596,0.978825781418209));
#5188=DIRECTION('ref_axis',(-6.20979954072691E-15,-0.978825781418209,-0.204695113842596));
#5189=DIRECTION('',(0.,0.,1.));
#5190=DIRECTION('center_axis',(1.,0.,0.));
#5191=DIRECTION('ref_axis',(0.,1.,0.));
#5192=DIRECTION('',(0.,-1.,0.));
#5193=DIRECTION('',(0.,0.,1.));
#5194=DIRECTION('',(0.,0.978825781418209,0.204695113842596));
#5195=DIRECTION('center_axis',(-1.,0.,0.));
#5196=DIRECTION('ref_axis',(0.,-1.,0.));
#5197=DIRECTION('',(0.,1.,0.));
#5198=DIRECTION('',(0.,-0.978825781418209,-0.204695113842596));
#5199=DIRECTION('',(0.,0.,1.));
#5200=DIRECTION('center_axis',(0.,0.,1.));
#5201=DIRECTION('ref_axis',(1.,0.,0.));
#5202=DIRECTION('center_axis',(0.,0.,-1.));
#5203=DIRECTION('ref_axis',(1.,0.,0.));
#5204=DIRECTION('center_axis',(0.,-0.204695113842596,0.978825781418209));
#5205=DIRECTION('ref_axis',(0.,0.978825781418209,0.204695113842596));
#5206=DIRECTION('center_axis',(0.,-0.204695113842596,0.978825781418209));
#5207=DIRECTION('ref_axis',(0.,0.978825781418209,0.204695113842596));
#5208=DIRECTION('center_axis',(0.,0.,1.));
#5209=DIRECTION('ref_axis',(-1.,1.26882631385733E-14,0.));
#5210=DIRECTION('center_axis',(0.,0.,-1.));
#5211=DIRECTION('ref_axis',(-1.,1.26882631385733E-14,0.));
#5212=DIRECTION('',(0.,0.,1.));
#5213=DIRECTION('center_axis',(0.,-0.204695113842596,0.978825781418209));
#5214=DIRECTION('ref_axis',(-1.24195990814539E-14,-0.978825781418208,-0.204695113842596));
#5215=DIRECTION('',(0.,0.,1.));
#5216=DIRECTION('center_axis',(1.,0.,0.));
#5217=DIRECTION('ref_axis',(0.,1.,0.));
#5218=DIRECTION('',(0.,-1.,0.));
#5219=DIRECTION('',(0.,0.,1.));
#5220=DIRECTION('',(0.,0.978825781418209,0.204695113842596));
#5221=DIRECTION('center_axis',(-1.,0.,0.));
#5222=DIRECTION('ref_axis',(0.,-1.,0.));
#5223=DIRECTION('',(0.,1.,0.));
#5224=DIRECTION('',(0.,-0.978825781418209,-0.204695113842596));
#5225=DIRECTION('',(0.,0.,1.));
#5226=DIRECTION('center_axis',(0.,0.,1.));
#5227=DIRECTION('ref_axis',(1.,-1.2688263138573E-14,0.));
#5228=DIRECTION('center_axis',(0.,0.,-1.));
#5229=DIRECTION('ref_axis',(1.,-1.2688263138573E-14,0.));
#5230=DIRECTION('center_axis',(0.,-0.204695113842596,0.978825781418209));
#5231=DIRECTION('ref_axis',(1.24195990814536E-14,0.978825781418209,0.204695113842596));
#5232=DIRECTION('center_axis',(0.,-0.204695113842596,0.978825781418209));
#5233=DIRECTION('ref_axis',(1.24195990814536E-14,0.978825781418209,0.204695113842596));
#5234=DIRECTION('center_axis',(0.,0.,1.));
#5235=DIRECTION('ref_axis',(-1.,6.34413156928664E-15,0.));
#5236=DIRECTION('center_axis',(0.,0.,-1.));
#5237=DIRECTION('ref_axis',(-1.,6.34413156928664E-15,0.));
#5238=DIRECTION('',(0.,0.,1.));
#5239=DIRECTION('center_axis',(0.,-0.204695113842596,0.978825781418209));
#5240=DIRECTION('ref_axis',(-6.20979954072692E-15,-0.978825781418209,-0.204695113842596));
#5241=DIRECTION('',(0.,0.,1.));
#5242=DIRECTION('center_axis',(1.,0.,0.));
#5243=DIRECTION('ref_axis',(0.,1.,0.));
#5244=DIRECTION('',(0.,-1.,0.));
#5245=DIRECTION('',(0.,0.,1.));
#5246=DIRECTION('',(0.,0.978825781418209,0.204695113842596));
#5247=DIRECTION('center_axis',(-1.,0.,0.));
#5248=DIRECTION('ref_axis',(0.,-1.,0.));
#5249=DIRECTION('',(0.,1.,0.));
#5250=DIRECTION('',(0.,-0.978825781418209,-0.204695113842596));
#5251=DIRECTION('',(0.,0.,1.));
#5252=DIRECTION('center_axis',(0.,0.,1.));
#5253=DIRECTION('ref_axis',(1.,-1.2688263138573E-14,0.));
#5254=DIRECTION('center_axis',(0.,0.,-1.));
#5255=DIRECTION('ref_axis',(1.,-1.2688263138573E-14,0.));
#5256=DIRECTION('center_axis',(0.,-0.204695113842596,0.978825781418209));
#5257=DIRECTION('ref_axis',(1.24195990814536E-14,0.978825781418208,0.204695113842596));
#5258=DIRECTION('center_axis',(0.,-0.204695113842596,0.978825781418209));
#5259=DIRECTION('ref_axis',(1.24195990814536E-14,0.978825781418208,0.204695113842596));
#5260=DIRECTION('center_axis',(0.,0.,1.));
#5261=DIRECTION('ref_axis',(-1.,6.34413156928663E-15,0.));
#5262=DIRECTION('center_axis',(0.,0.,-1.));
#5263=DIRECTION('ref_axis',(-1.,6.34413156928663E-15,0.));
#5264=DIRECTION('',(0.,0.,1.));
#5265=DIRECTION('center_axis',(0.,-0.204695113842596,0.978825781418209));
#5266=DIRECTION('ref_axis',(-6.20979954072691E-15,-0.978825781418209,-0.204695113842596));
#5267=DIRECTION('',(0.,0.,1.));
#5268=DIRECTION('center_axis',(1.,0.,0.));
#5269=DIRECTION('ref_axis',(0.,1.,0.));
#5270=DIRECTION('',(0.,-1.,0.));
#5271=DIRECTION('',(0.,0.,1.));
#5272=DIRECTION('',(0.,0.978825781418209,0.204695113842596));
#5273=DIRECTION('center_axis',(-1.,0.,0.));
#5274=DIRECTION('ref_axis',(0.,-1.,0.));
#5275=DIRECTION('',(0.,1.,0.));
#5276=DIRECTION('',(0.,-0.978825781418209,-0.204695113842596));
#5277=DIRECTION('',(0.,0.,1.));
#5278=DIRECTION('center_axis',(0.,0.,1.));
#5279=DIRECTION('ref_axis',(1.,0.,0.));
#5280=DIRECTION('center_axis',(0.,0.,-1.));
#5281=DIRECTION('ref_axis',(1.,0.,0.));
#5282=DIRECTION('center_axis',(0.,-0.204695113842596,0.978825781418209));
#5283=DIRECTION('ref_axis',(0.,0.978825781418209,0.204695113842596));
#5284=DIRECTION('center_axis',(0.,-0.204695113842596,0.978825781418209));
#5285=DIRECTION('ref_axis',(0.,0.978825781418209,0.204695113842596));
#5286=DIRECTION('center_axis',(0.,0.,1.));
#5287=DIRECTION('ref_axis',(-1.,6.34413156928663E-15,0.));
#5288=DIRECTION('center_axis',(0.,0.,-1.));
#5289=DIRECTION('ref_axis',(-1.,6.34413156928663E-15,0.));
#5290=DIRECTION('',(0.,0.,1.));
#5291=DIRECTION('center_axis',(0.,-0.204695113842596,0.978825781418209));
#5292=DIRECTION('ref_axis',(-6.20979954072691E-15,-0.978825781418209,-0.204695113842596));
#5293=DIRECTION('',(0.,0.,1.));
#5294=DIRECTION('center_axis',(1.,0.,0.));
#5295=DIRECTION('ref_axis',(0.,1.,0.));
#5296=DIRECTION('',(0.,-1.,0.));
#5297=DIRECTION('',(0.,0.,1.));
#5298=DIRECTION('',(0.,0.978825781418209,0.204695113842596));
#5299=DIRECTION('center_axis',(-1.,0.,0.));
#5300=DIRECTION('ref_axis',(0.,-1.,0.));
#5301=DIRECTION('',(0.,1.,0.));
#5302=DIRECTION('',(0.,-0.978825781418209,-0.204695113842596));
#5303=DIRECTION('',(0.,0.,1.));
#5304=DIRECTION('center_axis',(0.,0.,1.));
#5305=DIRECTION('ref_axis',(1.,-1.2688263138573E-14,0.));
#5306=DIRECTION('center_axis',(0.,0.,-1.));
#5307=DIRECTION('ref_axis',(1.,-1.2688263138573E-14,0.));
#5308=DIRECTION('center_axis',(0.,-0.204695113842596,0.978825781418209));
#5309=DIRECTION('ref_axis',(1.24195990814536E-14,0.978825781418209,0.204695113842596));
#5310=DIRECTION('center_axis',(0.,-0.204695113842596,0.978825781418209));
#5311=DIRECTION('ref_axis',(1.24195990814536E-14,0.978825781418209,0.204695113842596));
#5312=DIRECTION('center_axis',(0.,0.,1.));
#5313=DIRECTION('ref_axis',(-1.,6.34413156928664E-15,0.));
#5314=DIRECTION('center_axis',(0.,0.,-1.));
#5315=DIRECTION('ref_axis',(-1.,6.34413156928664E-15,0.));
#5316=DIRECTION('',(0.,0.,1.));
#5317=DIRECTION('center_axis',(0.,-0.204695113842596,0.978825781418209));
#5318=DIRECTION('ref_axis',(-6.20979954072692E-15,-0.978825781418209,-0.204695113842596));
#5319=DIRECTION('',(0.,0.,1.));
#5320=DIRECTION('center_axis',(1.,0.,0.));
#5321=DIRECTION('ref_axis',(0.,1.,0.));
#5322=DIRECTION('',(0.,-1.,0.));
#5323=DIRECTION('',(0.,0.,1.));
#5324=DIRECTION('',(0.,0.978825781418209,0.204695113842596));
#5325=DIRECTION('center_axis',(-1.,0.,0.));
#5326=DIRECTION('ref_axis',(0.,-1.,0.));
#5327=DIRECTION('',(0.,1.,0.));
#5328=DIRECTION('',(0.,-0.978825781418209,-0.204695113842596));
#5329=DIRECTION('',(0.,0.,1.));
#5330=DIRECTION('center_axis',(0.,0.,1.));
#5331=DIRECTION('ref_axis',(1.,-1.2688263138573E-14,0.));
#5332=DIRECTION('center_axis',(0.,0.,-1.));
#5333=DIRECTION('ref_axis',(1.,-1.2688263138573E-14,0.));
#5334=DIRECTION('center_axis',(0.,-0.204695113842596,0.978825781418209));
#5335=DIRECTION('ref_axis',(1.24195990814536E-14,0.978825781418208,0.204695113842596));
#5336=DIRECTION('center_axis',(0.,-0.204695113842596,0.978825781418209));
#5337=DIRECTION('ref_axis',(1.24195990814536E-14,0.978825781418208,0.204695113842596));
#5338=DIRECTION('center_axis',(0.,0.,1.));
#5339=DIRECTION('ref_axis',(-1.,1.26882631385733E-14,0.));
#5340=DIRECTION('center_axis',(0.,0.,-1.));
#5341=DIRECTION('ref_axis',(-1.,1.26882631385733E-14,0.));
#5342=DIRECTION('',(0.,0.,1.));
#5343=DIRECTION('center_axis',(0.,-0.204695113842596,0.978825781418209));
#5344=DIRECTION('ref_axis',(-1.24195990814539E-14,-0.978825781418208,-0.204695113842596));
#5345=DIRECTION('',(0.,0.,1.));
#5346=DIRECTION('center_axis',(-1.,0.,0.));
#5347=DIRECTION('ref_axis',(0.,-1.,0.));
#5348=DIRECTION('',(0.,1.,0.));
#5349=DIRECTION('',(0.,-0.978825781418209,-0.204695113842596));
#5350=DIRECTION('',(0.,0.,1.));
#5351=DIRECTION('center_axis',(0.,0.,1.));
#5352=DIRECTION('ref_axis',(1.,-1.26882631385731E-14,0.));
#5353=DIRECTION('center_axis',(0.,0.,-1.));
#5354=DIRECTION('ref_axis',(1.,-1.26882631385731E-14,0.));
#5355=DIRECTION('center_axis',(0.,-0.204695113842596,0.978825781418209));
#5356=DIRECTION('ref_axis',(1.24195990814537E-14,0.978825781418209,0.204695113842596));
#5357=DIRECTION('center_axis',(0.,-0.204695113842596,0.978825781418209));
#5358=DIRECTION('ref_axis',(1.24195990814537E-14,0.978825781418209,0.204695113842596));
#5359=DIRECTION('',(0.,0.,1.));
#5360=DIRECTION('center_axis',(-1.,0.,0.));
#5361=DIRECTION('ref_axis',(0.,0.,1.));
#5362=DIRECTION('',(0.,0.978825781418209,0.204695113842596));
#5363=DIRECTION('',(0.,0.994521895368273,-0.104528463267653));
#5364=DIRECTION('',(0.,-0.104528463267654,-0.994521895368273));
#5365=DIRECTION('',(0.,-0.994521895368273,0.104528463267653));
#5366=DIRECTION('',(0.,0.104528463267653,0.994521895368273));
#5367=DIRECTION('',(0.,-0.994521895368273,0.104528463267654));
#5368=DIRECTION('',(0.,0.104528463267653,0.994521895368273));
#5369=DIRECTION('',(0.,-0.957364850535445,-0.288881537934228));
#5370=DIRECTION('',(0.,0.,-1.));
#5371=DIRECTION('',(0.,0.978825781418209,0.204695113842596));
#5372=DIRECTION('',(0.,1.,0.));
#5373=DIRECTION('center_axis',(1.,0.,0.));
#5374=DIRECTION('ref_axis',(0.,0.,-1.));
#5375=DIRECTION('',(0.,-0.978825781418209,-0.204695113842596));
#5376=DIRECTION('',(0.,0.,1.));
#5377=DIRECTION('',(0.,0.957364850535445,0.288881537934228));
#5378=DIRECTION('',(0.,-0.104528463267653,-0.994521895368273));
#5379=DIRECTION('',(0.,0.994521895368273,-0.104528463267654));
#5380=DIRECTION('',(0.,-0.104528463267653,-0.994521895368273));
#5381=DIRECTION('',(0.,0.994521895368273,-0.104528463267653));
#5382=DIRECTION('',(0.,0.104528463267654,0.994521895368273));
#5383=DIRECTION('',(0.,-0.994521895368273,0.104528463267653));
#5384=DIRECTION('',(0.,-0.978825781418209,-0.204695113842596));
#5385=DIRECTION('',(0.,-1.,0.));
#5386=DIRECTION('center_axis',(0.,-0.204695113842596,0.978825781418209));
#5387=DIRECTION('ref_axis',(0.,-0.978825781418209,-0.204695113842596));
#5388=DIRECTION('',(1.,0.,0.));
#5389=DIRECTION('center_axis',(0.,-0.204695113842596,0.978825781418209));
#5390=DIRECTION('ref_axis',(0.,-0.978825781418209,-0.204695113842596));
#5391=DIRECTION('',(1.,0.,0.));
#5392=DIRECTION('center_axis',(0.,-0.204695113842596,0.978825781418209));
#5393=DIRECTION('ref_axis',(0.,-0.978825781418209,-0.204695113842596));
#5394=DIRECTION('',(1.,0.,0.));
#5395=DIRECTION('',(1.,0.,0.));
#5396=DIRECTION('',(1.,0.,0.));
#5397=DIRECTION('',(1.,0.,0.));
#5398=DIRECTION('',(1.,0.,0.));
#5399=DIRECTION('',(1.,0.,0.));
#5400=DIRECTION('',(1.,0.,0.));
#5401=DIRECTION('',(1.,0.,0.));
#5402=DIRECTION('',(1.,0.,0.));
#5403=DIRECTION('',(-1.,0.,0.));
#5404=DIRECTION('',(1.0517481917809E-16,-0.978825781418209,-0.204695113842596));
#5405=DIRECTION('',(-1.,0.,0.));
#5406=DIRECTION('',(-1.0517481917809E-16,0.978825781418209,0.204695113842596));
#5407=DIRECTION('',(-1.,0.,0.));
#5408=DIRECTION('center_axis',(1.,1.09864786739473E-16,-1.1547254392879E-17));
#5409=DIRECTION('ref_axis',(0.,-0.104528463267653,-0.994521895368273));
#5410=DIRECTION('',(-7.81140526708347E-17,0.629320391049839,-0.77714596145697));
#5411=DIRECTION('',(-7.70371977754894E-33,-0.104528463267653,-0.994521895368273));
#5412=DIRECTION('',(-1.10469952699021E-16,0.994521895368273,-0.104528463267653));
#5413=DIRECTION('',(-2.43890815243893E-34,-0.104528463267653,-0.994521895368273));
#5414=DIRECTION('',(-1.10469952699021E-16,0.994521895368273,-0.104528463267653));
#5415=DIRECTION('',(0.,-0.104528463267653,-0.994521895368273));
#5416=DIRECTION('',(-1.10469952699021E-16,0.994521895368273,-0.104528463267654));
#5417=DIRECTION('center_axis',(1.54074395550979E-33,-0.104528463267653,
-0.994521895368273));
#5418=DIRECTION('ref_axis',(-1.,-7.88672219094077E-17,8.2892790463167E-18));
#5419=DIRECTION('',(-1.,-1.61051597958364E-34,-1.53230359891081E-33));
#5420=DIRECTION('',(-1.,-7.88672219094077E-17,8.2892790463167E-18));
#5421=DIRECTION('center_axis',(-1.10469952699021E-16,0.994521895368273,
-0.104528463267653));
#5422=DIRECTION('ref_axis',(0.,0.104528463267653,0.994521895368273));
#5423=DIRECTION('',(1.,-1.23259516440783E-32,1.54074395550979E-33));
#5424=DIRECTION('center_axis',(-1.,-1.09864786739473E-16,1.1547254392879E-17));
#5425=DIRECTION('ref_axis',(0.,0.104528463267654,0.994521895368273));
#5426=DIRECTION('',(7.81140526708348E-17,-0.629320391049839,0.77714596145697));
#5427=DIRECTION('',(1.10469952699021E-16,-0.994521895368273,0.104528463267654));
#5428=DIRECTION('',(-3.23556230657056E-32,-0.104528463267654,-0.994521895368273));
#5429=DIRECTION('',(-1.10469952699021E-16,0.994521895368273,-0.104528463267653));
#5430=DIRECTION('',(6.62519900869209E-32,0.104528463267653,0.994521895368273));
#5431=DIRECTION('center_axis',(0.,0.104528463267653,0.994521895368273));
#5432=DIRECTION('ref_axis',(1.,0.,0.));
#5433=DIRECTION('',(1.,0.,0.));
#5434=DIRECTION('center_axis',(1.,1.09864786739473E-16,-1.1547254392879E-17));
#5435=DIRECTION('ref_axis',(0.,-0.104528463267653,-0.994521895368273));
#5436=DIRECTION('',(-7.81140526708347E-17,0.629320391049839,-0.77714596145697));
#5437=DIRECTION('',(-7.70371977754894E-33,-0.104528463267653,-0.994521895368273));
#5438=DIRECTION('',(-1.10469952699021E-16,0.994521895368273,-0.104528463267653));
#5439=DIRECTION('',(-2.61926472436664E-32,0.104528463267654,0.994521895368273));
#5440=DIRECTION('',(-1.10469952699021E-16,0.994521895368273,-0.104528463267654));
#5441=DIRECTION('center_axis',(0.,0.104528463267653,0.994521895368273));
#5442=DIRECTION('ref_axis',(1.,0.,0.));
#5443=DIRECTION('',(1.,0.,0.));
#5444=DIRECTION('',(-1.10469952699021E-16,0.994521895368273,-0.104528463267653));
#5445=DIRECTION('',(1.,-1.23259516440783E-32,1.54074395550979E-33));
#5446=DIRECTION('center_axis',(-1.,-1.09864786739473E-16,1.1547254392879E-17));
#5447=DIRECTION('ref_axis',(0.,0.104528463267654,0.994521895368273));
#5448=DIRECTION('',(7.81140526708348E-17,-0.629320391049839,0.77714596145697));
#5449=DIRECTION('',(1.10469952699021E-16,-0.994521895368273,0.104528463267654));
#5450=DIRECTION('',(5.8548270309372E-32,0.104528463267653,0.994521895368273));
#5451=DIRECTION('',(-1.10469952699021E-16,0.994521895368273,-0.104528463267653));
#5452=DIRECTION('',(2.43890815243887E-34,0.104528463267654,0.994521895368273));
#5453=DIRECTION('',(6.62519900869209E-32,0.104528463267653,0.994521895368273));
#5454=DIRECTION('center_axis',(6.16297582203915E-33,-0.104528463267653,
-0.994521895368273));
#5455=DIRECTION('ref_axis',(-1.,-2.76035276682927E-16,2.90124766621085E-17));
#5456=DIRECTION('',(-1.,-6.44206391833456E-34,-6.12921439564322E-33));
#5457=DIRECTION('',(-1.,-2.76035276682927E-16,2.90124766621085E-17));
#5458=DIRECTION('center_axis',(-1.10469952699021E-16,0.994521895368273,
-0.104528463267653));
#5459=DIRECTION('ref_axis',(0.,0.104528463267653,0.994521895368273));
#5460=DIRECTION('center_axis',(0.,0.994521895368273,-0.104528463267653));
#5461=DIRECTION('ref_axis',(1.,0.,0.));
#5462=DIRECTION('',(1.,0.,0.));
#5463=DIRECTION('center_axis',(0.,0.994521895368273,-0.104528463267653));
#5464=DIRECTION('ref_axis',(-2.53765262771465E-15,0.104528463267654,0.994521895368273));
#5465=DIRECTION('',(0.,-0.104528463267653,-0.994521895368273));
#5466=DIRECTION('center_axis',(0.,0.994521895368273,-0.104528463267653));
#5467=DIRECTION('ref_axis',(1.,-1.32628464741068E-16,-1.26187555055052E-15));
#5468=DIRECTION('',(-1.,0.,0.));
#5469=DIRECTION('',(0.,-0.104528463267653,-0.994521895368273));
#5470=DIRECTION('',(-1.,0.,0.));
#5471=DIRECTION('center_axis',(7.28949713064247E-17,0.994521895368273,-0.104528463267654));
#5472=DIRECTION('ref_axis',(1.,-1.08031785821439E-18,6.87091049627037E-16));
#5473=DIRECTION('',(0.,-0.104528463267653,-0.994521895368273));
#5474=DIRECTION('center_axis',(0.,0.994521895368273,-0.104528463267653));
#5475=DIRECTION('ref_axis',(6.83214169000096E-16,0.104528463267654,0.994521895368273));
#5476=DIRECTION('',(1.,0.,0.));
#5477=DIRECTION('center_axis',(0.,0.77714596145697,0.629320391049839));
#5478=DIRECTION('ref_axis',(1.,0.,0.));
#5479=DIRECTION('',(1.,0.,0.));
#5480=DIRECTION('',(3.14018491736755E-15,0.629320391049839,-0.77714596145697));
#5481=DIRECTION('',(-1.,0.,0.));
#5482=DIRECTION('center_axis',(0.,0.77714596145697,0.629320391049839));
#5483=DIRECTION('ref_axis',(1.,0.,0.));
#5484=DIRECTION('',(1.,0.,0.));
#5485=DIRECTION('',(-1.,0.,0.));
#5486=DIRECTION('center_axis',(0.,0.77714596145697,0.629320391049839));
#5487=DIRECTION('ref_axis',(1.,0.,0.));
#5488=DIRECTION('',(-1.,0.,0.));
#5489=DIRECTION('',(0.,0.629320391049839,-0.77714596145697));
#5490=DIRECTION('',(1.,0.,0.));
#5491=DIRECTION('center_axis',(0.,0.104528463267654,0.994521895368273));
#5492=DIRECTION('ref_axis',(1.,0.,0.));
#5493=DIRECTION('',(0.,0.994521895368273,-0.104528463267653));
#5494=DIRECTION('',(1.,0.,0.));
#5495=DIRECTION('center_axis',(0.,0.104528463267654,0.994521895368273));
#5496=DIRECTION('ref_axis',(1.,0.,0.));
#5497=DIRECTION('',(1.,0.,0.));
#5498=DIRECTION('center_axis',(0.,0.104528463267654,0.994521895368273));
#5499=DIRECTION('ref_axis',(1.,0.,0.));
#5500=DIRECTION('',(0.,0.994521895368273,-0.104528463267653));
#5501=DIRECTION('center_axis',(0.,0.288881537934228,-0.957364850535445));
#5502=DIRECTION('ref_axis',(0.,0.957364850535445,0.288881537934228));
#5503=DIRECTION('',(-1.,0.,0.));
#5504=DIRECTION('',(1.,0.,0.));
#5505=DIRECTION('center_axis',(0.,1.,0.));
#5506=DIRECTION('ref_axis',(0.,0.,1.));
#5507=DIRECTION('center_axis',(0.,-0.994521895368273,0.104528463267654));
#5508=DIRECTION('ref_axis',(0.,-0.104528463267654,-0.994521895368273));
#5509=DIRECTION('center_axis',(0.,0.994521895368273,-0.104528463267653));
#5510=DIRECTION('ref_axis',(1.,0.,0.));
#5511=DIRECTION('center_axis',(0.,0.994521895368273,-0.104528463267653));
#5512=DIRECTION('ref_axis',(-1.,-2.85661308673068E-16,-2.71788580118574E-15));
#5513=DIRECTION('',(0.,0.104528463267653,0.994521895368273));
#5514=DIRECTION('center_axis',(-7.28949713064246E-17,0.994521895368273,
-0.104528463267654));
#5515=DIRECTION('ref_axis',(1.36642833800019E-15,-0.104528463267654,-0.994521895368273));
#5516=DIRECTION('',(-1.,0.,0.));
#5517=DIRECTION('',(0.,0.104528463267653,0.994521895368273));
#5518=DIRECTION('',(-1.,0.,0.));
#5519=DIRECTION('center_axis',(0.,0.994521895368273,-0.104528463267653));
#5520=DIRECTION('ref_axis',(-2.53765262771464E-15,-0.104528463267654,-0.994521895368273));
#5521=DIRECTION('',(0.,0.104528463267653,0.994521895368273));
#5522=DIRECTION('center_axis',(0.,0.994521895368273,-0.104528463267653));
#5523=DIRECTION('ref_axis',(-1.,-5.30513858964273E-16,-5.0475022022021E-15));
#5524=DIRECTION('',(1.,0.,0.));
#5525=DIRECTION('center_axis',(0.,0.994521895368273,-0.104528463267653));
#5526=DIRECTION('ref_axis',(1.,0.,0.));
#5527=DIRECTION('',(1.,0.,0.));
#5528=DIRECTION('center_axis',(7.65804423802549E-16,0.994521895368273,-0.104528463267654));
#5529=DIRECTION('ref_axis',(-1.,2.31095408077245E-16,-5.12755056178575E-15));
#5530=DIRECTION('',(0.,0.104528463267653,0.994521895368273));
#5531=DIRECTION('center_axis',(-9.24407713034719E-16,0.994521895368273,
-0.104528463267654));
#5532=DIRECTION('ref_axis',(-2.53765262771464E-15,-0.104528463267654,-0.994521895368273));
#5533=DIRECTION('',(-1.,0.,0.));
#5534=DIRECTION('',(0.,0.104528463267653,0.994521895368273));
#5535=DIRECTION('',(-1.,2.46460068466899E-18,-2.59039970197397E-19));
#5536=DIRECTION('',(0.,0.104528463267653,0.994521895368273));
#5537=DIRECTION('center_axis',(0.,-0.994521895368273,0.104528463267653));
#5538=DIRECTION('ref_axis',(-1.07850667487998E-16,0.104528463267654,0.994521895368273));
#5539=DIRECTION('',(1.,0.,0.));
#5540=DIRECTION('center_axis',(0.,-0.994521895368273,0.104528463267653));
#5541=DIRECTION('ref_axis',(1.07850667487998E-16,0.104528463267654,0.994521895368273));
#5542=DIRECTION('',(0.,-0.104528463267653,-0.994521895368273));
#5543=DIRECTION('',(-1.,2.46460068466899E-18,-2.59039970197397E-19));
#5544=DIRECTION('',(0.,-0.104528463267653,-0.994521895368273));
#5545=DIRECTION('',(-1.,0.,0.));
#5546=DIRECTION('center_axis',(9.2440771303472E-16,0.994521895368273,-0.104528463267654));
#5547=DIRECTION('ref_axis',(1.,-1.05197217560141E-15,-1.16524863287423E-15));
#5548=DIRECTION('',(0.,-0.104528463267653,-0.994521895368273));
#5549=DIRECTION('center_axis',(-7.65804423802548E-16,0.994521895368273,
-0.104528463267654));
#5550=DIRECTION('ref_axis',(-2.53765262771465E-15,0.104528463267654,0.994521895368273));
#5551=DIRECTION('',(1.,0.,0.));
#5552=DIRECTION('center_axis',(0.,0.104528463267654,0.994521895368273));
#5553=DIRECTION('ref_axis',(1.,0.,0.));
#5554=DIRECTION('',(0.,0.994521895368273,-0.104528463267654));
#5555=DIRECTION('center_axis',(0.,0.104528463267654,0.994521895368273));
#5556=DIRECTION('ref_axis',(1.,0.,0.));
#5557=DIRECTION('',(0.,0.994521895368273,-0.104528463267654));
#5558=DIRECTION('center_axis',(0.707106781186545,0.70710678118655,0.));
#5559=DIRECTION('ref_axis',(0.,0.,-1.));
#5560=DIRECTION('',(-0.70710678118655,0.707106781186545,2.61682076447297E-15));
#5561=DIRECTION('',(0.,0.,1.));
#5562=DIRECTION('',(0.70710678118655,-0.707106781186545,-6.54205191118241E-16));
#5563=DIRECTION('',(0.,0.,-1.));
#5564=DIRECTION('center_axis',(0.,1.,0.));
#5565=DIRECTION('ref_axis',(-0.707106781186547,0.,-0.707106781186548));
#5566=DIRECTION('',(-0.194221248814657,0.707106781186545,-0.679910366525529));
#5567=DIRECTION('center_axis',(0.,1.,0.));
#5568=DIRECTION('ref_axis',(-0.707106781186547,0.,-0.707106781186548));
#5569=DIRECTION('center_axis',(0.,-1.,0.));
#5570=DIRECTION('ref_axis',(-0.707106781186547,0.,-0.707106781186548));
#5571=DIRECTION('center_axis',(0.,1.,0.));
#5572=DIRECTION('ref_axis',(0.707106781186547,0.,-0.707106781186548));
#5573=DIRECTION('',(-0.194221248814657,-0.707106781186545,0.679910366525529));
#5574=DIRECTION('center_axis',(0.,-1.,0.));
#5575=DIRECTION('ref_axis',(0.707106781186547,0.,-0.707106781186548));
#5576=DIRECTION('',(0.70710678118655,0.707106781186545,0.));
#5577=DIRECTION('center_axis',(0.,1.,0.));
#5578=DIRECTION('ref_axis',(0.707106781186547,0.,-0.707106781186548));
#5579=DIRECTION('center_axis',(-0.707106781186545,0.70710678118655,0.));
#5580=DIRECTION('ref_axis',(0.,0.,1.));
#5581=DIRECTION('',(0.70710678118655,0.707106781186545,6.54205191118241E-16));
#5582=DIRECTION('',(0.,0.,-1.));
#5583=DIRECTION('',(0.,0.,1.));
#5584=DIRECTION('center_axis',(0.,1.,0.));
#5585=DIRECTION('ref_axis',(0.707106781186547,0.,0.707106781186548));
#5586=DIRECTION('center_axis',(0.,-1.,0.));
#5587=DIRECTION('ref_axis',(0.707106781186547,0.,0.707106781186548));
#5588=DIRECTION('',(0.,0.707106781186545,0.70710678118655));
#5589=DIRECTION('center_axis',(0.,1.,0.));
#5590=DIRECTION('ref_axis',(0.707106781186547,0.,0.707106781186548));
#5591=DIRECTION('center_axis',(0.,0.70710678118655,-0.707106781186545));
#5592=DIRECTION('ref_axis',(-1.,0.,0.));
#5593=DIRECTION('',(0.,0.707106781186545,0.70710678118655));
#5594=DIRECTION('',(1.,0.,0.));
#5595=DIRECTION('',(-1.,0.,0.));
#5596=DIRECTION('center_axis',(0.,1.,0.));
#5597=DIRECTION('ref_axis',(-0.707106781186547,0.,0.707106781186548));
#5598=DIRECTION('center_axis',(0.,-1.,0.));
#5599=DIRECTION('ref_axis',(-0.707106781186547,0.,0.707106781186548));
#5600=DIRECTION('center_axis',(0.,1.,0.));
#5601=DIRECTION('ref_axis',(-0.707106781186547,0.,0.707106781186548));
#5602=DIRECTION('',(0.,0.705138032878496,-0.709070063243573));
#5603=DIRECTION('',(-1.31206346944233E-15,-0.705138032878496,0.709070063243573));
#5604=DIRECTION('center_axis',(0.,1.,0.));
#5605=DIRECTION('ref_axis',(-0.707106781186547,0.,0.707106781186548));
#5606=DIRECTION('',(0.,-1.,0.));
#5607=DIRECTION('center_axis',(0.,0.923879532511287,-0.38268343236509));
#5608=DIRECTION('ref_axis',(0.,0.38268343236509,0.923879532511287));
#5609=DIRECTION('',(0.,1.,0.));
#5610=DIRECTION('center_axis',(0.,0.,1.));
#5611=DIRECTION('ref_axis',(0.,-1.,0.));
#5612=DIRECTION('',(0.,1.,0.));
#5613=DIRECTION('',(1.,0.,0.));
#5614=DIRECTION('center_axis',(0.,-1.,0.));
#5615=DIRECTION('ref_axis',(0.707106781186547,0.,0.707106781186548));
#5616=DIRECTION('',(0.,-1.,0.));
#5617=DIRECTION('center_axis',(2.15764064738649E-15,-0.923879532511286,
0.382683432365092));
#5618=DIRECTION('ref_axis',(5.20900531364789E-15,0.382683432365092,0.923879532511286));
#5619=DIRECTION('center_axis',(1.,0.,0.));
#5620=DIRECTION('ref_axis',(0.,0.,-1.));
#5621=DIRECTION('',(0.,1.,0.));
#5622=DIRECTION('',(0.,0.707106781186548,-0.707106781186548));
#5623=DIRECTION('',(0.,0.,-1.));
#5624=DIRECTION('',(0.,0.707106781186547,-0.707106781186548));
#5625=DIRECTION('',(0.,1.,0.));
#5626=DIRECTION('',(0.,-0.104528463267653,-0.994521895368273));
#5627=DIRECTION('',(0.,-0.994521895368273,0.104528463267653));
#5628=DIRECTION('',(0.,-0.707106781186548,0.707106781186548));
#5629=DIRECTION('center_axis',(1.,0.,0.));
#5630=DIRECTION('ref_axis',(0.,0.707106781186549,-0.707106781186546));
#5631=DIRECTION('',(1.,0.,0.));
#5632=DIRECTION('',(-1.,0.,0.));
#5633=DIRECTION('',(1.,0.,0.));
#5634=DIRECTION('center_axis',(0.,-1.,0.));
#5635=DIRECTION('ref_axis',(-0.707106781186547,0.,-0.707106781186548));
#5636=DIRECTION('',(0.,-1.,0.));
#5637=DIRECTION('center_axis',(0.,-0.923879532511287,0.38268343236509));
#5638=DIRECTION('ref_axis',(0.,0.38268343236509,0.923879532511287));
#5639=DIRECTION('',(0.,1.,0.));
#5640=DIRECTION('center_axis',(0.,-0.707106781186548,0.707106781186548));
#5641=DIRECTION('ref_axis',(-0.707106781186547,-0.5,-0.5));
#5642=DIRECTION('',(0.,-0.707106781186548,0.707106781186548));
#5643=DIRECTION('center_axis',(0.,-0.382683432365089,0.923879532511287));
#5644=DIRECTION('ref_axis',(0.,0.923879532511287,0.382683432365089));
#5645=DIRECTION('',(0.,0.707106781186547,-0.707106781186547));
#5646=DIRECTION('center_axis',(0.,0.,1.));
#5647=DIRECTION('ref_axis',(-0.707106781186547,-0.707106781186548,0.));
#5648=DIRECTION('',(0.,0.,1.));
#5649=DIRECTION('center_axis',(3.20535102804362E-16,-0.382683432365088,
0.923879532511288));
#5650=DIRECTION('ref_axis',(7.7384019240695E-16,-0.923879532511288,-0.382683432365088));
#5651=DIRECTION('',(0.,0.,-1.));
#5652=DIRECTION('center_axis',(0.,-0.707106781186547,0.707106781186548));
#5653=DIRECTION('ref_axis',(-0.707106781186548,-0.499999999999999,-0.5));
#5654=DIRECTION('',(0.,-0.707106781186547,0.707106781186548));
#5655=DIRECTION('center_axis',(-1.06215989438576E-16,-0.923879532511287,
0.382683432365089));
#5656=DIRECTION('ref_axis',(-2.56428082243487E-16,-0.382683432365088,-0.923879532511287));
#5657=DIRECTION('',(0.,0.707106781186547,-0.707106781186548));
#5658=DIRECTION('center_axis',(0.,-1.,0.));
#5659=DIRECTION('ref_axis',(-0.707106781186548,0.,-0.707106781186548));
#5660=DIRECTION('',(0.,-1.,0.));
#5661=DIRECTION('center_axis',(0.,-0.994521895368273,0.104528463267653));
#5662=DIRECTION('ref_axis',(-6.90088191707317E-17,-0.104528463267653,-0.994521895368273));
#5663=DIRECTION('',(0.,1.,0.));
#5664=DIRECTION('center_axis',(0.,0.,-1.));
#5665=DIRECTION('ref_axis',(0.,1.,0.));
#5666=DIRECTION('',(1.,0.,0.));
#5667=DIRECTION('',(0.,-1.,0.));
#5668=DIRECTION('center_axis',(0.,-0.707106781186548,-0.707106781186548));
#5669=DIRECTION('ref_axis',(0.,0.707106781186548,-0.707106781186548));
#5670=DIRECTION('',(1.,0.,0.));
#5671=DIRECTION('',(0.,-0.707106781186547,0.707106781186547));
#5672=DIRECTION('center_axis',(0.,-1.,0.));
#5673=DIRECTION('ref_axis',(0.,0.,-1.));
#5674=DIRECTION('',(1.,0.,0.));
#5675=DIRECTION('',(0.,0.,1.));
#5676=DIRECTION('center_axis',(0.,-0.707106781186548,-0.707106781186547));
#5677=DIRECTION('ref_axis',(0.,0.707106781186547,-0.707106781186548));
#5678=DIRECTION('',(1.,0.,0.));
#5679=DIRECTION('',(0.,-0.707106781186547,0.707106781186548));
#5680=DIRECTION('center_axis',(0.,0.,-1.));
#5681=DIRECTION('ref_axis',(0.,1.,0.));
#5682=DIRECTION('',(-1.,0.,0.));
#5683=DIRECTION('',(0.,-1.,0.));
#5684=DIRECTION('center_axis',(0.,1.,0.));
#5685=DIRECTION('ref_axis',(0.707106781186548,0.,-0.707106781186548));
#5686=DIRECTION('center_axis',(0.,-0.994521895368273,0.104528463267653));
#5687=DIRECTION('ref_axis',(6.90088191707317E-17,-0.104528463267653,-0.994521895368273));
#5688=DIRECTION('center_axis',(3.18647968315729E-16,0.923879532511287,-0.382683432365088));
#5689=DIRECTION('ref_axis',(7.69284246730468E-16,-0.382683432365088,-0.923879532511288));
#5690=DIRECTION('center_axis',(0.,0.707106781186547,-0.707106781186548));
#5691=DIRECTION('ref_axis',(0.707106781186548,-0.499999999999999,-0.5));
#5692=DIRECTION('center_axis',(0.,0.382683432365088,-0.923879532511288));
#5693=DIRECTION('ref_axis',(0.,-0.923879532511288,-0.382683432365088));
#5694=DIRECTION('center_axis',(0.,0.,-1.));
#5695=DIRECTION('ref_axis',(0.707106781186547,-0.707106781186548,0.));
#5696=DIRECTION('center_axis',(2.56428082243489E-16,0.382683432365089,-0.923879532511287));
#5697=DIRECTION('ref_axis',(6.19072153925557E-16,0.923879532511287,0.382683432365089));
#5698=DIRECTION('center_axis',(0.,0.707106781186548,-0.707106781186548));
#5699=DIRECTION('ref_axis',(0.707106781186547,-0.5,-0.5));
#5700=DIRECTION('center_axis',(0.,0.923879532511287,-0.38268343236509));
#5701=DIRECTION('ref_axis',(0.,0.38268343236509,0.923879532511287));
#5702=DIRECTION('center_axis',(0.,1.,0.));
#5703=DIRECTION('ref_axis',(0.707106781186547,0.,-0.707106781186548));
#5704=DIRECTION('center_axis',(0.,0.707106781186548,-0.707106781186548));
#5705=DIRECTION('ref_axis',(-0.707106781186548,0.499999999999999,0.500000000000001));
#5706=DIRECTION('',(0.,-0.707106781186548,0.707106781186548));
#5707=DIRECTION('',(0.,0.707106781186548,-0.707106781186548));
#5708=DIRECTION('center_axis',(0.,0.707106781186548,0.707106781186548));
#5709=DIRECTION('ref_axis',(0.,-0.707106781186548,0.707106781186548));
#5710=DIRECTION('',(0.,0.707106781186548,-0.707106781186548));
#5711=DIRECTION('center_axis',(0.,-0.707106781186548,0.707106781186548));
#5712=DIRECTION('ref_axis',(0.707106781186548,0.499999999999999,0.500000000000001));
#5713=DIRECTION('center_axis',(-1.,0.,0.));
#5714=DIRECTION('ref_axis',(0.,0.,1.));
#5715=DIRECTION('',(0.,0.994521895368273,-0.104528463267653));
#5716=DIRECTION('',(0.,0.104528463267653,0.994521895368273));
#5717=DIRECTION('center_axis',(0.,-0.104528463267653,-0.994521895368273));
#5718=DIRECTION('ref_axis',(-1.,2.46460068466899E-18,-2.59039970197397E-19));
#5719=DIRECTION('',(-1.,0.,0.));
#5720=DIRECTION('',(0.,0.994521895368273,-0.104528463267653));
#5721=DIRECTION('center_axis',(0.,-0.104528463267653,-0.994521895368273));
#5722=DIRECTION('ref_axis',(-1.,2.46460068466899E-18,-2.59039970197397E-19));
#5723=DIRECTION('',(0.,0.994521895368273,-0.104528463267653));
#5724=DIRECTION('',(-1.,0.,0.));
#5725=DIRECTION('center_axis',(-1.,0.,0.));
#5726=DIRECTION('ref_axis',(0.,0.104528463267653,0.994521895368273));
#5727=DIRECTION('',(0.,0.994521895368273,-0.104528463267654));
#5728=DIRECTION('',(0.,0.994521895368273,-0.104528463267654));
#5729=DIRECTION('',(0.,0.77714596145697,0.629320391049839));
#5730=DIRECTION('',(0.,0.104528463267653,0.994521895368273));
#5731=DIRECTION('center_axis',(1.,0.,0.));
#5732=DIRECTION('ref_axis',(0.,-0.104528463267653,-0.994521895368273));
#5733=DIRECTION('',(0.,0.994521895368273,-0.104528463267654));
#5734=DIRECTION('',(0.,-0.104528463267653,-0.994521895368273));
#5735=DIRECTION('',(0.,-0.77714596145697,-0.629320391049839));
#5736=DIRECTION('',(0.,-0.994521895368273,0.104528463267654));
#5737=DIRECTION('center_axis',(0.,-0.104528463267654,-0.994521895368273));
#5738=DIRECTION('ref_axis',(-1.,0.,0.));
#5739=DIRECTION('',(1.,0.,0.));
#5740=DIRECTION('',(0.,0.994521895368273,-0.104528463267653));
#5741=DIRECTION('center_axis',(0.,0.629320391049839,-0.77714596145697));
#5742=DIRECTION('ref_axis',(-1.,0.,0.));
#5743=DIRECTION('',(-1.,0.,0.));
#5744=DIRECTION('',(3.14018491736754E-15,0.77714596145697,0.629320391049839));
#5745=DIRECTION('center_axis',(0.,0.994521895368273,-0.104528463267654));
#5746=DIRECTION('ref_axis',(-1.,-5.30513858964273E-16,-5.0475022022021E-15));
#5747=DIRECTION('',(0.,0.994521895368273,-0.104528463267654));
#5748=DIRECTION('center_axis',(0.,0.994521895368273,-0.104528463267654));
#5749=DIRECTION('ref_axis',(-2.53765262771465E-15,0.104528463267654,0.994521895368273));
#5750=DIRECTION('',(0.,0.994521895368273,-0.104528463267654));
#5751=DIRECTION('center_axis',(1.,0.,0.));
#5752=DIRECTION('ref_axis',(0.,-0.104528463267653,-0.994521895368273));
#5753=DIRECTION('',(0.,0.994521895368273,-0.104528463267654));
#5754=DIRECTION('center_axis',(0.,0.994521895368273,-0.104528463267654));
#5755=DIRECTION('ref_axis',(1.,-1.32628464741068E-16,-1.26187555055052E-15));
#5756=DIRECTION('',(0.,0.994521895368273,-0.104528463267654));
#5757=DIRECTION('center_axis',(0.,-0.104528463267654,-0.994521895368273));
#5758=DIRECTION('ref_axis',(-1.,0.,0.));
#5759=DIRECTION('center_axis',(-1.,0.,0.));
#5760=DIRECTION('ref_axis',(0.,0.104528463267653,0.994521895368273));
#5761=DIRECTION('',(0.,0.994521895368273,-0.104528463267654));
#5762=DIRECTION('center_axis',(0.,0.994521895368273,-0.104528463267654));
#5763=DIRECTION('ref_axis',(-2.53765262771464E-15,-0.104528463267654,-0.994521895368273));
#5764=DIRECTION('',(0.,0.994521895368273,-0.104528463267654));
#5765=DIRECTION('center_axis',(0.,-0.104528463267654,-0.994521895368273));
#5766=DIRECTION('ref_axis',(-1.,0.,0.));
#5767=DIRECTION('center_axis',(0.707106781186549,0.703233176253403,-0.0739127852035666));
#5768=DIRECTION('ref_axis',(0.,-0.104528463267653,-0.994521895368273));
#5769=DIRECTION('',(0.,0.104528463267653,0.994521895368273));
#5770=DIRECTION('',(-0.707106781186546,0.703233176253406,-0.0739127852035645));
#5771=DIRECTION('',(-5.88784672006414E-17,-0.104528463267653,-0.994521895368273));
#5772=DIRECTION('',(-0.707106781186546,0.703233176253406,-0.0739127852035583));
#5773=DIRECTION('center_axis',(0.,-0.994521895368274,0.10452846326765));
#5774=DIRECTION('ref_axis',(2.85485920617897E-15,0.104528463267654,0.994521895368273));
#5775=DIRECTION('center_axis',(0.,-0.994521895368273,0.104528463267654));
#5776=DIRECTION('ref_axis',(6.83214169000096E-16,0.104528463267654,0.994521895368273));
#5777=DIRECTION('center_axis',(0.,0.994521895368273,-0.104528463267653));
#5778=DIRECTION('ref_axis',(2.85485920617897E-15,0.104528463267654,0.994521895368273));
#5779=DIRECTION('center_axis',(0.,-0.994521895368274,0.10452846326765));
#5780=DIRECTION('ref_axis',(-1.,5.1343309826183E-16,1.22185137075869E-15));
#5781=DIRECTION('center_axis',(0.,-0.994521895368273,0.104528463267654));
#5782=DIRECTION('ref_axis',(-1.,-2.85661308673068E-16,-2.71788580118574E-15));
#5783=DIRECTION('center_axis',(0.,0.994521895368273,-0.104528463267653));
#5784=DIRECTION('ref_axis',(-1.,5.1343309826183E-16,1.22185137075869E-15));
#5785=DIRECTION('',(0.707106781186546,0.703233176253406,-0.0739127852035583));
#5786=DIRECTION('center_axis',(-0.707106781186549,0.703233176253403,-0.0739127852035666));
#5787=DIRECTION('ref_axis',(0.,0.104528463267653,0.994521895368273));
#5788=DIRECTION('',(0.,-0.104528463267653,-0.994521895368273));
#5789=DIRECTION('',(-5.88784672006415E-17,0.104528463267653,0.994521895368273));
#5790=DIRECTION('',(0.707106781186546,0.703233176253406,-0.0739127852035708));
#5791=DIRECTION('center_axis',(0.,-0.994521895368274,0.10452846326765));
#5792=DIRECTION('ref_axis',(2.53765262771465E-15,-0.104528463267654,-0.994521895368273));
#5793=DIRECTION('center_axis',(0.,-0.994521895368273,0.104528463267654));
#5794=DIRECTION('ref_axis',(1.36642833800019E-15,-0.104528463267654,-0.994521895368273));
#5795=DIRECTION('center_axis',(0.,0.994521895368273,-0.104528463267653));
#5796=DIRECTION('ref_axis',(2.53765262771465E-15,-0.104528463267654,-0.994521895368273));
#5797=DIRECTION('',(0.,0.77714596145697,0.629320391049839));
#5798=DIRECTION('center_axis',(0.,0.629320391049839,-0.77714596145697));
#5799=DIRECTION('ref_axis',(-1.,0.,0.));
#5800=DIRECTION('',(1.,0.,0.));
#5801=DIRECTION('',(-1.,0.,0.));
#5802=DIRECTION('center_axis',(0.,-0.994521895368274,0.10452846326765));
#5803=DIRECTION('ref_axis',(1.,1.03741538731411E-16,1.90281937077375E-15));
#5804=DIRECTION('center_axis',(0.,-0.994521895368273,0.104528463267654));
#5805=DIRECTION('ref_axis',(1.,7.14153271682671E-17,6.79471450296436E-16));
#5806=DIRECTION('center_axis',(0.,0.994521895368273,-0.104528463267653));
#5807=DIRECTION('ref_axis',(1.,1.03741538731411E-16,1.90281937077375E-15));
#5808=DIRECTION('center_axis',(-1.,0.,0.));
#5809=DIRECTION('ref_axis',(0.,0.104528463267653,0.994521895368273));
#5810=DIRECTION('',(0.,0.994521895368273,-0.104528463267653));
#5811=DIRECTION('',(0.,0.994521895368273,-0.104528463267653));
#5812=DIRECTION('center_axis',(0.,0.994521895368273,-0.104528463267654));
#5813=DIRECTION('ref_axis',(1.36642833800019E-15,-0.104528463267654,-0.994521895368273));
#5814=DIRECTION('',(0.,0.994521895368273,-0.104528463267653));
#5815=DIRECTION('center_axis',(0.,-0.104528463267654,-0.994521895368273));
#5816=DIRECTION('ref_axis',(-1.,0.,0.));
#5817=DIRECTION('center_axis',(0.,0.994521895368273,-0.104528463267654));
#5818=DIRECTION('ref_axis',(1.,7.14153271682671E-17,6.79471450296436E-16));
#5819=DIRECTION('',(0.,0.994521895368273,-0.104528463267653));
#5820=DIRECTION('center_axis',(1.,0.,0.));
#5821=DIRECTION('ref_axis',(0.,-0.104528463267653,-0.994521895368273));
#5822=DIRECTION('',(0.,0.994521895368273,-0.104528463267653));
#5823=DIRECTION('center_axis',(0.,0.994521895368273,-0.104528463267654));
#5824=DIRECTION('ref_axis',(6.83214169000096E-16,0.104528463267654,0.994521895368273));
#5825=DIRECTION('center_axis',(0.,0.994521895368273,-0.104528463267654));
#5826=DIRECTION('ref_axis',(-1.,-2.85661308673068E-16,-2.71788580118574E-15));
#5827=DIRECTION('center_axis',(0.,0.994521895368273,-0.104528463267653));
#5828=DIRECTION('ref_axis',(0.,0.104528463267653,0.994521895368273));
#5829=DIRECTION('',(0.707106781186545,0.,0.70710678118655));
#5830=DIRECTION('',(0.70710678118655,0.,-0.707106781186545));
#5831=DIRECTION('',(-0.707106781186546,0.,0.707106781186549));
#5832=DIRECTION('center_axis',(-0.707106781186547,0.,-0.707106781186548));
#5833=DIRECTION('ref_axis',(-0.707106781186548,0.,0.707106781186547));
#5834=DIRECTION('',(-0.707106781186548,-7.85046229341887E-16,0.707106781186547));
#5835=DIRECTION('',(0.,1.,0.));
#5836=DIRECTION('',(0.,-1.,0.));
#5837=DIRECTION('center_axis',(0.,0.,1.));
#5838=DIRECTION('ref_axis',(-1.,3.88578058618807E-15,0.));
#5839=DIRECTION('',(3.14018491736755E-15,-0.707106781186547,0.707106781186547));
#5840=DIRECTION('center_axis',(0.,0.,-1.));
#5841=DIRECTION('ref_axis',(-1.,3.88578058618807E-15,0.));
#5842=DIRECTION('center_axis',(0.,0.,1.));
#5843=DIRECTION('ref_axis',(-1.,3.88578058618807E-15,0.));
#5844=DIRECTION('center_axis',(0.,-0.707106781186547,-0.707106781186548));
#5845=DIRECTION('ref_axis',(-1.,0.,0.));
#5846=DIRECTION('',(0.,-0.707106781186548,0.707106781186547));
#5847=DIRECTION('',(-1.,0.,0.));
#5848=DIRECTION('',(1.,0.,0.));
#5849=DIRECTION('center_axis',(0.,0.,1.));
#5850=DIRECTION('ref_axis',(-2.22044604925032E-15,-1.,0.));
#5851=DIRECTION('',(0.707106781186546,2.35513868802567E-15,0.707106781186549));
#5852=DIRECTION('center_axis',(0.,0.,-1.));
#5853=DIRECTION('ref_axis',(-2.22044604925032E-15,-1.,0.));
#5854=DIRECTION('center_axis',(0.,0.,1.));
#5855=DIRECTION('ref_axis',(-2.22044604925032E-15,-1.,0.));
#5856=DIRECTION('center_axis',(0.707106781186547,0.,-0.707106781186548));
#5857=DIRECTION('ref_axis',(-0.707106781186548,0.,-0.707106781186547));
#5858=DIRECTION('',(0.707106781186546,0.,0.707106781186549));
#5859=DIRECTION('',(0.,-1.,0.));
#5860=DIRECTION('',(0.,1.,0.));
#5861=DIRECTION('center_axis',(0.,0.,1.));
#5862=DIRECTION('ref_axis',(1.,0.,0.));
#5863=DIRECTION('center_axis',(0.,1.,0.));
#5864=DIRECTION('ref_axis',(1.,0.,0.));
#5865=DIRECTION('',(0.,0.,-1.));
#5866=DIRECTION('',(1.,0.,0.));
#5867=DIRECTION('center_axis',(0.,-1.,0.));
#5868=DIRECTION('ref_axis',(-0.707106781186547,0.,-0.707106781186548));
#5869=DIRECTION('',(0.,0.,-1.));
#5870=DIRECTION('',(-1.,0.,0.));
#5871=DIRECTION('',(0.,0.,1.));
#5872=DIRECTION('center_axis',(0.,-1.,0.));
#5873=DIRECTION('ref_axis',(0.707106781186547,0.,-0.707106781186548));
#5874=DIRECTION('',(1.,0.,0.));
#5875=DIRECTION('',(0.,0.,1.));
#5876=DIRECTION('center_axis',(0.,0.,1.));
#5877=DIRECTION('ref_axis',(0.707106781186545,0.70710678118655,0.));
#5878=DIRECTION('center_axis',(-0.707106781186548,0.,-0.707106781186547));
#5879=DIRECTION('ref_axis',(0.707106781186547,0.,-0.707106781186548));
#5880=DIRECTION('',(0.,0.,-1.));
#5881=DIRECTION('center_axis',(0.,0.,1.));
#5882=DIRECTION('ref_axis',(1.,0.,0.));
#5883=DIRECTION('center_axis',(0.,0.707106781186542,-0.707106781186554));
#5884=DIRECTION('ref_axis',(1.,0.,0.));
#5885=DIRECTION('center_axis',(0.,0.,1.));
#5886=DIRECTION('ref_axis',(0.,1.,0.));
#5887=DIRECTION('center_axis',(1.,0.,0.));
#5888=DIRECTION('ref_axis',(0.,0.707106781186547,0.707106781186547));
#5889=DIRECTION('center_axis',(0.,0.,-1.));
#5890=DIRECTION('ref_axis',(0.707106781186548,0.707106781186548,0.));
#5891=DIRECTION('center_axis',(0.,0.,1.));
#5892=DIRECTION('ref_axis',(1.,0.,0.));
#5893=DIRECTION('',(0.,0.,-1.));
#5894=DIRECTION('center_axis',(1.,0.,-2.96059473233375E-15));
#5895=DIRECTION('ref_axis',(-2.96059473233375E-15,0.,-1.));
#5896=DIRECTION('center_axis',(0.,1.,0.));
#5897=DIRECTION('ref_axis',(0.707106781186547,0.,-0.707106781186548));
#5898=DIRECTION('center_axis',(-1.,0.,0.));
#5899=DIRECTION('ref_axis',(0.,0.707106781186548,-0.707106781186547));
#5900=DIRECTION('',(-1.,0.,0.));
#5901=DIRECTION('center_axis',(0.,0.,1.));
#5902=DIRECTION('ref_axis',(1.,0.,0.));
#5903=DIRECTION('center_axis',(-8.37382644631347E-15,0.707106781186548,
-0.707106781186548));
#5904=DIRECTION('ref_axis',(0.,0.707106781186547,0.707106781186547));
#5905=DIRECTION('center_axis',(-1.,0.,0.));
#5906=DIRECTION('ref_axis',(0.,1.,0.));
#5907=DIRECTION('center_axis',(0.,5.92118946466749E-15,1.));
#5908=DIRECTION('ref_axis',(-1.,0.,0.));
#5909=DIRECTION('center_axis',(1.,0.,0.));
#5910=DIRECTION('ref_axis',(0.,0.923879532511287,0.382683432365089));
#5911=DIRECTION('',(1.,0.,0.));
#5912=DIRECTION('center_axis',(-1.,0.,0.));
#5913=DIRECTION('ref_axis',(0.,0.707106781186548,-0.707106781186547));
#5914=DIRECTION('',(-1.,0.,0.));
#5915=DIRECTION('center_axis',(1.,0.,-2.96059473233375E-15));
#5916=DIRECTION('ref_axis',(-2.96059473233375E-15,0.,-1.));
#5917=DIRECTION('center_axis',(-0.707106781186547,-2.09345661157836E-15,
0.707106781186548));
#5918=DIRECTION('ref_axis',(0.707106781186548,-2.09345661157836E-15,0.707106781186547));
#5919=DIRECTION('center_axis',(-7.40148683083436E-16,0.,-1.));
#5920=DIRECTION('ref_axis',(-1.,0.,7.40148683083436E-16));
#5921=DIRECTION('center_axis',(0.,1.,0.));
#5922=DIRECTION('ref_axis',(-0.707106781186547,0.,-0.707106781186548));
#5923=DIRECTION('center_axis',(0.,0.,1.));
#5924=DIRECTION('ref_axis',(-0.707106781186548,0.707106781186548,0.));
#5925=DIRECTION('',(0.,0.,1.));
#5926=DIRECTION('center_axis',(0.,-0.707106781186548,0.707106781186547));
#5927=DIRECTION('ref_axis',(0.707106781186549,0.499999999999999,0.499999999999999));
#5928=DIRECTION('center_axis',(0.,0.707106781186548,-0.707106781186548));
#5929=DIRECTION('ref_axis',(0.,0.707106781186547,0.707106781186547));
#5930=DIRECTION('',(0.,0.707106781186548,-0.707106781186547));
#5931=DIRECTION('',(0.,-0.707106781186548,0.707106781186547));
#5932=DIRECTION('center_axis',(-1.,0.,0.));
#5933=DIRECTION('ref_axis',(0.,0.382683432365089,0.923879532511287));
#5934=DIRECTION('center_axis',(-1.,-2.96059473233374E-15,2.96059473233374E-15));
#5935=DIRECTION('ref_axis',(2.96059473233374E-15,0.,1.));
#5936=DIRECTION('',(-1.,0.,0.));
#5937=DIRECTION('center_axis',(1.,0.,0.));
#5938=DIRECTION('ref_axis',(0.,0.707106781186547,0.707106781186547));
#5939=DIRECTION('',(1.,0.,0.));
#5940=DIRECTION('center_axis',(0.,-0.707106781186548,0.707106781186548));
#5941=DIRECTION('ref_axis',(0.,0.707106781186547,0.707106781186547));
#5942=DIRECTION('center_axis',(0.,0.928476690885259,0.371390676354105));
#5943=DIRECTION('ref_axis',(0.,-0.371390676354105,0.928476690885259));
#5944=DIRECTION('center_axis',(0.,-0.707106781186547,-0.707106781186548));
#5945=DIRECTION('ref_axis',(0.,-0.707106781186548,0.707106781186547));
#5946=DIRECTION('center_axis',(0.,0.707106781186548,-0.707106781186547));
#5947=DIRECTION('ref_axis',(-0.707106781186549,0.499999999999999,0.499999999999999));
#5948=DIRECTION('',(0.,-0.707106781186548,0.707106781186547));
#5949=DIRECTION('',(0.,0.707106781186548,-0.707106781186547));
#5950=DIRECTION('center_axis',(0.,0.928476690885259,0.371390676354105));
#5951=DIRECTION('ref_axis',(0.,-0.371390676354105,0.928476690885259));
#5952=DIRECTION('center_axis',(0.,-0.707106781186547,-0.707106781186548));
#5953=DIRECTION('ref_axis',(0.,-0.707106781186548,0.707106781186547));
#5954=DIRECTION('center_axis',(0.,0.,-1.));
#5955=DIRECTION('ref_axis',(-0.707106781186545,0.70710678118655,0.));
#5956=DIRECTION('',(0.,0.,1.));
#5957=DIRECTION('center_axis',(1.,0.,0.));
#5958=DIRECTION('ref_axis',(0.,1.,0.));
#5959=DIRECTION('',(0.,1.,0.));
#5960=DIRECTION('',(0.,0.,1.));
#5961=DIRECTION('center_axis',(0.,0.,-1.));
#5962=DIRECTION('ref_axis',(-1.,0.,0.));
#5963=DIRECTION('',(0.,1.,0.));
#5964=DIRECTION('',(1.,0.,0.));
#5965=DIRECTION('center_axis',(0.,1.,0.));
#5966=DIRECTION('ref_axis',(1.,0.,4.44089209850063E-16));
#5967=DIRECTION('',(0.,1.,0.));
#5968=DIRECTION('center_axis',(0.,1.,0.));
#5969=DIRECTION('ref_axis',(1.,0.,4.44089209850063E-16));
#5970=DIRECTION('center_axis',(1.,0.,0.));
#5971=DIRECTION('ref_axis',(0.,0.,-1.));
#5972=DIRECTION('',(0.,1.,0.));
#5973=DIRECTION('',(0.,0.,1.));
#5974=DIRECTION('center_axis',(0.,1.,0.));
#5975=DIRECTION('ref_axis',(0.,0.,1.));
#5976=DIRECTION('',(0.,1.,0.));
#5977=DIRECTION('center_axis',(0.,1.,0.));
#5978=DIRECTION('ref_axis',(0.,0.,1.));
#5979=DIRECTION('center_axis',(0.,0.,1.));
#5980=DIRECTION('ref_axis',(1.,0.,0.));
#5981=DIRECTION('',(0.,1.,0.));
#5982=DIRECTION('',(-1.,0.,0.));
#5983=DIRECTION('center_axis',(0.,-0.707106781186547,-0.707106781186548));
#5984=DIRECTION('ref_axis',(0.,0.707106781186548,-0.707106781186547));
#5985=DIRECTION('center_axis',(0.,1.,0.));
#5986=DIRECTION('ref_axis',(-1.,0.,0.));
#5987=DIRECTION('',(0.,1.,0.));
#5988=DIRECTION('center_axis',(0.,1.,0.));
#5989=DIRECTION('ref_axis',(-1.,0.,0.));
#5990=DIRECTION('center_axis',(-1.,0.,0.));
#5991=DIRECTION('ref_axis',(0.,0.,1.));
#5992=DIRECTION('',(0.,1.,0.));
#5993=DIRECTION('',(0.,0.,-1.));
#5994=DIRECTION('center_axis',(-1.,0.,0.));
#5995=DIRECTION('ref_axis',(0.,-1.,0.));
#5996=DIRECTION('',(0.,0.,1.));
#5997=DIRECTION('',(0.,-1.,0.));
#5998=DIRECTION('center_axis',(0.,0.,1.));
#5999=DIRECTION('ref_axis',(-2.22044604925032E-15,-1.,0.));
#6000=DIRECTION('',(0.,0.,1.));
#6001=DIRECTION('center_axis',(0.,-1.,0.));
#6002=DIRECTION('ref_axis',(1.,0.,0.));
#6003=DIRECTION('',(0.,0.,1.));
#6004=DIRECTION('center_axis',(0.,0.,1.));
#6005=DIRECTION('ref_axis',(-1.,3.88578058618807E-15,0.));
#6006=DIRECTION('',(0.,1.,7.70988211545247E-18));
#6007=DIRECTION('center_axis',(0.,1.,0.));
#6008=DIRECTION('ref_axis',(1.77635683940025E-15,0.,-1.));
#6009=DIRECTION('',(1.,0.,0.));
#6010=DIRECTION('center_axis',(0.,1.,0.));
#6011=DIRECTION('ref_axis',(1.77635683940025E-15,0.,-1.));
#6012=DIRECTION('',(0.,1.,0.));
#6013=DIRECTION('center_axis',(0.,0.,-1.));
#6014=DIRECTION('ref_axis',(-1.,0.,0.));
#6015=CARTESIAN_POINT('',(0.,0.,0.));
#6016=CARTESIAN_POINT('Origin',(-20.,2.07938007535157,7.82551458386162));
#6017=CARTESIAN_POINT('',(-21.425,2.22855835965681,7.80983531437147));
#6018=CARTESIAN_POINT('Origin',(-20.,2.22855835965681,7.80983531437147));
#6019=CARTESIAN_POINT('',(-21.125,1.93020179104633,7.84119385335177));
#6020=CARTESIAN_POINT('',(-21.275,2.07938007535157,7.82551458386162));
#6021=CARTESIAN_POINT('Origin',(-20.,1.93020179104633,7.84119385335177));
#6022=CARTESIAN_POINT('Origin',(-20.,1.93020179104633,7.84119385335177));
#6023=CARTESIAN_POINT('',(-21.425,4.31705433993019,7.5903255415094));
#6024=CARTESIAN_POINT('Origin',(-20.,4.31705433993019,7.5903255415094));
#6025=CARTESIAN_POINT('',(-21.425,1.93020179104633,7.84119385335177));
#6026=CARTESIAN_POINT('Origin',(-20.,1.93020179104633,7.84119385335177));
#6027=CARTESIAN_POINT('Origin',(-25.5,5.42429089991648,39.6502152356464));
#6028=CARTESIAN_POINT('',(-26.925,5.57346918422172,39.6345359661562));
#6029=CARTESIAN_POINT('Origin',(-25.5,5.57346918422172,39.6345359661562));
#6030=CARTESIAN_POINT('',(-26.625,5.27511261561124,39.6658945051365));
#6031=CARTESIAN_POINT('',(-26.775,5.42429089991648,39.6502152356464));
#6032=CARTESIAN_POINT('Origin',(-25.5,5.27511261561124,39.6658945051365));
#6033=CARTESIAN_POINT('Origin',(-25.5,5.27511261561124,39.6658945051365));
#6034=CARTESIAN_POINT('',(-26.925,7.66196516449509,39.4150261932941));
#6035=CARTESIAN_POINT('Origin',(-25.5,7.66196516449509,39.4150261932941));
#6036=CARTESIAN_POINT('',(-26.925,5.27511261561124,39.6658945051365));
#6037=CARTESIAN_POINT('Origin',(-25.5,5.27511261561124,39.6658945051365));
#6038=CARTESIAN_POINT('Origin',(24.5,5.42429089991648,39.6502152356464));
#6039=CARTESIAN_POINT('',(23.075,5.57346918422172,39.6345359661562));
#6040=CARTESIAN_POINT('Origin',(24.5,5.57346918422172,39.6345359661562));
#6041=CARTESIAN_POINT('',(23.375,5.27511261561124,39.6658945051365));
#6042=CARTESIAN_POINT('',(23.225,5.42429089991648,39.6502152356464));
#6043=CARTESIAN_POINT('Origin',(24.5,5.27511261561124,39.6658945051365));
#6044=CARTESIAN_POINT('Origin',(24.5,5.27511261561124,39.6658945051365));
#6045=CARTESIAN_POINT('',(23.075,7.66196516449509,39.4150261932941));
#6046=CARTESIAN_POINT('Origin',(24.5,7.66196516449509,39.4150261932941));
#6047=CARTESIAN_POINT('',(23.075,5.27511261561124,39.6658945051365));
#6048=CARTESIAN_POINT('Origin',(24.5,5.27511261561124,39.6658945051365));
#6049=CARTESIAN_POINT('Origin',(-20.,7.69255855282456,61.2313403651379));
#6050=CARTESIAN_POINT('',(-21.425,7.8417368371298,61.2156610956477));
#6051=CARTESIAN_POINT('Origin',(-20.,7.8417368371298,61.2156610956477));
#6052=CARTESIAN_POINT('',(-21.125,7.54338026851932,61.247019634628));
#6053=CARTESIAN_POINT('',(-21.275,7.69255855282456,61.2313403651379));
#6054=CARTESIAN_POINT('Origin',(-20.,7.54338026851932,61.247019634628));
#6055=CARTESIAN_POINT('Origin',(-20.,7.54338026851932,61.247019634628));
#6056=CARTESIAN_POINT('',(-21.425,9.93023281740318,60.9961513227857));
#6057=CARTESIAN_POINT('Origin',(-20.,9.93023281740318,60.9961513227857));
#6058=CARTESIAN_POINT('',(-21.425,7.54338026851932,61.247019634628));
#6059=CARTESIAN_POINT('Origin',(-20.,7.54338026851932,61.247019634628));
#6060=CARTESIAN_POINT('Origin',(20.,7.69255855282456,61.2313403651379));
#6061=CARTESIAN_POINT('',(18.575,7.8417368371298,61.2156610956477));
#6062=CARTESIAN_POINT('Origin',(20.,7.8417368371298,61.2156610956477));
#6063=CARTESIAN_POINT('',(18.875,7.54338026851932,61.247019634628));
#6064=CARTESIAN_POINT('',(18.725,7.69255855282456,61.2313403651379));
#6065=CARTESIAN_POINT('Origin',(20.,7.54338026851932,61.247019634628));
#6066=CARTESIAN_POINT('Origin',(20.,7.54338026851932,61.247019634628));
#6067=CARTESIAN_POINT('',(18.575,9.93023281740318,60.9961513227857));
#6068=CARTESIAN_POINT('Origin',(20.,9.93023281740318,60.9961513227857));
#6069=CARTESIAN_POINT('',(18.575,7.54338026851932,61.247019634628));
#6070=CARTESIAN_POINT('Origin',(20.,7.54338026851932,61.247019634628));
#6071=CARTESIAN_POINT('Origin',(20.,2.07938007535157,7.82551458386162));
#6072=CARTESIAN_POINT('',(18.575,2.22855835965681,7.80983531437147));
#6073=CARTESIAN_POINT('Origin',(20.,2.22855835965681,7.80983531437147));
#6074=CARTESIAN_POINT('',(18.875,1.93020179104633,7.84119385335177));
#6075=CARTESIAN_POINT('',(18.725,2.07938007535157,7.82551458386162));
#6076=CARTESIAN_POINT('Origin',(20.,1.93020179104633,7.84119385335177));
#6077=CARTESIAN_POINT('Origin',(20.,1.93020179104633,7.84119385335177));
#6078=CARTESIAN_POINT('',(18.575,4.31705433993019,7.5903255415094));
#6079=CARTESIAN_POINT('Origin',(20.,4.31705433993019,7.5903255415094));
#6080=CARTESIAN_POINT('',(18.575,1.93020179104633,7.84119385335177));
#6081=CARTESIAN_POINT('Origin',(20.,1.93020179104633,7.84119385335177));
#6082=CARTESIAN_POINT('Origin',(30.,23.,-3.15));
#6083=CARTESIAN_POINT('',(25.,37.,-3.15));
#6084=CARTESIAN_POINT('',(25.,23.,-3.15));
#6085=CARTESIAN_POINT('',(25.,15.7404133168945,-3.15));
#6086=CARTESIAN_POINT('',(22.,37.,-3.15));
#6087=CARTESIAN_POINT('',(22.,37.,-3.15));
#6088=CARTESIAN_POINT('',(22.,23.,-3.15));
#6089=CARTESIAN_POINT('',(22.,23.,-3.15));
#6090=CARTESIAN_POINT('',(22.,23.,-3.15));
#6091=CARTESIAN_POINT('Origin',(26.,23.,-2.7));
#6092=CARTESIAN_POINT('',(25.,23.,-2.25));
#6093=CARTESIAN_POINT('',(25.,23.,-5.85));
#6094=CARTESIAN_POINT('',(22.,23.,-2.25));
#6095=CARTESIAN_POINT('',(22.,23.,-2.25));
#6096=CARTESIAN_POINT('',(30.,23.,-2.25));
#6097=CARTESIAN_POINT('Origin',(22.,23.,-3.15));
#6098=CARTESIAN_POINT('',(22.,37.,-2.25));
#6099=CARTESIAN_POINT('',(22.,37.,-2.25));
#6100=CARTESIAN_POINT('',(22.,23.,-2.25));
#6101=CARTESIAN_POINT('Origin',(22.,23.,-2.25));
#6102=CARTESIAN_POINT('',(25.,37.,-2.25));
#6103=CARTESIAN_POINT('',(25.,15.7404133168945,-2.25));
#6104=CARTESIAN_POINT('',(30.,37.,-2.25));
#6105=CARTESIAN_POINT('Origin',(26.,37.,-2.7));
#6106=CARTESIAN_POINT('',(25.,37.,-5.85));
#6107=CARTESIAN_POINT('Origin',(30.,23.,-4.65));
#6108=CARTESIAN_POINT('',(25.,37.,-4.65));
#6109=CARTESIAN_POINT('',(25.,23.,-4.65));
#6110=CARTESIAN_POINT('',(25.,15.7404133168945,-4.65));
#6111=CARTESIAN_POINT('',(22.,37.,-4.65));
#6112=CARTESIAN_POINT('',(22.,37.,-4.65));
#6113=CARTESIAN_POINT('',(22.,23.,-4.65));
#6114=CARTESIAN_POINT('',(22.,23.,-4.65));
#6115=CARTESIAN_POINT('',(22.,23.,-4.65));
#6116=CARTESIAN_POINT('Origin',(26.,23.,-4.2));
#6117=CARTESIAN_POINT('',(25.,23.,-3.75));
#6118=CARTESIAN_POINT('',(25.,23.,-6.6));
#6119=CARTESIAN_POINT('',(22.,23.,-3.75));
#6120=CARTESIAN_POINT('',(22.,23.,-3.75));
#6121=CARTESIAN_POINT('',(30.,23.,-3.75));
#6122=CARTESIAN_POINT('Origin',(22.,23.,-4.65));
#6123=CARTESIAN_POINT('',(22.,37.,-3.75));
#6124=CARTESIAN_POINT('',(22.,37.,-3.75));
#6125=CARTESIAN_POINT('',(22.,23.,-3.75));
#6126=CARTESIAN_POINT('Origin',(22.,23.,-3.75));
#6127=CARTESIAN_POINT('',(25.,37.,-3.75));
#6128=CARTESIAN_POINT('',(25.,15.7404133168945,-3.75));
#6129=CARTESIAN_POINT('',(30.,37.,-3.75));
#6130=CARTESIAN_POINT('Origin',(26.,37.,-4.2));
#6131=CARTESIAN_POINT('',(25.,37.,-6.6));
#6132=CARTESIAN_POINT('Origin',(-22.,23.,-6.15));
#6133=CARTESIAN_POINT('',(-25.,23.,-6.15));
#6134=CARTESIAN_POINT('',(-25.,37.,-6.15));
#6135=CARTESIAN_POINT('',(-25.,41.5,-6.15));
#6136=CARTESIAN_POINT('',(-22.,23.,-6.15));
#6137=CARTESIAN_POINT('',(-30.,23.,-6.15));
#6138=CARTESIAN_POINT('',(-22.,37.,-6.15));
#6139=CARTESIAN_POINT('',(-22.,23.,-6.15));
#6140=CARTESIAN_POINT('',(-30.,37.,-6.15));
#6141=CARTESIAN_POINT('Origin',(-26.,37.,-5.7));
#6142=CARTESIAN_POINT('',(-25.,37.,-5.25));
#6143=CARTESIAN_POINT('',(-25.,37.,-7.35));
#6144=CARTESIAN_POINT('',(-22.,37.,-5.25));
#6145=CARTESIAN_POINT('',(-22.,37.,-6.15));
#6146=CARTESIAN_POINT('',(-22.,37.,-5.25));
#6147=CARTESIAN_POINT('Origin',(-22.,23.,-5.25));
#6148=CARTESIAN_POINT('',(-22.,23.,-5.25));
#6149=CARTESIAN_POINT('',(-22.,23.,-6.15));
#6150=CARTESIAN_POINT('',(-22.,23.,-5.25));
#6151=CARTESIAN_POINT('Origin',(-30.,23.,-5.25));
#6152=CARTESIAN_POINT('',(-25.,23.,-5.25));
#6153=CARTESIAN_POINT('',(-25.,41.5,-5.25));
#6154=CARTESIAN_POINT('',(-22.,23.,-5.25));
#6155=CARTESIAN_POINT('Origin',(-26.,23.,-5.7));
#6156=CARTESIAN_POINT('',(-25.,23.,-7.35));
#6157=CARTESIAN_POINT('Origin',(-22.,23.,-7.65));
#6158=CARTESIAN_POINT('',(-25.,23.,-7.65));
#6159=CARTESIAN_POINT('',(-25.,37.,-7.65));
#6160=CARTESIAN_POINT('',(-25.,41.5,-7.65));
#6161=CARTESIAN_POINT('',(-22.,23.,-7.65));
#6162=CARTESIAN_POINT('',(-30.,23.,-7.65));
#6163=CARTESIAN_POINT('',(-22.,37.,-7.65));
#6164=CARTESIAN_POINT('',(-22.,23.,-7.65));
#6165=CARTESIAN_POINT('',(-30.,37.,-7.65));
#6166=CARTESIAN_POINT('Origin',(-26.,37.,-7.2));
#6167=CARTESIAN_POINT('',(-25.,37.,-6.75));
#6168=CARTESIAN_POINT('',(-25.,37.,-8.1));
#6169=CARTESIAN_POINT('',(-22.,37.,-6.75));
#6170=CARTESIAN_POINT('',(-22.,37.,-7.65));
#6171=CARTESIAN_POINT('',(-22.,37.,-6.75));
#6172=CARTESIAN_POINT('Origin',(-22.,23.,-6.75));
#6173=CARTESIAN_POINT('',(-22.,23.,-6.75));
#6174=CARTESIAN_POINT('',(-22.,23.,-7.65));
#6175=CARTESIAN_POINT('',(-22.,23.,-6.75));
#6176=CARTESIAN_POINT('Origin',(-30.,23.,-6.75));
#6177=CARTESIAN_POINT('',(-25.,23.,-6.75));
#6178=CARTESIAN_POINT('',(-25.,41.5,-6.75));
#6179=CARTESIAN_POINT('',(-22.,23.,-6.75));
#6180=CARTESIAN_POINT('Origin',(-26.,23.,-7.2));
#6181=CARTESIAN_POINT('',(-25.,23.,-8.1));
#6182=CARTESIAN_POINT('Origin',(30.,23.,-6.15));
#6183=CARTESIAN_POINT('',(25.,37.,-6.15));
#6184=CARTESIAN_POINT('',(25.,23.,-6.15));
#6185=CARTESIAN_POINT('',(25.,15.7404133168945,-6.15));
#6186=CARTESIAN_POINT('',(22.,37.,-6.15));
#6187=CARTESIAN_POINT('',(22.,37.,-6.15));
#6188=CARTESIAN_POINT('',(22.,23.,-6.15));
#6189=CARTESIAN_POINT('',(22.,23.,-6.15));
#6190=CARTESIAN_POINT('',(22.,23.,-6.15));
#6191=CARTESIAN_POINT('Origin',(26.,23.,-5.7));
#6192=CARTESIAN_POINT('',(25.,23.,-5.25));
#6193=CARTESIAN_POINT('',(25.,23.,-7.35));
#6194=CARTESIAN_POINT('',(22.,23.,-5.25));
#6195=CARTESIAN_POINT('',(22.,23.,-5.25));
#6196=CARTESIAN_POINT('',(30.,23.,-5.25));
#6197=CARTESIAN_POINT('Origin',(22.,23.,-6.15));
#6198=CARTESIAN_POINT('',(22.,37.,-5.25));
#6199=CARTESIAN_POINT('',(22.,37.,-5.25));
#6200=CARTESIAN_POINT('',(22.,23.,-5.25));
#6201=CARTESIAN_POINT('Origin',(22.,23.,-5.25));
#6202=CARTESIAN_POINT('',(25.,37.,-5.25));
#6203=CARTESIAN_POINT('',(25.,15.7404133168945,-5.25));
#6204=CARTESIAN_POINT('',(30.,37.,-5.25));
#6205=CARTESIAN_POINT('Origin',(26.,37.,-5.7));
#6206=CARTESIAN_POINT('',(25.,37.,-7.35));
#6207=CARTESIAN_POINT('Origin',(30.,23.,-7.65));
#6208=CARTESIAN_POINT('',(25.,37.,-7.65));
#6209=CARTESIAN_POINT('',(25.,23.,-7.65));
#6210=CARTESIAN_POINT('',(25.,15.7404133168945,-7.65));
#6211=CARTESIAN_POINT('',(22.,37.,-7.65));
#6212=CARTESIAN_POINT('',(22.,37.,-7.65));
#6213=CARTESIAN_POINT('',(22.,23.,-7.65));
#6214=CARTESIAN_POINT('',(22.,23.,-7.65));
#6215=CARTESIAN_POINT('',(22.,23.,-7.65));
#6216=CARTESIAN_POINT('Origin',(26.,23.,-7.2));
#6217=CARTESIAN_POINT('',(25.,23.,-6.75));
#6218=CARTESIAN_POINT('',(25.,23.,-8.1));
#6219=CARTESIAN_POINT('',(22.,23.,-6.75));
#6220=CARTESIAN_POINT('',(22.,23.,-6.75));
#6221=CARTESIAN_POINT('',(30.,23.,-6.75));
#6222=CARTESIAN_POINT('Origin',(22.,23.,-7.65));
#6223=CARTESIAN_POINT('',(22.,37.,-6.75));
#6224=CARTESIAN_POINT('',(22.,37.,-6.75));
#6225=CARTESIAN_POINT('',(22.,23.,-6.75));
#6226=CARTESIAN_POINT('Origin',(22.,23.,-6.75));
#6227=CARTESIAN_POINT('',(25.,37.,-6.75));
#6228=CARTESIAN_POINT('',(25.,15.7404133168945,-6.75));
#6229=CARTESIAN_POINT('',(30.,37.,-6.75));
#6230=CARTESIAN_POINT('Origin',(26.,37.,-7.2));
#6231=CARTESIAN_POINT('',(25.,37.,-8.1));
#6232=CARTESIAN_POINT('Origin',(-22.,23.,-4.65));
#6233=CARTESIAN_POINT('',(-25.,23.,-4.65));
#6234=CARTESIAN_POINT('',(-25.,37.,-4.65));
#6235=CARTESIAN_POINT('',(-25.,41.5,-4.65));
#6236=CARTESIAN_POINT('',(-22.,23.,-4.65));
#6237=CARTESIAN_POINT('',(-30.,23.,-4.65));
#6238=CARTESIAN_POINT('',(-22.,37.,-4.65));
#6239=CARTESIAN_POINT('',(-22.,23.,-4.65));
#6240=CARTESIAN_POINT('',(-30.,37.,-4.65));
#6241=CARTESIAN_POINT('Origin',(-26.,37.,-4.2));
#6242=CARTESIAN_POINT('',(-25.,37.,-3.75));
#6243=CARTESIAN_POINT('',(-25.,37.,-6.6));
#6244=CARTESIAN_POINT('',(-22.,37.,-3.75));
#6245=CARTESIAN_POINT('',(-22.,37.,-4.65));
#6246=CARTESIAN_POINT('',(-22.,37.,-3.75));
#6247=CARTESIAN_POINT('Origin',(-22.,23.,-3.75));
#6248=CARTESIAN_POINT('',(-22.,23.,-3.75));
#6249=CARTESIAN_POINT('',(-22.,23.,-4.65));
#6250=CARTESIAN_POINT('',(-22.,23.,-3.75));
#6251=CARTESIAN_POINT('Origin',(-30.,23.,-3.75));
#6252=CARTESIAN_POINT('',(-25.,23.,-3.75));
#6253=CARTESIAN_POINT('',(-25.,41.5,-3.75));
#6254=CARTESIAN_POINT('',(-22.,23.,-3.75));
#6255=CARTESIAN_POINT('Origin',(-26.,23.,-4.2));
#6256=CARTESIAN_POINT('',(-25.,23.,-6.6));
#6257=CARTESIAN_POINT('Origin',(-22.,23.,-3.15));
#6258=CARTESIAN_POINT('',(-25.,23.,-3.15));
#6259=CARTESIAN_POINT('',(-25.,37.,-3.15));
#6260=CARTESIAN_POINT('',(-25.,41.5,-3.15));
#6261=CARTESIAN_POINT('',(-22.,23.,-3.15));
#6262=CARTESIAN_POINT('',(-30.,23.,-3.15));
#6263=CARTESIAN_POINT('',(-22.,37.,-3.15));
#6264=CARTESIAN_POINT('',(-22.,23.,-3.15));
#6265=CARTESIAN_POINT('',(-30.,37.,-3.15));
#6266=CARTESIAN_POINT('Origin',(-26.,37.,-2.7));
#6267=CARTESIAN_POINT('',(-25.,37.,-2.25));
#6268=CARTESIAN_POINT('',(-25.,37.,-5.85));
#6269=CARTESIAN_POINT('',(-22.,37.,-2.25));
#6270=CARTESIAN_POINT('',(-22.,37.,-3.15));
#6271=CARTESIAN_POINT('',(-22.,37.,-2.25));
#6272=CARTESIAN_POINT('Origin',(-22.,23.,-2.25));
#6273=CARTESIAN_POINT('',(-22.,23.,-2.25));
#6274=CARTESIAN_POINT('',(-22.,23.,-3.15));
#6275=CARTESIAN_POINT('',(-22.,23.,-2.25));
#6276=CARTESIAN_POINT('Origin',(-30.,23.,-2.25));
#6277=CARTESIAN_POINT('',(-25.,23.,-2.25));
#6278=CARTESIAN_POINT('',(-25.,41.5,-2.25));
#6279=CARTESIAN_POINT('',(-22.,23.,-2.25));
#6280=CARTESIAN_POINT('Origin',(-26.,23.,-2.7));
#6281=CARTESIAN_POINT('',(-25.,23.,-5.85));
#6282=CARTESIAN_POINT('Origin',(-18.,48.,-10.));
#6283=CARTESIAN_POINT('',(-22.,48.,-9.));
#6284=CARTESIAN_POINT('Origin',(-18.,48.,-9.));
#6285=CARTESIAN_POINT('',(-22.,48.,-8.));
#6286=CARTESIAN_POINT('',(-22.,48.,-10.));
#6287=CARTESIAN_POINT('Origin',(-18.,48.,-8.));
#6288=CARTESIAN_POINT('Origin',(-18.,48.,-8.));
#6289=CARTESIAN_POINT('Origin',(18.,12.,-10.));
#6290=CARTESIAN_POINT('',(14.,12.,-9.));
#6291=CARTESIAN_POINT('Origin',(18.,12.,-9.));
#6292=CARTESIAN_POINT('',(14.,12.,-8.));
#6293=CARTESIAN_POINT('',(14.,12.,-10.));
#6294=CARTESIAN_POINT('Origin',(18.,12.,-8.));
#6295=CARTESIAN_POINT('Origin',(18.,12.,-8.));
#6296=CARTESIAN_POINT('Origin',(-18.,12.,-10.));
#6297=CARTESIAN_POINT('',(-22.,12.,-9.));
#6298=CARTESIAN_POINT('Origin',(-18.,12.,-9.));
#6299=CARTESIAN_POINT('',(-22.,12.,-8.));
#6300=CARTESIAN_POINT('',(-22.,12.,-10.));
#6301=CARTESIAN_POINT('Origin',(-18.,12.,-8.));
#6302=CARTESIAN_POINT('Origin',(-18.,12.,-8.));
#6303=CARTESIAN_POINT('Origin',(18.,48.,-10.));
#6304=CARTESIAN_POINT('',(14.,48.,-9.));
#6305=CARTESIAN_POINT('Origin',(18.,48.,-9.));
#6306=CARTESIAN_POINT('',(14.,48.,-8.));
#6307=CARTESIAN_POINT('',(14.,48.,-10.));
#6308=CARTESIAN_POINT('Origin',(18.,48.,-8.));
#6309=CARTESIAN_POINT('Origin',(18.,48.,-8.));
#6310=CARTESIAN_POINT('Origin',(-11.005,11.5769746979143,-10.));
#6311=CARTESIAN_POINT('',(-12.005,11.5769746979143,-9.));
#6312=CARTESIAN_POINT('Origin',(-11.005,11.5769746979143,-9.));
#6313=CARTESIAN_POINT('',(-12.005,11.5769746979143,3.81075232550322));
#6314=CARTESIAN_POINT('',(-12.005,11.5769746979143,-10.));
#6315=CARTESIAN_POINT('Origin',(-11.005,11.5769746979143,3.81075232550322));
#6316=CARTESIAN_POINT('Origin',(9.995,11.5769746979143,-10.));
#6317=CARTESIAN_POINT('',(8.995,11.5769746979143,-9.));
#6318=CARTESIAN_POINT('Origin',(9.995,11.5769746979143,-9.));
#6319=CARTESIAN_POINT('',(8.995,11.5769746979143,3.81075232550322));
#6320=CARTESIAN_POINT('',(8.995,11.5769746979143,-10.));
#6321=CARTESIAN_POINT('Origin',(9.995,11.5769746979143,3.81075232550322));
#6322=CARTESIAN_POINT('Origin',(10.5,34.7,58.));
#6323=CARTESIAN_POINT('',(11.2,34.7,64.));
#6324=CARTESIAN_POINT('',(9.8,34.7,64.));
#6325=CARTESIAN_POINT('Origin',(10.5,34.7,64.));
#6326=CARTESIAN_POINT('',(11.2,34.7,59.2186623342082));
#6327=CARTESIAN_POINT('',(11.2,34.7,58.));
#6328=CARTESIAN_POINT('',(9.8,34.7,59.2186623342082));
#6329=CARTESIAN_POINT('Origin',(10.5,34.7,59.2186623342082));
#6330=CARTESIAN_POINT('',(9.8,34.7,58.));
#6331=CARTESIAN_POINT('Origin',(11.2,34.7,58.));
#6332=CARTESIAN_POINT('',(11.2,47.3,64.));
#6333=CARTESIAN_POINT('',(11.2,26.35,64.));
#6334=CARTESIAN_POINT('',(11.2,47.3,61.8536138070636));
#6335=CARTESIAN_POINT('',(11.2,47.3,58.));
#6336=CARTESIAN_POINT('',(11.2,41.2279138865274,60.5838001365875));
#6337=CARTESIAN_POINT('Origin',(9.8,47.3,58.));
#6338=CARTESIAN_POINT('',(9.80000000000001,47.3,64.));
#6339=CARTESIAN_POINT('',(9.8,32.65,64.));
#6340=CARTESIAN_POINT('',(9.80000000000001,47.3,61.8536138070636));
#6341=CARTESIAN_POINT('',(9.8,47.2639433218519,61.8460735215721));
#6342=CARTESIAN_POINT('',(9.80000000000001,47.3,58.));
#6343=CARTESIAN_POINT('Origin',(10.5,47.3,58.));
#6344=CARTESIAN_POINT('Origin',(10.5,47.3,64.));
#6345=CARTESIAN_POINT('',(10.5,48.,62.));
#6346=CARTESIAN_POINT('Origin',(10.5,47.3,61.8536138070636));
#6347=CARTESIAN_POINT('Origin',(10.5,47.3,61.8536138070636));
#6348=CARTESIAN_POINT('Origin',(4.5,34.7,58.));
#6349=CARTESIAN_POINT('',(5.2,34.7,64.));
#6350=CARTESIAN_POINT('',(3.8,34.7,64.));
#6351=CARTESIAN_POINT('Origin',(4.5,34.7,64.));
#6352=CARTESIAN_POINT('',(5.2,34.7,59.2186623342082));
#6353=CARTESIAN_POINT('',(5.2,34.7,58.));
#6354=CARTESIAN_POINT('',(3.8,34.7,59.2186623342082));
#6355=CARTESIAN_POINT('Origin',(4.5,34.7,59.2186623342082));
#6356=CARTESIAN_POINT('',(3.8,34.7,58.));
#6357=CARTESIAN_POINT('Origin',(5.2,34.7,58.));
#6358=CARTESIAN_POINT('',(5.2,47.3,64.));
#6359=CARTESIAN_POINT('',(5.2,26.35,64.));
#6360=CARTESIAN_POINT('',(5.2,47.3,61.8536138070636));
#6361=CARTESIAN_POINT('',(5.2,47.3,58.));
#6362=CARTESIAN_POINT('',(5.2,41.2279138865274,60.5838001365875));
#6363=CARTESIAN_POINT('Origin',(3.8,47.3,58.));
#6364=CARTESIAN_POINT('',(3.8,47.3,64.));
#6365=CARTESIAN_POINT('',(3.8,32.65,64.));
#6366=CARTESIAN_POINT('',(3.8,47.3,61.8536138070636));
#6367=CARTESIAN_POINT('',(3.8,47.2639433218519,61.8460735215721));
#6368=CARTESIAN_POINT('',(3.8,47.3,58.));
#6369=CARTESIAN_POINT('Origin',(4.49999999999999,47.3,58.));
#6370=CARTESIAN_POINT('Origin',(4.49999999999999,47.3,64.));
#6371=CARTESIAN_POINT('',(4.49999999999999,48.,62.));
#6372=CARTESIAN_POINT('Origin',(4.49999999999999,47.3,61.8536138070636));
#6373=CARTESIAN_POINT('Origin',(4.49999999999999,47.3,61.8536138070636));
#6374=CARTESIAN_POINT('Origin',(-13.5,34.7,58.));
#6375=CARTESIAN_POINT('',(-12.8,34.7,64.));
#6376=CARTESIAN_POINT('',(-14.2,34.7,64.));
#6377=CARTESIAN_POINT('Origin',(-13.5,34.7,64.));
#6378=CARTESIAN_POINT('',(-12.8,34.7,59.2186623342082));
#6379=CARTESIAN_POINT('',(-12.8,34.7,58.));
#6380=CARTESIAN_POINT('',(-14.2,34.7,59.2186623342082));
#6381=CARTESIAN_POINT('Origin',(-13.5,34.7,59.2186623342082));
#6382=CARTESIAN_POINT('',(-14.2,34.7,58.));
#6383=CARTESIAN_POINT('Origin',(-12.8,34.7,58.));
#6384=CARTESIAN_POINT('',(-12.8,47.3,64.));
#6385=CARTESIAN_POINT('',(-12.8,26.35,64.));
#6386=CARTESIAN_POINT('',(-12.8,47.3,61.8536138070636));
#6387=CARTESIAN_POINT('',(-12.8,47.3,58.));
#6388=CARTESIAN_POINT('',(-12.8,41.2279138865274,60.5838001365875));
#6389=CARTESIAN_POINT('Origin',(-13.5,47.3,58.));
#6390=CARTESIAN_POINT('',(-14.2,47.3,64.));
#6391=CARTESIAN_POINT('Origin',(-13.5,47.3,64.));
#6392=CARTESIAN_POINT('',(-14.2,47.3,61.8536138070636));
#6393=CARTESIAN_POINT('',(-14.2,47.3,58.));
#6394=CARTESIAN_POINT('',(-13.5,48.,62.));
#6395=CARTESIAN_POINT('Origin',(-13.5,47.3,61.8536138070636));
#6396=CARTESIAN_POINT('Origin',(-13.5,47.3,61.8536138070636));
#6397=CARTESIAN_POINT('Origin',(-4.5,34.7,58.));
#6398=CARTESIAN_POINT('',(-3.8,34.7,64.));
#6399=CARTESIAN_POINT('',(-5.2,34.7,64.));
#6400=CARTESIAN_POINT('Origin',(-4.5,34.7,64.));
#6401=CARTESIAN_POINT('',(-3.8,34.7,59.2186623342082));
#6402=CARTESIAN_POINT('',(-3.8,34.7,58.));
#6403=CARTESIAN_POINT('',(-5.2,34.7,59.2186623342082));
#6404=CARTESIAN_POINT('Origin',(-4.5,34.7,59.2186623342082));
#6405=CARTESIAN_POINT('',(-5.2,34.7,58.));
#6406=CARTESIAN_POINT('Origin',(-3.8,34.7,58.));
#6407=CARTESIAN_POINT('',(-3.8,47.3,64.));
#6408=CARTESIAN_POINT('',(-3.8,26.35,64.));
#6409=CARTESIAN_POINT('',(-3.8,47.3,61.8536138070636));
#6410=CARTESIAN_POINT('',(-3.8,47.3,58.));
#6411=CARTESIAN_POINT('',(-3.8,41.2279138865274,60.5838001365875));
#6412=CARTESIAN_POINT('Origin',(-5.2,47.3,58.));
#6413=CARTESIAN_POINT('',(-5.2,47.3,64.));
#6414=CARTESIAN_POINT('',(-5.2,32.65,64.));
#6415=CARTESIAN_POINT('',(-5.2,47.3,61.8536138070636));
#6416=CARTESIAN_POINT('',(-5.2,47.2639433218519,61.8460735215721));
#6417=CARTESIAN_POINT('',(-5.2,47.3,58.));
#6418=CARTESIAN_POINT('Origin',(-4.50000000000001,47.3,58.));
#6419=CARTESIAN_POINT('Origin',(-4.50000000000001,47.3,64.));
#6420=CARTESIAN_POINT('',(-4.50000000000001,48.,62.));
#6421=CARTESIAN_POINT('Origin',(-4.50000000000001,47.3,61.8536138070636));
#6422=CARTESIAN_POINT('Origin',(-4.50000000000001,47.3,61.8536138070636));
#6423=CARTESIAN_POINT('Origin',(-10.5,34.7,58.));
#6424=CARTESIAN_POINT('',(-9.8,34.7,64.));
#6425=CARTESIAN_POINT('',(-11.2,34.7,64.));
#6426=CARTESIAN_POINT('Origin',(-10.5,34.7,64.));
#6427=CARTESIAN_POINT('',(-9.8,34.7,59.2186623342082));
#6428=CARTESIAN_POINT('',(-9.8,34.7,58.));
#6429=CARTESIAN_POINT('',(-11.2,34.7,59.2186623342082));
#6430=CARTESIAN_POINT('Origin',(-10.5,34.7,59.2186623342082));
#6431=CARTESIAN_POINT('',(-11.2,34.7,58.));
#6432=CARTESIAN_POINT('Origin',(-9.8,34.7,58.));
#6433=CARTESIAN_POINT('',(-9.8,47.3,64.));
#6434=CARTESIAN_POINT('',(-9.8,26.35,64.));
#6435=CARTESIAN_POINT('',(-9.8,47.3,61.8536138070636));
#6436=CARTESIAN_POINT('',(-9.8,47.3,58.));
#6437=CARTESIAN_POINT('',(-9.8,41.2279138865274,60.5838001365875));
#6438=CARTESIAN_POINT('Origin',(-11.2,47.3,58.));
#6439=CARTESIAN_POINT('',(-11.2,47.3,64.));
#6440=CARTESIAN_POINT('',(-11.2,32.65,64.));
#6441=CARTESIAN_POINT('',(-11.2,47.3,61.8536138070636));
#6442=CARTESIAN_POINT('',(-11.2,47.2639433218519,61.8460735215721));
#6443=CARTESIAN_POINT('',(-11.2,47.3,58.));
#6444=CARTESIAN_POINT('Origin',(-10.5,47.3,58.));
#6445=CARTESIAN_POINT('Origin',(-10.5,47.3,64.));
#6446=CARTESIAN_POINT('',(-10.5,48.,62.));
#6447=CARTESIAN_POINT('Origin',(-10.5,47.3,61.8536138070636));
#6448=CARTESIAN_POINT('Origin',(-10.5,47.3,61.8536138070636));
#6449=CARTESIAN_POINT('Origin',(-7.5,34.7,58.));
#6450=CARTESIAN_POINT('',(-6.8,34.7,64.));
#6451=CARTESIAN_POINT('',(-8.2,34.7,64.));
#6452=CARTESIAN_POINT('Origin',(-7.5,34.7,64.));
#6453=CARTESIAN_POINT('',(-6.8,34.7,59.2186623342082));
#6454=CARTESIAN_POINT('',(-6.8,34.7,58.));
#6455=CARTESIAN_POINT('',(-8.2,34.7,59.2186623342082));
#6456=CARTESIAN_POINT('Origin',(-7.5,34.7,59.2186623342082));
#6457=CARTESIAN_POINT('',(-8.2,34.7,58.));
#6458=CARTESIAN_POINT('Origin',(-6.8,34.7,58.));
#6459=CARTESIAN_POINT('',(-6.8,47.3,64.));
#6460=CARTESIAN_POINT('',(-6.8,26.35,64.));
#6461=CARTESIAN_POINT('',(-6.8,47.3,61.8536138070636));
#6462=CARTESIAN_POINT('',(-6.8,47.3,58.));
#6463=CARTESIAN_POINT('',(-6.8,41.2279138865274,60.5838001365875));
#6464=CARTESIAN_POINT('Origin',(-8.2,47.3,58.));
#6465=CARTESIAN_POINT('',(-8.19999999999999,47.3,64.));
#6466=CARTESIAN_POINT('',(-8.2,32.65,64.));
#6467=CARTESIAN_POINT('',(-8.19999999999999,47.3,61.8536138070636));
#6468=CARTESIAN_POINT('',(-8.2,47.2639433218519,61.8460735215721));
#6469=CARTESIAN_POINT('',(-8.19999999999999,47.3,58.));
#6470=CARTESIAN_POINT('Origin',(-7.50000000000001,47.3,58.));
#6471=CARTESIAN_POINT('Origin',(-7.50000000000001,47.3,64.));
#6472=CARTESIAN_POINT('',(-7.50000000000001,48.,62.));
#6473=CARTESIAN_POINT('Origin',(-7.50000000000001,47.3,61.8536138070636));
#6474=CARTESIAN_POINT('Origin',(-7.50000000000001,47.3,61.8536138070636));
#6475=CARTESIAN_POINT('Origin',(-1.5,34.7,58.));
#6476=CARTESIAN_POINT('',(-0.799999999999999,34.7,64.));
#6477=CARTESIAN_POINT('',(-2.2,34.7,64.));
#6478=CARTESIAN_POINT('Origin',(-1.5,34.7,64.));
#6479=CARTESIAN_POINT('',(-0.799999999999999,34.7,59.2186623342082));
#6480=CARTESIAN_POINT('',(-0.799999999999999,34.7,58.));
#6481=CARTESIAN_POINT('',(-2.2,34.7,59.2186623342082));
#6482=CARTESIAN_POINT('Origin',(-1.5,34.7,59.2186623342082));
#6483=CARTESIAN_POINT('',(-2.2,34.7,58.));
#6484=CARTESIAN_POINT('Origin',(-0.8,34.7,58.));
#6485=CARTESIAN_POINT('',(-0.8,47.3,64.));
#6486=CARTESIAN_POINT('',(-0.800000000000001,26.35,64.));
#6487=CARTESIAN_POINT('',(-0.8,47.3,61.8536138070636));
#6488=CARTESIAN_POINT('',(-0.8,47.3,58.));
#6489=CARTESIAN_POINT('',(-0.8,41.2279138865274,60.5838001365875));
#6490=CARTESIAN_POINT('Origin',(-2.2,47.3,58.));
#6491=CARTESIAN_POINT('',(-2.19999999999999,47.3,64.));
#6492=CARTESIAN_POINT('',(-2.2,32.65,64.));
#6493=CARTESIAN_POINT('',(-2.19999999999999,47.3,61.8536138070636));
#6494=CARTESIAN_POINT('',(-2.2,47.2639433218519,61.8460735215721));
#6495=CARTESIAN_POINT('',(-2.19999999999999,47.3,58.));
#6496=CARTESIAN_POINT('Origin',(-1.50000000000001,47.3,58.));
#6497=CARTESIAN_POINT('Origin',(-1.50000000000001,47.3,64.));
#6498=CARTESIAN_POINT('',(-1.50000000000001,48.,62.));
#6499=CARTESIAN_POINT('Origin',(-1.50000000000001,47.3,61.8536138070636));
#6500=CARTESIAN_POINT('Origin',(-1.50000000000001,47.3,61.8536138070636));
#6501=CARTESIAN_POINT('Origin',(1.5,34.7,58.));
#6502=CARTESIAN_POINT('',(2.2,34.7,64.));
#6503=CARTESIAN_POINT('',(0.8,34.7,64.));
#6504=CARTESIAN_POINT('Origin',(1.5,34.7,64.));
#6505=CARTESIAN_POINT('',(2.2,34.7,59.2186623342082));
#6506=CARTESIAN_POINT('',(2.2,34.7,58.));
#6507=CARTESIAN_POINT('',(0.8,34.7,59.2186623342082));
#6508=CARTESIAN_POINT('Origin',(1.5,34.7,59.2186623342082));
#6509=CARTESIAN_POINT('',(0.8,34.7,58.));
#6510=CARTESIAN_POINT('Origin',(2.2,34.7,58.));
#6511=CARTESIAN_POINT('',(2.2,47.3,64.));
#6512=CARTESIAN_POINT('',(2.2,26.35,64.));
#6513=CARTESIAN_POINT('',(2.2,47.3,61.8536138070636));
#6514=CARTESIAN_POINT('',(2.2,47.3,58.));
#6515=CARTESIAN_POINT('',(2.2,41.2279138865274,60.5838001365875));
#6516=CARTESIAN_POINT('Origin',(0.8,47.3,58.));
#6517=CARTESIAN_POINT('',(0.800000000000008,47.3,64.));
#6518=CARTESIAN_POINT('',(0.800000000000001,32.65,64.));
#6519=CARTESIAN_POINT('',(0.800000000000008,47.3,61.8536138070636));
#6520=CARTESIAN_POINT('',(0.8,47.2639433218519,61.8460735215721));
#6521=CARTESIAN_POINT('',(0.800000000000008,47.3,58.));
#6522=CARTESIAN_POINT('Origin',(1.49999999999999,47.3,58.));
#6523=CARTESIAN_POINT('Origin',(1.49999999999999,47.3,64.));
#6524=CARTESIAN_POINT('',(1.49999999999999,48.,62.));
#6525=CARTESIAN_POINT('Origin',(1.49999999999999,47.3,61.8536138070636));
#6526=CARTESIAN_POINT('Origin',(1.49999999999999,47.3,61.8536138070636));
#6527=CARTESIAN_POINT('Origin',(7.5,34.7,58.));
#6528=CARTESIAN_POINT('',(8.2,34.7,64.));
#6529=CARTESIAN_POINT('',(6.8,34.7,64.));
#6530=CARTESIAN_POINT('Origin',(7.5,34.7,64.));
#6531=CARTESIAN_POINT('',(8.2,34.7,59.2186623342082));
#6532=CARTESIAN_POINT('',(8.2,34.7,58.));
#6533=CARTESIAN_POINT('',(6.8,34.7,59.2186623342082));
#6534=CARTESIAN_POINT('Origin',(7.5,34.7,59.2186623342082));
#6535=CARTESIAN_POINT('',(6.8,34.7,58.));
#6536=CARTESIAN_POINT('Origin',(8.2,34.7,58.));
#6537=CARTESIAN_POINT('',(8.2,47.3,64.));
#6538=CARTESIAN_POINT('',(8.2,26.35,64.));
#6539=CARTESIAN_POINT('',(8.2,47.3,61.8536138070636));
#6540=CARTESIAN_POINT('',(8.2,47.3,58.));
#6541=CARTESIAN_POINT('',(8.2,41.2279138865274,60.5838001365875));
#6542=CARTESIAN_POINT('Origin',(6.8,47.3,58.));
#6543=CARTESIAN_POINT('',(6.80000000000001,47.3,64.));
#6544=CARTESIAN_POINT('',(6.8,32.65,64.));
#6545=CARTESIAN_POINT('',(6.80000000000001,47.3,61.8536138070636));
#6546=CARTESIAN_POINT('',(6.8,47.2639433218519,61.8460735215721));
#6547=CARTESIAN_POINT('',(6.80000000000001,47.3,58.));
#6548=CARTESIAN_POINT('Origin',(7.49999999999999,47.3,58.));
#6549=CARTESIAN_POINT('Origin',(7.49999999999999,47.3,64.));
#6550=CARTESIAN_POINT('',(7.49999999999999,48.,62.));
#6551=CARTESIAN_POINT('Origin',(7.49999999999999,47.3,61.8536138070636));
#6552=CARTESIAN_POINT('Origin',(7.49999999999999,47.3,61.8536138070636));
#6553=CARTESIAN_POINT('Origin',(13.5,34.7,58.));
#6554=CARTESIAN_POINT('',(14.2,34.7,64.));
#6555=CARTESIAN_POINT('',(12.8,34.7,64.));
#6556=CARTESIAN_POINT('Origin',(13.5,34.7,64.));
#6557=CARTESIAN_POINT('',(14.2,34.7,59.2186623342082));
#6558=CARTESIAN_POINT('',(14.2,34.7,58.));
#6559=CARTESIAN_POINT('',(12.8,34.7,59.2186623342082));
#6560=CARTESIAN_POINT('Origin',(13.5,34.7,59.2186623342082));
#6561=CARTESIAN_POINT('',(12.8,34.7,58.));
#6562=CARTESIAN_POINT('Origin',(12.8,47.3,58.));
#6563=CARTESIAN_POINT('',(12.8,47.3,64.));
#6564=CARTESIAN_POINT('',(12.8,32.65,64.));
#6565=CARTESIAN_POINT('',(12.8,47.3,61.8536138070636));
#6566=CARTESIAN_POINT('',(12.8,47.2639433218519,61.8460735215721));
#6567=CARTESIAN_POINT('',(12.8,47.3,58.));
#6568=CARTESIAN_POINT('Origin',(13.5,47.3,58.));
#6569=CARTESIAN_POINT('',(14.2,47.3,64.));
#6570=CARTESIAN_POINT('Origin',(13.5,47.3,64.));
#6571=CARTESIAN_POINT('',(13.5,48.,62.));
#6572=CARTESIAN_POINT('Origin',(13.5,47.3,61.8536138070636));
#6573=CARTESIAN_POINT('',(14.2,47.3,61.8536138070636));
#6574=CARTESIAN_POINT('Origin',(13.5,47.3,61.8536138070636));
#6575=CARTESIAN_POINT('',(14.2,47.3,58.));
#6576=CARTESIAN_POINT('Origin',(-14.2,35.5723515764261,55.));
#6577=CARTESIAN_POINT('',(-14.2,29.3516419081733,58.1001969348894));
#6578=CARTESIAN_POINT('',(-14.2,48.,62.));
#6579=CARTESIAN_POINT('',(-14.2,29.831273720528,58.0497856000428));
#6580=CARTESIAN_POINT('',(-14.2,22.8340250388287,58.7852260716966));
#6581=CARTESIAN_POINT('',(-14.2,29.6117639476659,55.9612896197694));
#6582=CARTESIAN_POINT('',(-14.2,29.6492388385097,56.3178393891392));
#6583=CARTESIAN_POINT('',(-14.2,24.1418935231404,56.5361961677415));
#6584=CARTESIAN_POINT('',(-14.2,22.6145152659666,56.6967300914232));
#6585=CARTESIAN_POINT('',(-14.2,23.8387609796642,53.6520826711735));
#6586=CARTESIAN_POINT('',(-14.2,23.1445366276344,47.0469791729654));
#6587=CARTESIAN_POINT('',(-14.2,24.8332828750325,53.5475542079059));
#6588=CARTESIAN_POINT('',(-14.2,29.5216664639104,53.0547852361647));
#6589=CARTESIAN_POINT('',(-14.2,24.2864208258233,48.3445093655466));
#6590=CARTESIAN_POINT('',(-14.2,24.0214640018266,45.8236135774084));
#6591=CARTESIAN_POINT('',(-14.2,48.,55.5));
#6592=CARTESIAN_POINT('',(-14.2,23.1447031528521,48.));
#6593=CARTESIAN_POINT('',(-14.2,48.,62.));
#6594=CARTESIAN_POINT('',(-14.2,48.,55.5));
#6595=CARTESIAN_POINT('',(-14.2,48.,62.));
#6596=CARTESIAN_POINT('',(-14.2,32.65,64.));
#6597=CARTESIAN_POINT('Origin',(14.2,35.5723515764261,55.));
#6598=CARTESIAN_POINT('',(14.2,48.,62.));
#6599=CARTESIAN_POINT('',(14.2,48.,62.));
#6600=CARTESIAN_POINT('',(14.2,48.,55.5));
#6601=CARTESIAN_POINT('',(14.2,48.,55.5));
#6602=CARTESIAN_POINT('',(14.2,24.2864208258233,48.3445093655466));
#6603=CARTESIAN_POINT('',(14.2,23.1447031528521,48.));
#6604=CARTESIAN_POINT('',(14.2,24.8332828750325,53.5475542079059));
#6605=CARTESIAN_POINT('',(14.2,24.0214640018266,45.8236135774084));
#6606=CARTESIAN_POINT('',(14.2,23.8387609796642,53.6520826711735));
#6607=CARTESIAN_POINT('',(14.2,29.5216664639104,53.0547852361647));
#6608=CARTESIAN_POINT('',(14.2,24.1418935231404,56.5361961677415));
#6609=CARTESIAN_POINT('',(14.2,23.1445366276344,47.0469791729654));
#6610=CARTESIAN_POINT('',(14.2,29.6117639476659,55.9612896197694));
#6611=CARTESIAN_POINT('',(14.2,22.6145152659666,56.6967300914232));
#6612=CARTESIAN_POINT('',(14.2,29.831273720528,58.0497856000428));
#6613=CARTESIAN_POINT('',(14.2,29.6492388385097,56.3178393891392));
#6614=CARTESIAN_POINT('',(14.2,29.3516419081733,58.1001969348894));
#6615=CARTESIAN_POINT('',(14.2,22.8340250388287,58.7852260716966));
#6616=CARTESIAN_POINT('',(14.2,48.,62.));
#6617=CARTESIAN_POINT('',(14.2,26.35,64.));
#6618=CARTESIAN_POINT('Origin',(0.,48.,62.));
#6619=CARTESIAN_POINT('',(0.,48.,62.));
#6620=CARTESIAN_POINT('Origin',(0.,48.,62.));
#6621=CARTESIAN_POINT('',(0.,48.,62.));
#6622=CARTESIAN_POINT('Origin',(0.,48.,62.));
#6623=CARTESIAN_POINT('',(0.,48.,62.));
#6624=CARTESIAN_POINT('',(0.,48.,62.));
#6625=CARTESIAN_POINT('',(0.,48.,62.));
#6626=CARTESIAN_POINT('',(0.,48.,62.));
#6627=CARTESIAN_POINT('',(0.,48.,62.));
#6628=CARTESIAN_POINT('',(0.,48.,62.));
#6629=CARTESIAN_POINT('',(0.,48.,62.));
#6630=CARTESIAN_POINT('',(0.,48.,62.));
#6631=CARTESIAN_POINT('',(0.,48.,62.));
#6632=CARTESIAN_POINT('',(0.999999999999998,29.3516419081733,58.1001969348894));
#6633=CARTESIAN_POINT('',(0.5,29.3516419081733,58.1001969348894));
#6634=CARTESIAN_POINT('',(0.999999999999998,24.0906412702432,57.));
#6635=CARTESIAN_POINT('',(0.999999999999998,29.2204810945123,58.0727681746405));
#6636=CARTESIAN_POINT('',(-12.,24.0906412702432,57.));
#6637=CARTESIAN_POINT('',(0.,24.0906412702432,57.));
#6638=CARTESIAN_POINT('',(-12.,29.3516419081733,58.1001969348894));
#6639=CARTESIAN_POINT('',(-12.,29.5348636612491,58.1385128418836));
#6640=CARTESIAN_POINT('',(-8.,29.3516419081733,58.1001969348894));
#6641=CARTESIAN_POINT('Origin',(15.,9.84138362362567,60.1508077117226));
#6642=CARTESIAN_POINT('',(15.,9.68459092872419,58.6590248686702));
#6643=CARTESIAN_POINT('',(15.,10.1295876447745,58.1094996893523));
#6644=CARTESIAN_POINT('',(15.,9.35084339168646,59.0711687531587));
#6645=CARTESIAN_POINT('',(15.,9.84138362362567,60.1508077117226));
#6646=CARTESIAN_POINT('',(15.,10.058280184906,62.2144406446118));
#6647=CARTESIAN_POINT('',(15.,29.831273720528,58.0497856000428));
#6648=CARTESIAN_POINT('',(15.,9.84138362362567,60.1508077117226));
#6649=CARTESIAN_POINT('',(15.,29.6117639476659,55.9612896197694));
#6650=CARTESIAN_POINT('',(15.,29.6117639476659,55.9612896197694));
#6651=CARTESIAN_POINT('',(15.,24.1418935231404,56.5361961677415));
#6652=CARTESIAN_POINT('',(15.,9.6218738507636,58.0623117314493));
#6653=CARTESIAN_POINT('',(15.,24.1523463694672,56.6356483572784));
#6654=CARTESIAN_POINT('',(15.,23.2716940664372,48.2568013888007));
#6655=CARTESIAN_POINT('',(15.,9.63232669709037,58.1617639209861));
#6656=CARTESIAN_POINT('Origin',(15.,9.6218738507636,58.0623117314493));
#6657=CARTESIAN_POINT('',(7.25,24.1418935231404,56.5361961677415));
#6658=CARTESIAN_POINT('',(0.999999999999998,29.6117639476659,55.9612896197694));
#6659=CARTESIAN_POINT('Origin',(8.,29.7215188340969,57.0055376099061));
#6660=CARTESIAN_POINT('',(15.,29.831273720528,58.0497856000428));
#6661=CARTESIAN_POINT('Origin',(1.,9.6218738507636,58.0623117314493));
#6662=CARTESIAN_POINT('',(1.,10.1295876447745,58.1094996893523));
#6663=CARTESIAN_POINT('',(1.,9.68459092872419,58.6590248686702));
#6664=CARTESIAN_POINT('',(0.999999999999999,9.81808994353928,58.4941673148749));
#6665=CARTESIAN_POINT('',(0.999999999999999,24.0534389894305,56.6460439418193));
#6666=CARTESIAN_POINT('',(0.999999999999999,9.63232669709037,58.1617639209861));
#6667=CARTESIAN_POINT('',(0.999999999999998,24.0668137066735,56.7732958761412));
#6668=CARTESIAN_POINT('',(1.,9.84138362362567,60.1508077117226));
#6669=CARTESIAN_POINT('',(1.,9.84138362362567,60.1508077117226));
#6670=CARTESIAN_POINT('',(1.,9.94852529847501,61.1701926544751));
#6671=CARTESIAN_POINT('Origin',(1.,9.84138362362567,60.1508077117226));
#6672=CARTESIAN_POINT('',(0.5,9.84138362362567,60.1508077117226));
#6673=CARTESIAN_POINT('Origin',(-12.,9.84138362362567,60.1508077117226));
#6674=CARTESIAN_POINT('',(-12.,9.68459092872419,58.6590248686702));
#6675=CARTESIAN_POINT('',(-12.,10.1295876447745,58.1094996893523));
#6676=CARTESIAN_POINT('',(-12.,9.35084339168646,59.0711687531587));
#6677=CARTESIAN_POINT('',(-12.,9.84138362362567,60.1508077117226));
#6678=CARTESIAN_POINT('',(-12.,10.058280184906,62.2144406446118));
#6679=CARTESIAN_POINT('',(-12.,9.84138362362567,60.1508077117226));
#6680=CARTESIAN_POINT('',(-12.,24.0534389894305,56.6460439418193));
#6681=CARTESIAN_POINT('',(-12.,24.1765685931045,57.8175438662779));
#6682=CARTESIAN_POINT('',(-12.,9.63232669709037,58.1617639209861));
#6683=CARTESIAN_POINT('Origin',(-16.,9.84138362362567,60.1508077117226));
#6684=CARTESIAN_POINT('',(-16.,9.84138362362567,60.1508077117226));
#6685=CARTESIAN_POINT('',(-8.,9.84138362362567,60.1508077117226));
#6686=CARTESIAN_POINT('',(-16.,29.831273720528,58.0497856000428));
#6687=CARTESIAN_POINT('',(-16.,9.84138362362567,60.1508077117226));
#6688=CARTESIAN_POINT('',(-12.,29.831273720528,58.0497856000428));
#6689=CARTESIAN_POINT('Origin',(-16.,9.6218738507636,58.0623117314493));
#6690=CARTESIAN_POINT('',(-16.,10.1295876447745,58.1094996893523));
#6691=CARTESIAN_POINT('',(-16.,9.68459092872419,58.6590248686702));
#6692=CARTESIAN_POINT('',(-16.,9.81808994353928,58.4941673148749));
#6693=CARTESIAN_POINT('',(-16.,24.1523463694672,56.6356483572784));
#6694=CARTESIAN_POINT('',(-16.,9.63232669709037,58.1617639209861));
#6695=CARTESIAN_POINT('',(-16.,24.1418935231404,56.5361961677415));
#6696=CARTESIAN_POINT('',(-16.,23.1619391800061,47.212553398664));
#6697=CARTESIAN_POINT('',(-16.,29.6117639476659,55.9612896197694));
#6698=CARTESIAN_POINT('',(-16.,9.6218738507636,58.0623117314493));
#6699=CARTESIAN_POINT('',(-16.,29.831273720528,58.0497856000428));
#6700=CARTESIAN_POINT('',(-16.,9.94852529847501,61.1701926544751));
#6701=CARTESIAN_POINT('Origin',(-12.,9.6218738507636,58.0623117314493));
#6702=CARTESIAN_POINT('',(-6.25,24.1418935231404,56.5361961677415));
#6703=CARTESIAN_POINT('',(-16.,29.6117639476659,55.9612896197694));
#6704=CARTESIAN_POINT('Origin',(-14.,29.7215188340969,57.0055376099061));
#6705=CARTESIAN_POINT('Origin',(-0.499999999999998,22.1819848368719,37.8889106295864));
#6706=CARTESIAN_POINT('',(15.7,23.8387609796642,53.6520826711735));
#6707=CARTESIAN_POINT('',(-8.6,23.8387609796642,53.6520826711735));
#6708=CARTESIAN_POINT('',(19.2,23.4729113582274,50.1712560373846));
#6709=CARTESIAN_POINT('Origin',(15.7,23.4729113582274,50.1712560373846));
#6710=CARTESIAN_POINT('',(19.2,20.8910583155164,25.6065652217882));
#6711=CARTESIAN_POINT('',(19.2,22.8274480975496,44.0300833334855));
#6712=CARTESIAN_POINT('',(15.7,20.5252086940796,22.1257385879993));
#6713=CARTESIAN_POINT('Origin',(15.7,20.8910583155164,25.6065652217882));
#6714=CARTESIAN_POINT('',(14.,20.5252086940796,22.1257385879993));
#6715=CARTESIAN_POINT('',(7.6,20.5252086940796,22.1257385879993));
#6716=CARTESIAN_POINT('',(14.,20.2116233042766,19.1421729018945));
#6717=CARTESIAN_POINT('',(14.,21.3535967654757,30.0073246087928));
#6718=CARTESIAN_POINT('',(15.7,20.2116233042766,19.1421729018945));
#6719=CARTESIAN_POINT('',(-16.7,20.2116233042766,19.1421729018945));
#6720=CARTESIAN_POINT('',(22.2,20.8910583155164,25.6065652217882));
#6721=CARTESIAN_POINT('Origin',(15.7,20.8910583155164,25.6065652217882));
#6722=CARTESIAN_POINT('',(22.2,23.4729113582274,50.1712560373846));
#6723=CARTESIAN_POINT('',(22.2,20.8910583155164,25.6065652217882));
#6724=CARTESIAN_POINT('',(15.7,24.1523463694672,56.6356483572784));
#6725=CARTESIAN_POINT('Origin',(15.7,23.4729113582274,50.1712560373846));
#6726=CARTESIAN_POINT('',(15.7,24.1523463694672,56.6356483572784));
#6727=CARTESIAN_POINT('Origin',(15.7,9.68459092872419,58.6590248686702));
#6728=CARTESIAN_POINT('',(-16.7,9.68459092872419,58.6590248686702));
#6729=CARTESIAN_POINT('',(7.85,9.68459092872419,58.6590248686703));
#6730=CARTESIAN_POINT('',(-16.7,10.1295876447745,58.1094996893523));
#6731=CARTESIAN_POINT('',(-16.7,9.68459092872419,58.6590248686702));
#6732=CARTESIAN_POINT('',(-0.5,10.1295876447745,58.1094996893523));
#6733=CARTESIAN_POINT('Origin',(15.7,9.68459092872419,58.6590248686702));
#6734=CARTESIAN_POINT('',(7.85,9.68459092872419,58.6590248686703));
#6735=CARTESIAN_POINT('',(-0.5,10.1295876447745,58.1094996893523));
#6736=CARTESIAN_POINT('Origin',(15.7,9.68459092872419,58.6590248686702));
#6737=CARTESIAN_POINT('',(15.7,10.1295876447745,58.1094996893523));
#6738=CARTESIAN_POINT('',(-0.5,10.1295876447745,58.1094996893523));
#6739=CARTESIAN_POINT('',(15.7,9.68459092872419,58.6590248686702));
#6740=CARTESIAN_POINT('',(15.7,9.68459092872419,58.6590248686702));
#6741=CARTESIAN_POINT('',(7.85,9.68459092872419,58.6590248686703));
#6742=CARTESIAN_POINT('Origin',(-16.7,9.63232669709036,58.1617639209861));
#6743=CARTESIAN_POINT('',(-16.7,24.1523463694672,56.6356483572784));
#6744=CARTESIAN_POINT('',(-16.7,9.63232669709037,58.1617639209861));
#6745=CARTESIAN_POINT('',(15.7,24.1523463694672,56.6356483572784));
#6746=CARTESIAN_POINT('Origin',(-16.7,9.63232669709036,58.1617639209861));
#6747=CARTESIAN_POINT('',(-8.35,24.0534389894305,56.6460439418193));
#6748=CARTESIAN_POINT('Origin',(-16.7,9.63232669709036,58.1617639209861));
#6749=CARTESIAN_POINT('',(15.7,9.63232669709036,58.1617639209861));
#6750=CARTESIAN_POINT('Origin',(0.,23.1447031528521,48.));
#6751=CARTESIAN_POINT('',(-0.25,24.2864208258233,48.3445093655466));
#6752=CARTESIAN_POINT('',(0.,48.,55.5));
#6753=CARTESIAN_POINT('Origin',(0.,48.,55.5));
#6754=CARTESIAN_POINT('Origin',(0.,24.0906412702432,57.));
#6755=CARTESIAN_POINT('Origin',(-0.499999999999998,22.1819848368719,37.8889106295864));
#6756=CARTESIAN_POINT('',(-23.2,23.4729113582274,50.1712560373846));
#6757=CARTESIAN_POINT('Origin',(-16.7,23.4729113582274,50.1712560373846));
#6758=CARTESIAN_POINT('',(-23.2,20.8910583155164,25.6065652217882));
#6759=CARTESIAN_POINT('',(-23.2,23.4729113582274,50.1712560373846));
#6760=CARTESIAN_POINT('',(-16.7,20.2116233042766,19.1421729018944));
#6761=CARTESIAN_POINT('Origin',(-16.7,20.8910583155164,25.6065652217882));
#6762=CARTESIAN_POINT('',(-14.,20.2116233042766,19.1421729018945));
#6763=CARTESIAN_POINT('',(-16.7,20.2116233042766,19.1421729018945));
#6764=CARTESIAN_POINT('',(-14.,20.5252086940796,22.1257385879993));
#6765=CARTESIAN_POINT('',(-14.,21.1184077231235,27.7696503442142));
#6766=CARTESIAN_POINT('',(-16.7,20.5252086940796,22.1257385879993));
#6767=CARTESIAN_POINT('',(-7.25,20.5252086940796,22.1257385879993));
#6768=CARTESIAN_POINT('',(-20.2,20.8910583155164,25.6065652217882));
#6769=CARTESIAN_POINT('Origin',(-16.7,20.8910583155164,25.6065652217882));
#6770=CARTESIAN_POINT('',(-20.2,23.4729113582274,50.1712560373846));
#6771=CARTESIAN_POINT('',(-20.2,21.5365215761941,31.7477379256873));
#6772=CARTESIAN_POINT('',(-16.7,23.8387609796642,53.6520826711735));
#6773=CARTESIAN_POINT('Origin',(-16.7,23.4729113582274,50.1712560373846));
#6774=CARTESIAN_POINT('',(-8.6,23.8387609796642,53.6520826711735));
#6775=CARTESIAN_POINT('Origin',(-0.5,22.9413176898879,35.5467079017401));
#6776=CARTESIAN_POINT('',(-16.7,24.8332828750325,53.5475542079059));
#6777=CARTESIAN_POINT('',(15.7,24.8332828750325,53.5475542079059));
#6778=CARTESIAN_POINT('',(-20.2,24.4674332535957,50.0667275741169));
#6779=CARTESIAN_POINT('Origin',(-16.7,24.4674332535957,50.0667275741169));
#6780=CARTESIAN_POINT('',(-20.2,21.8855802108846,25.5020367585206));
#6781=CARTESIAN_POINT('',(-20.2,24.4674332535957,50.0667275741169));
#6782=CARTESIAN_POINT('',(-16.7,21.5197305894479,22.0212101247316));
#6783=CARTESIAN_POINT('Origin',(-16.7,21.8855802108846,25.5020367585206));
#6784=CARTESIAN_POINT('',(-14.,21.5197305894479,22.0212101247316));
#6785=CARTESIAN_POINT('',(-16.7,21.5197305894479,22.0212101247316));
#6786=CARTESIAN_POINT('',(-14.,19.5180105178723,2.97611582842918));
#6787=CARTESIAN_POINT('',(-14.,21.6242590527155,23.0157320200999));
#6788=CARTESIAN_POINT('',(-8.,19.5180105178723,2.97611582842918));
#6789=CARTESIAN_POINT('',(-14.,19.5180105178723,2.97611582842918));
#6790=CARTESIAN_POINT('',(-8.,19.9872444922844,7.44057887528934));
#6791=CARTESIAN_POINT('',(-8.,21.2102028242641,19.0762501580723));
#6792=CARTESIAN_POINT('',(-6.,20.2562504923199,9.99999999999999));
#6793=CARTESIAN_POINT('Origin',(-6.,19.9872444922844,7.44057887528934));
#6794=CARTESIAN_POINT('',(6.,20.2562504923199,9.99999999999999));
#6795=CARTESIAN_POINT('',(-0.25,20.2562504923199,9.99999999999999));
#6796=CARTESIAN_POINT('',(8.,19.9872444922844,7.44057887528934));
#6797=CARTESIAN_POINT('Origin',(6.,19.9872444922844,7.44057887528934));
#6798=CARTESIAN_POINT('',(8.,19.5180105178723,2.97611582842918));
#6799=CARTESIAN_POINT('',(8.,21.2102028242641,19.0762501580723));
#6800=CARTESIAN_POINT('',(14.,19.5180105178723,2.97611582842918));
#6801=CARTESIAN_POINT('',(-14.,19.5180105178723,2.97611582842918));
#6802=CARTESIAN_POINT('',(14.,21.5197305894479,22.0212101247316));
#6803=CARTESIAN_POINT('',(14.,19.5180105178723,2.97611582842918));
#6804=CARTESIAN_POINT('',(15.7,21.5197305894479,22.0212101247316));
#6805=CARTESIAN_POINT('',(-16.7,21.5197305894479,22.0212101247316));
#6806=CARTESIAN_POINT('',(19.2,21.8855802108846,25.5020367585206));
#6807=CARTESIAN_POINT('Origin',(15.7,21.8855802108846,25.5020367585206));
#6808=CARTESIAN_POINT('',(19.2,24.4674332535957,50.0667275741169));
#6809=CARTESIAN_POINT('',(19.2,21.8855802108846,25.5020367585206));
#6810=CARTESIAN_POINT('',(15.7,24.8332828750325,53.5475542079059));
#6811=CARTESIAN_POINT('Origin',(15.7,24.4674332535957,50.0667275741169));
#6812=CARTESIAN_POINT('',(15.7,24.8332828750325,53.5475542079059));
#6813=CARTESIAN_POINT('Origin',(-16.7,23.7393087901274,53.6625355175003));
#6814=CARTESIAN_POINT('',(-16.7,23.7393087901274,53.6625355175003));
#6815=CARTESIAN_POINT('Origin',(-16.7,23.7393087901274,53.6625355175003));
#6816=CARTESIAN_POINT('',(15.7,23.7393087901274,53.6625355175003));
#6817=CARTESIAN_POINT('Origin',(-8.3,57.7,16.75));
#6818=CARTESIAN_POINT('',(-8.,57.4,-5.));
#6819=CARTESIAN_POINT('',(-8.6,58.,-5.));
#6820=CARTESIAN_POINT('',(-8.,57.4,-5.));
#6821=CARTESIAN_POINT('',(-8.6,58.,-2.));
#6822=CARTESIAN_POINT('',(-8.6,58.,16.75));
#6823=CARTESIAN_POINT('',(-8.,57.4,-2.));
#6824=CARTESIAN_POINT('',(-8.6,58.,-2.));
#6825=CARTESIAN_POINT('',(-8.,57.4,16.75));
#6826=CARTESIAN_POINT('Origin',(-6.,57.7,-5.));
#6827=CARTESIAN_POINT('',(-6.54934064834945,57.4,-6.92307692307692));
#6828=CARTESIAN_POINT('',(-6.71414284285429,58.,-7.5));
#6829=CARTESIAN_POINT('',(-6.54934064834945,57.4,-6.92307692307692));
#6830=CARTESIAN_POINT('Origin',(-6.,58.,-5.));
#6831=CARTESIAN_POINT('Origin',(-6.,57.4,-5.));
#6832=CARTESIAN_POINT('Origin',(6.,57.7,-5.));
#6833=CARTESIAN_POINT('',(6.71414284285429,58.,-7.5));
#6834=CARTESIAN_POINT('',(6.54934064834945,57.4,-6.92307692307692));
#6835=CARTESIAN_POINT('',(6.71414284285429,58.,-7.5));
#6836=CARTESIAN_POINT('',(8.,57.4,-5.));
#6837=CARTESIAN_POINT('Origin',(6.,57.4,-5.));
#6838=CARTESIAN_POINT('',(8.6,58.,-5.));
#6839=CARTESIAN_POINT('',(8.,57.4,-5.));
#6840=CARTESIAN_POINT('Origin',(6.,58.,-5.));
#6841=CARTESIAN_POINT('Origin',(8.3,57.7,16.75));
#6842=CARTESIAN_POINT('',(8.,57.4,-2.));
#6843=CARTESIAN_POINT('',(8.6,58.,-2.));
#6844=CARTESIAN_POINT('',(8.,57.4,-2.));
#6845=CARTESIAN_POINT('',(8.6,58.,16.75));
#6846=CARTESIAN_POINT('',(8.,57.4,16.75));
#6847=CARTESIAN_POINT('Origin',(6.,57.7,-2.));
#6848=CARTESIAN_POINT('',(6.,57.4,0.));
#6849=CARTESIAN_POINT('Origin',(6.,57.4,-2.));
#6850=CARTESIAN_POINT('',(6.,58.,0.6));
#6851=CARTESIAN_POINT('',(6.,57.4,0.));
#6852=CARTESIAN_POINT('Origin',(6.,58.,-2.));
#6853=CARTESIAN_POINT('Origin',(0.,57.7,0.3));
#6854=CARTESIAN_POINT('',(-6.,57.4,0.));
#6855=CARTESIAN_POINT('',(-6.,58.,0.600000000000001));
#6856=CARTESIAN_POINT('',(-6.,57.4,0.));
#6857=CARTESIAN_POINT('',(0.,58.,0.600000000000001));
#6858=CARTESIAN_POINT('',(0.,57.4,0.));
#6859=CARTESIAN_POINT('Origin',(-6.,57.7,-2.));
#6860=CARTESIAN_POINT('Origin',(-6.,57.4,-2.));
#6861=CARTESIAN_POINT('Origin',(-6.,58.,-2.));
#6862=CARTESIAN_POINT('Ctrl Pts',(-6.71414284285429,58.,-7.5));
#6863=CARTESIAN_POINT('Ctrl Pts',(-6.48227049057529,58.,-7.56623599233433));
#6864=CARTESIAN_POINT('Ctrl Pts',(-6.24114638598297,57.9966635744941,-7.59999072348232));
#6865=CARTESIAN_POINT('Ctrl Pts',(-6.,57.9966635744941,-7.59999072348232));
#6866=CARTESIAN_POINT('Ctrl Pts',(-6.65920877801934,57.8,-7.30769230769231));
#6867=CARTESIAN_POINT('Ctrl Pts',(-6.44517276053104,57.8,-7.36883322369323));
#6868=CARTESIAN_POINT('Ctrl Pts',(-6.22259688459638,57.7977757163294,-7.39999381565488));
#6869=CARTESIAN_POINT('Ctrl Pts',(-6.,57.7977757163294,-7.39999381565488));
#6870=CARTESIAN_POINT('Ctrl Pts',(-6.6042747131844,57.6,-7.11538461538462));
#6871=CARTESIAN_POINT('Ctrl Pts',(-6.40807503048678,57.6,-7.17143045505213));
#6872=CARTESIAN_POINT('Ctrl Pts',(-6.20404738320979,57.5988878581647,-7.19999690782744));
#6873=CARTESIAN_POINT('Ctrl Pts',(-6.,57.5988878581647,-7.19999690782744));
#6874=CARTESIAN_POINT('Ctrl Pts',(-6.54934064834945,57.4,-6.92307692307692));
#6875=CARTESIAN_POINT('Ctrl Pts',(-6.37097730044253,57.4,-6.97402768641103));
#6876=CARTESIAN_POINT('Ctrl Pts',(-6.1854978818232,57.4,-7.));
#6877=CARTESIAN_POINT('Ctrl Pts',(-6.,57.4,-7.));
#6878=CARTESIAN_POINT('',(-6.,57.4,-7.));
#6879=CARTESIAN_POINT('',(-6.,57.9966635744941,-7.59999072348232));
#6880=CARTESIAN_POINT('',(-6.,57.4,-7.));
#6881=CARTESIAN_POINT('Ctrl Pts',(-6.,57.9966635744941,-7.59999072348232));
#6882=CARTESIAN_POINT('Ctrl Pts',(-6.24114638598297,57.9966635744941,-7.59999072348232));
#6883=CARTESIAN_POINT('Ctrl Pts',(-6.48227049057529,58.,-7.56623599233433));
#6884=CARTESIAN_POINT('Ctrl Pts',(-6.71414284285429,58.,-7.5));
#6885=CARTESIAN_POINT('Ctrl Pts',(-6.54934064834945,57.4,-6.92307692307692));
#6886=CARTESIAN_POINT('Ctrl Pts',(-6.37097730044253,57.4,-6.97402768641103));
#6887=CARTESIAN_POINT('Ctrl Pts',(-6.1854978818232,57.4,-7.));
#6888=CARTESIAN_POINT('Ctrl Pts',(-6.,57.4,-7.));
#6889=CARTESIAN_POINT('Ctrl Pts',(6.,57.9966635744941,-7.59999072348232));
#6890=CARTESIAN_POINT('Ctrl Pts',(6.24114638598297,57.9966635744941,-7.59999072348232));
#6891=CARTESIAN_POINT('Ctrl Pts',(6.48227049057529,58.,-7.56623599233433));
#6892=CARTESIAN_POINT('Ctrl Pts',(6.71414284285429,58.,-7.5));
#6893=CARTESIAN_POINT('Ctrl Pts',(6.,57.7977757163294,-7.39999381565488));
#6894=CARTESIAN_POINT('Ctrl Pts',(6.22259688459638,57.7977757163294,-7.39999381565488));
#6895=CARTESIAN_POINT('Ctrl Pts',(6.44517276053104,57.8,-7.36883322369323));
#6896=CARTESIAN_POINT('Ctrl Pts',(6.65920877801934,57.8,-7.30769230769231));
#6897=CARTESIAN_POINT('Ctrl Pts',(6.,57.5988878581647,-7.19999690782744));
#6898=CARTESIAN_POINT('Ctrl Pts',(6.20404738320979,57.5988878581647,-7.19999690782744));
#6899=CARTESIAN_POINT('Ctrl Pts',(6.40807503048678,57.6,-7.17143045505213));
#6900=CARTESIAN_POINT('Ctrl Pts',(6.6042747131844,57.6,-7.11538461538462));
#6901=CARTESIAN_POINT('Ctrl Pts',(6.,57.4,-7.));
#6902=CARTESIAN_POINT('Ctrl Pts',(6.1854978818232,57.4,-7.));
#6903=CARTESIAN_POINT('Ctrl Pts',(6.37097730044253,57.4,-6.97402768641103));
#6904=CARTESIAN_POINT('Ctrl Pts',(6.54934064834945,57.4,-6.92307692307692));
#6905=CARTESIAN_POINT('',(6.,57.9966635744941,-7.59999072348232));
#6906=CARTESIAN_POINT('',(6.,57.4,-7.));
#6907=CARTESIAN_POINT('',(6.,57.9966635744941,-7.59999072348232));
#6908=CARTESIAN_POINT('Ctrl Pts',(6.,57.4,-7.));
#6909=CARTESIAN_POINT('Ctrl Pts',(6.1854978818232,57.4,-7.));
#6910=CARTESIAN_POINT('Ctrl Pts',(6.37097730044253,57.4,-6.97402768641103));
#6911=CARTESIAN_POINT('Ctrl Pts',(6.54934064834945,57.4,-6.92307692307692));
#6912=CARTESIAN_POINT('Ctrl Pts',(6.71414284285429,58.,-7.5));
#6913=CARTESIAN_POINT('Ctrl Pts',(6.48227049057529,58.,-7.56623599233433));
#6914=CARTESIAN_POINT('Ctrl Pts',(6.24114638598297,57.9966635744941,-7.59999072348232));
#6915=CARTESIAN_POINT('Ctrl Pts',(6.,57.9966635744941,-7.59999072348232));
#6916=CARTESIAN_POINT('Ctrl Pts',(-6.,57.9966635744941,-7.59999072348233));
#6917=CARTESIAN_POINT('Ctrl Pts',(-2.,57.9966635744941,-7.59999072348233));
#6918=CARTESIAN_POINT('Ctrl Pts',(2.,57.9966635744941,-7.59999072348233));
#6919=CARTESIAN_POINT('Ctrl Pts',(6.,57.9966635744941,-7.59999072348233));
#6920=CARTESIAN_POINT('Ctrl Pts',(-6.,57.7977757163294,-7.39999381565489));
#6921=CARTESIAN_POINT('Ctrl Pts',(-2.,57.7977757163294,-7.39999381565489));
#6922=CARTESIAN_POINT('Ctrl Pts',(2.,57.7977757163294,-7.39999381565489));
#6923=CARTESIAN_POINT('Ctrl Pts',(6.,57.7977757163294,-7.39999381565489));
#6924=CARTESIAN_POINT('Ctrl Pts',(-6.,57.5988878581647,-7.19999690782744));
#6925=CARTESIAN_POINT('Ctrl Pts',(-1.99999999999999,57.5988878581647,-7.19999690782744));
#6926=CARTESIAN_POINT('Ctrl Pts',(1.99999999999999,57.5988878581647,-7.19999690782744));
#6927=CARTESIAN_POINT('Ctrl Pts',(6.,57.5988878581647,-7.19999690782744));
#6928=CARTESIAN_POINT('Ctrl Pts',(-6.,57.4,-7.));
#6929=CARTESIAN_POINT('Ctrl Pts',(-2.,57.4,-7.));
#6930=CARTESIAN_POINT('Ctrl Pts',(2.,57.4,-7.));
#6931=CARTESIAN_POINT('Ctrl Pts',(6.,57.4,-7.));
#6932=CARTESIAN_POINT('Ctrl Pts',(6.,57.9966635744941,-7.59999072348233));
#6933=CARTESIAN_POINT('Ctrl Pts',(2.,57.9966635744941,-7.59999072348233));
#6934=CARTESIAN_POINT('Ctrl Pts',(-2.,57.9966635744941,-7.59999072348233));
#6935=CARTESIAN_POINT('Ctrl Pts',(-6.,57.9966635744941,-7.59999072348233));
#6936=CARTESIAN_POINT('Ctrl Pts',(-6.,57.4,-7.));
#6937=CARTESIAN_POINT('Ctrl Pts',(-2.,57.4,-7.));
#6938=CARTESIAN_POINT('Ctrl Pts',(2.,57.4,-7.));
#6939=CARTESIAN_POINT('Ctrl Pts',(6.,57.4,-7.));
#6940=CARTESIAN_POINT('Origin',(-6.,45.,-2.));
#6941=CARTESIAN_POINT('',(-6.,30.2562504923199,0.));
#6942=CARTESIAN_POINT('',(-6.,45.,0.));
#6943=CARTESIAN_POINT('',(-8.,29.4278233675737,-2.));
#6944=CARTESIAN_POINT('Origin',(-6.,29.4278233675737,-2.));
#6945=CARTESIAN_POINT('',(-8.,45.,-2.));
#6946=CARTESIAN_POINT('Origin',(0.,60.,0.));
#6947=CARTESIAN_POINT('',(6.,30.2562504923199,0.));
#6948=CARTESIAN_POINT('',(6.,45.,0.));
#6949=CARTESIAN_POINT('',(0.,30.2562504923199,0.));
#6950=CARTESIAN_POINT('Origin',(6.,45.,-2.));
#6951=CARTESIAN_POINT('',(8.,29.4278233675737,-2.));
#6952=CARTESIAN_POINT('',(8.,45.,-2.));
#6953=CARTESIAN_POINT('Origin',(6.,29.4278233675737,-2.));
#6954=CARTESIAN_POINT('Origin',(8.,30.,1.5));
#6955=CARTESIAN_POINT('',(8.,10.8092537585351,-5.));
#6956=CARTESIAN_POINT('',(8.,19.9904133168945,-5.));
#6957=CARTESIAN_POINT('',(8.,10.480826633789,-4.67157287525381));
#6958=CARTESIAN_POINT('',(8.,13.5248335377148,-7.71557977917967));
#6959=CARTESIAN_POINT('',(8.,10.480826633789,0.828427124746186));
#6960=CARTESIAN_POINT('',(8.,10.480826633789,0.75));
#6961=CARTESIAN_POINT('',(8.,7.30925375853514,4.));
#6962=CARTESIAN_POINT('',(8.,13.8998335377148,-2.59057977917967));
#6963=CARTESIAN_POINT('',(8.,3.93969591953501,4.));
#6964=CARTESIAN_POINT('',(8.,15.,4.));
#6965=CARTESIAN_POINT('',(8.,4.00346895012723,4.60675985540458));
#6966=CARTESIAN_POINT('',(8.,7.11986156854081,34.2572550094405));
#6967=CARTESIAN_POINT('',(8.,17.0211957546796,3.2385416347146));
#6968=CARTESIAN_POINT('',(8.,28.4029743068669,-0.975150939293114));
#6969=CARTESIAN_POINT('Origin',(-2.22044604925031E-15,56.5,-7.5));
#6970=CARTESIAN_POINT('',(22.1044797041341,58.,-7.5));
#6971=CARTESIAN_POINT('',(-2.22044604925031E-15,58.,-7.5));
#6972=CARTESIAN_POINT('',(22.2405184018489,57.9926576955075,-7.6482329384526));
#6973=CARTESIAN_POINT('Ctrl Pts',(22.2405184018489,57.9926576955075,-7.6482329384526));
#6974=CARTESIAN_POINT('Ctrl Pts',(22.2399986520447,57.9927127172803,-7.64767888701512));
#6975=CARTESIAN_POINT('Ctrl Pts',(22.2394757704321,57.9927678037952,-7.64712143161061));
#6976=CARTESIAN_POINT('Ctrl Pts',(22.2388636613867,57.992831959377,-7.64646754269372));
#6977=CARTESIAN_POINT('Ctrl Pts',(22.2382263277435,57.9928987587667,-7.6457867074588));
#6978=CARTESIAN_POINT('Ctrl Pts',(22.2374924192645,57.9929753784168,-7.64500149783484));
#6979=CARTESIAN_POINT('Ctrl Pts',(22.2366042063952,57.9930672359637,-7.64404939740192));
#6980=CARTESIAN_POINT('Ctrl Pts',(22.2356700932667,57.9931638404416,-7.64304809518614));
#6981=CARTESIAN_POINT('Ctrl Pts',(22.2345655181035,57.9932772778381,-7.64186242551877));
#6982=CARTESIAN_POINT('Ctrl Pts',(22.2332633799148,57.9934089198388,-7.64046279986466));
#6983=CARTESIAN_POINT('Ctrl Pts',(22.2318711085223,57.9935496740178,-7.63896629298441));
#6984=CARTESIAN_POINT('Ctrl Pts',(22.2302532581599,57.9937111859944,-7.63722548500259));
#6985=CARTESIAN_POINT('Ctrl Pts',(22.2284177188947,57.9938901800182,-7.63524840126708));
#6986=CARTESIAN_POINT('Ctrl Pts',(22.2263837751333,57.994088521609,-7.63305761341207));
#6987=CARTESIAN_POINT('Ctrl Pts',(22.2240829818626,57.9943082046769,-7.63057718016452));
#6988=CARTESIAN_POINT('Ctrl Pts',(22.2215694615586,57.9945402565078,-7.62786485708603));
#6989=CARTESIAN_POINT('Ctrl Pts',(22.2182147021097,57.9948499727535,-7.62424475842942));
#6990=CARTESIAN_POINT('Ctrl Pts',(22.2144819705229,57.9951812492105,-7.62021259204846));
#6991=CARTESIAN_POINT('Ctrl Pts',(22.2105670427317,57.9955096072692,-7.61597850906783));
#6992=CARTESIAN_POINT('Ctrl Pts',(22.2071175493028,57.9957989277946,-7.6122478038805));
#6993=CARTESIAN_POINT('Ctrl Pts',(22.2035302760208,57.9960856897203,-7.60836431171499));
#6994=CARTESIAN_POINT('Ctrl Pts',(22.19994001179,57.9963573648746,-7.60447313810558));
#6995=CARTESIAN_POINT('Ctrl Pts',(22.19698923157,57.9965806502986,-7.60127504532442));
#6996=CARTESIAN_POINT('Ctrl Pts',(22.1940371665787,57.9967938178382,-7.59807257105429));
#6997=CARTESIAN_POINT('Ctrl Pts',(22.1911365868568,57.9969935547645,-7.59492258421271));
#6998=CARTESIAN_POINT('Ctrl Pts',(22.1884921779715,57.9971756515014,-7.59205079512521));
#6999=CARTESIAN_POINT('Ctrl Pts',(22.1858909410165,57.9973466351153,-7.58922304730779));
#7000=CARTESIAN_POINT('Ctrl Pts',(22.1833457470217,57.9975065447622,-7.58645315722647));
#7001=CARTESIAN_POINT('Ctrl Pts',(22.1809106920089,57.9976595345885,-7.58380312947175));
#7002=CARTESIAN_POINT('Ctrl Pts',(22.1785273053813,57.9978024263574,-7.58120646491023));
#7003=CARTESIAN_POINT('Ctrl Pts',(22.1761754431706,57.9979370981993,-7.5786412731218));
#7004=CARTESIAN_POINT('Ctrl Pts',(22.173337364761,57.9980996116515,-7.57554576208456));
#7005=CARTESIAN_POINT('Ctrl Pts',(22.1705426083519,57.9982504489525,-7.57249326108357));
#7006=CARTESIAN_POINT('Ctrl Pts',(22.1677002083238,57.9983943714822,-7.5693852110352));
#7007=CARTESIAN_POINT('Ctrl Pts',(22.1652952346313,57.9985161452981,-7.56675546908209));
#7008=CARTESIAN_POINT('Ctrl Pts',(22.1628555744526,57.9986328869281,-7.56408533725218));
#7009=CARTESIAN_POINT('Ctrl Pts',(22.1603637802662,57.9987446102831,-7.56135628042277));
#7010=CARTESIAN_POINT('Ctrl Pts',(22.1576853130718,57.9988647034043,-7.55842277603107));
#7011=CARTESIAN_POINT('Ctrl Pts',(22.1549469382548,57.9989789015251,-7.55542154646816));
#7012=CARTESIAN_POINT('Ctrl Pts',(22.1521682067452,57.9990853538413,-7.55237463029354));
#7013=CARTESIAN_POINT('Ctrl Pts',(22.1490138885155,57.9992061947648,-7.54891587826928));
#7014=CARTESIAN_POINT('Ctrl Pts',(22.1458080805363,57.9993168987679,-7.54539881711723));
#7015=CARTESIAN_POINT('Ctrl Pts',(22.1426245843291,57.9994145396778,-7.54190510950628));
#7016=CARTESIAN_POINT('Ctrl Pts',(22.1376258639204,57.9995678552709,-7.53641929567139));
#7017=CARTESIAN_POINT('Ctrl Pts',(22.132685254374,57.9996878967375,-7.53099450236024));
#7018=CARTESIAN_POINT('Ctrl Pts',(22.1281838823799,57.9997737668615,-7.52605087779945));
#7019=CARTESIAN_POINT('Ctrl Pts',(22.1252383005814,57.9998299580571,-7.52281589732155));
#7020=CARTESIAN_POINT('Ctrl Pts',(22.1224832038518,57.9998719169867,-7.51978957456509));
#7021=CARTESIAN_POINT('Ctrl Pts',(22.1200080885647,57.9999028634979,-7.51707044436707));
#7022=CARTESIAN_POINT('Ctrl Pts',(22.1177900556635,57.999930595693,-7.51463374161101));
#7023=CARTESIAN_POINT('Ctrl Pts',(22.1157975792249,57.9999495879243,-7.51244451403879));
#7024=CARTESIAN_POINT('Ctrl Pts',(22.1140633176282,57.9999629780285,-7.51053871642627));
#7025=CARTESIAN_POINT('Ctrl Pts',(22.1125471090199,57.9999746845619,-7.50887253944858));
#7026=CARTESIAN_POINT('Ctrl Pts',(22.1112282690633,57.9999821463501,-7.5074230019615));
#7027=CARTESIAN_POINT('Ctrl Pts',(22.1100993151063,57.9999872612619,-7.50618191329843));
#7028=CARTESIAN_POINT('Ctrl Pts',(22.109016938054,57.9999921651493,-7.50499202784702));
#7029=CARTESIAN_POINT('Ctrl Pts',(22.1081093730707,57.9999949220248,-7.50399404237498));
#7030=CARTESIAN_POINT('Ctrl Pts',(22.1073387770157,57.9999967000199,-7.50314641530544));
#7031=CARTESIAN_POINT('Ctrl Pts',(22.1066062752624,57.9999983901201,-7.50234069055436));
#7032=CARTESIAN_POINT('Ctrl Pts',(22.1059976518239,57.9999991908936,-7.50167095303854));
#7033=CARTESIAN_POINT('Ctrl Pts',(22.105448952765,57.9999996205072,-7.50106699500838));
#7034=CARTESIAN_POINT('Ctrl Pts',(22.1051109768614,57.9999998851313,-7.50069498186626));
#7035=CARTESIAN_POINT('Ctrl Pts',(22.1047951117217,58.,-7.50034723986674));
#7036=CARTESIAN_POINT('Ctrl Pts',(22.1044797041341,58.,-7.5));
#7037=CARTESIAN_POINT('',(24.,56.5,-9.));
#7038=CARTESIAN_POINT('Ctrl Pts',(24.,56.5,-9.));
#7039=CARTESIAN_POINT('Ctrl Pts',(24.,56.5461320588926,-9.));
#7040=CARTESIAN_POINT('Ctrl Pts',(23.9892483660577,56.6393556943307,-8.99687002976724));
#7041=CARTESIAN_POINT('Ctrl Pts',(23.9101474382326,56.84346875157,-8.96666605470137));
#7042=CARTESIAN_POINT('Ctrl Pts',(23.671766484575,57.2074113382451,-8.85222506178266));
#7043=CARTESIAN_POINT('Ctrl Pts',(23.1100561984042,57.7234722685234,-8.48803568583746));
#7044=CARTESIAN_POINT('Ctrl Pts',(22.5241582152341,57.9626310071876,-7.95059196782285));
#7045=CARTESIAN_POINT('Ctrl Pts',(22.2405184018489,57.9926576955075,-7.6482329384526));
#7046=CARTESIAN_POINT('',(-24.,56.5,-9.));
#7047=CARTESIAN_POINT('',(-2.22044604925031E-15,56.5,-9.));
#7048=CARTESIAN_POINT('',(-22.2405184018489,57.9926576955075,-7.6482329384526));
#7049=CARTESIAN_POINT('Ctrl Pts',(-22.2405184018489,57.9926576955075,-7.6482329384526));
#7050=CARTESIAN_POINT('Ctrl Pts',(-22.5241582152341,57.9626310071876,-7.95059196782286));
#7051=CARTESIAN_POINT('Ctrl Pts',(-23.1100561984043,57.7234722685234,-8.48803568583746));
#7052=CARTESIAN_POINT('Ctrl Pts',(-23.6717664845749,57.207411338245,-8.85222506178266));
#7053=CARTESIAN_POINT('Ctrl Pts',(-23.9101474382326,56.84346875157,-8.96666605470137));
#7054=CARTESIAN_POINT('Ctrl Pts',(-23.9892483660577,56.6393556943307,-8.99687002976725));
#7055=CARTESIAN_POINT('Ctrl Pts',(-24.,56.5461320588926,-9.));
#7056=CARTESIAN_POINT('Ctrl Pts',(-24.,56.5,-9.));
#7057=CARTESIAN_POINT('',(-22.1044797041341,58.,-7.5));
#7058=CARTESIAN_POINT('Ctrl Pts',(-22.1044797041341,58.,-7.5));
#7059=CARTESIAN_POINT('Ctrl Pts',(-22.1049918028723,58.,-7.50056378192731));
#7060=CARTESIAN_POINT('Ctrl Pts',(-22.1055070119149,57.9999997208483,-7.50113097731265));
#7061=CARTESIAN_POINT('Ctrl Pts',(-22.1061109274828,57.9999989253356,-7.50179554782915));
#7062=CARTESIAN_POINT('Ctrl Pts',(-22.1067397207364,57.9999980970526,-7.50248749464992));
#7063=CARTESIAN_POINT('Ctrl Pts',(-22.1074645221568,57.999996714202,-7.50328483256997));
#7064=CARTESIAN_POINT('Ctrl Pts',(-22.1083427671811,57.9999939774139,-7.50425061429326));
#7065=CARTESIAN_POINT('Ctrl Pts',(-22.1092663762701,57.9999910992623,-7.50526628162178));
#7066=CARTESIAN_POINT('Ctrl Pts',(-22.1103594887174,57.9999867246085,-7.50646802376353));
#7067=CARTESIAN_POINT('Ctrl Pts',(-22.1116491423725,57.999979272748,-7.5078855137015));
#7068=CARTESIAN_POINT('Ctrl Pts',(-22.1130280101206,57.9999713053917,-7.5094010610356));
#7069=CARTESIAN_POINT('Ctrl Pts',(-22.1146312722979,57.9999597955053,-7.51116293337669));
#7070=CARTESIAN_POINT('Ctrl Pts',(-22.1164512573734,57.999942247017,-7.51316265981767));
#7071=CARTESIAN_POINT('Ctrl Pts',(-22.1184677013857,57.999922804251,-7.51537824744101));
#7072=CARTESIAN_POINT('Ctrl Pts',(-22.1207497411884,57.999895870515,-7.51788533061659));
#7073=CARTESIAN_POINT('Ctrl Pts',(-22.123243898595,57.9998581958413,-7.52062504224704));
#7074=CARTESIAN_POINT('Ctrl Pts',(-22.1265688568622,57.9998079717787,-7.52427734855739));
#7075=CARTESIAN_POINT('Ctrl Pts',(-22.13026980539,57.9997382853274,-7.52834201555553));
#7076=CARTESIAN_POINT('Ctrl Pts',(-22.1341537640999,57.999645563772,-7.53260648799052));
#7077=CARTESIAN_POINT('Ctrl Pts',(-22.1375842226904,57.9995636686026,-7.53637303063192));
#7078=CARTESIAN_POINT('Ctrl Pts',(-22.1411537994243,57.9994639045085,-7.54029143076129));
#7079=CARTESIAN_POINT('Ctrl Pts',(-22.1447286673823,57.9993482310139,-7.54421404929855));
#7080=CARTESIAN_POINT('Ctrl Pts',(-22.1476649361864,57.9992532209388,-7.54743594800273));
#7081=CARTESIAN_POINT('Ctrl Pts',(-22.1506040438258,57.9991476331136,-7.55065988807167));
#7082=CARTESIAN_POINT('Ctrl Pts',(-22.1534937921464,57.9990338695634,-7.55382804010818));
#7083=CARTESIAN_POINT('Ctrl Pts',(-22.1561280118155,57.9989301656596,-7.55671604538871));
#7084=CARTESIAN_POINT('Ctrl Pts',(-22.1587208388724,57.9988197599916,-7.55955728080538));
#7085=CARTESIAN_POINT('Ctrl Pts',(-22.1612597086054,57.9987041215671,-7.56233743656618));
#7086=CARTESIAN_POINT('Ctrl Pts',(-22.1636916812183,57.9985933520079,-7.56500053604772));
#7087=CARTESIAN_POINT('Ctrl Pts',(-22.1660737674861,57.9984778605105,-7.56760718034511));
#7088=CARTESIAN_POINT('Ctrl Pts',(-22.1684263101511,57.9983573986633,-7.5701790985325));
#7089=CARTESIAN_POINT('Ctrl Pts',(-22.1712673724593,57.9982119221887,-7.57328509101066));
#7090=CARTESIAN_POINT('Ctrl Pts',(-22.174067950612,57.9980592120798,-7.57634325885525));
#7091=CARTESIAN_POINT('Ctrl Pts',(-22.1769195131338,57.9978942760713,-7.57945273886233));
#7092=CARTESIAN_POINT('Ctrl Pts',(-22.1793279132508,57.99775497283,-7.58207897341112));
#7093=CARTESIAN_POINT('Ctrl Pts',(-22.1817732460898,57.9976068044352,-7.58474243073687));
#7094=CARTESIAN_POINT('Ctrl Pts',(-22.1842727037906,57.9974479729114,-7.58746181122928));
#7095=CARTESIAN_POINT('Ctrl Pts',(-22.1869594738742,57.9972772383612,-7.59038498538448));
#7096=CARTESIAN_POINT('Ctrl Pts',(-22.1897084521889,57.99709412257,-7.59337241386091));
#7097=CARTESIAN_POINT('Ctrl Pts',(-22.1924995556962,57.9968989805429,-7.59640250022485));
#7098=CARTESIAN_POINT('Ctrl Pts',(-22.195668443396,57.9966774254599,-7.59984271782452));
#7099=CARTESIAN_POINT('Ctrl Pts',(-22.1988911130943,57.9964402704248,-7.60333735174669));
#7100=CARTESIAN_POINT('Ctrl Pts',(-22.2020927383978,57.9961926773907,-7.60680576820825));
#7101=CARTESIAN_POINT('Ctrl Pts',(-22.2071166794327,57.9958041582211,-7.61224835381266));
#7102=CARTESIAN_POINT('Ctrl Pts',(-22.2120856485133,57.9953892332587,-7.61762288208712));
#7103=CARTESIAN_POINT('Ctrl Pts',(-22.2166151322589,57.9949882544956,-7.62251579049333));
#7104=CARTESIAN_POINT('Ctrl Pts',(-22.2195801408459,57.9947257730424,-7.62571869754733));
#7105=CARTESIAN_POINT('Ctrl Pts',(-22.2223544251529,57.9944699164201,-7.62871267123028));
#7106=CARTESIAN_POINT('Ctrl Pts',(-22.2248476627707,57.9942335111843,-7.63140096671574));
#7107=CARTESIAN_POINT('Ctrl Pts',(-22.2270809418716,57.9940217548444,-7.63380896588992));
#7108=CARTESIAN_POINT('Ctrl Pts',(-22.2290880104665,57.9938257830903,-7.63597094576728));
#7109=CARTESIAN_POINT('Ctrl Pts',(-22.2308359124406,57.993652181599,-7.63785195103659));
#7110=CARTESIAN_POINT('Ctrl Pts',(-22.2323648440495,57.9935003282277,-7.63949731127717));
#7111=CARTESIAN_POINT('Ctrl Pts',(-22.2336954709543,57.993365628043,-7.6409276846624));
#7112=CARTESIAN_POINT('Ctrl Pts',(-22.2348352588822,57.9932491245146,-7.64215151119935));
#7113=CARTESIAN_POINT('Ctrl Pts',(-22.235928017359,57.993137428106,-7.64332484071942));
#7114=CARTESIAN_POINT('Ctrl Pts',(-22.2368450880696,57.993042496682,-7.64430802427271));
#7115=CARTESIAN_POINT('Ctrl Pts',(-22.2376245275827,57.9929613802176,-7.64514240310421));
#7116=CARTESIAN_POINT('Ctrl Pts',(-22.2383654458422,57.9928842726696,-7.64593554548566));
#7117=CARTESIAN_POINT('Ctrl Pts',(-22.2389818833089,57.9928196559659,-7.64659410131292));
#7118=CARTESIAN_POINT('Ctrl Pts',(-22.2395382048481,57.9927611271501,-7.64718769401522));
#7119=CARTESIAN_POINT('Ctrl Pts',(-22.239879778237,57.9927251913027,-7.64755215135983));
#7120=CARTESIAN_POINT('Ctrl Pts',(-22.2401993174588,57.9926914744309,-7.64789279563082));
#7121=CARTESIAN_POINT('Ctrl Pts',(-22.2405184018489,57.9926576955075,-7.6482329384526));
#7122=CARTESIAN_POINT('',(-2.22044604925031E-15,58.,-7.5));
#7123=CARTESIAN_POINT('Origin',(-6.,19.9904133168945,-5.));
#7124=CARTESIAN_POINT('',(-8.,10.8092537585351,-5.));
#7125=CARTESIAN_POINT('',(-8.,19.9904133168945,-5.));
#7126=CARTESIAN_POINT('',(-6.,9.98082663378896,-7.));
#7127=CARTESIAN_POINT('Origin',(-6.,10.8092537585351,-5.));
#7128=CARTESIAN_POINT('',(-6.,19.9904133168945,-7.));
#7129=CARTESIAN_POINT('Origin',(-6.,13.5248335377148,-7.71557977917967));
#7130=CARTESIAN_POINT('',(-8.,10.480826633789,-4.67157287525381));
#7131=CARTESIAN_POINT('',(-8.,13.5248335377148,-7.71557977917967));
#7132=CARTESIAN_POINT('',(-6.,8.48082663378896,-5.5));
#7133=CARTESIAN_POINT('Origin',(-6.,10.480826633789,-4.67157287525381));
#7134=CARTESIAN_POINT('',(-6.,12.1106199753417,-9.12979334155276));
#7135=CARTESIAN_POINT('Origin',(-6.,10.480826633789,0.75));
#7136=CARTESIAN_POINT('',(-8.,10.480826633789,0.828427124746186));
#7137=CARTESIAN_POINT('',(-8.,10.480826633789,0.75));
#7138=CARTESIAN_POINT('',(-6.,8.48082663378896,0.));
#7139=CARTESIAN_POINT('Origin',(-6.,10.480826633789,0.828427124746185));
#7140=CARTESIAN_POINT('',(-6.,8.48082663378896,0.75));
#7141=CARTESIAN_POINT('Origin',(-6.,13.8998335377148,-2.59057977917967));
#7142=CARTESIAN_POINT('',(-8.,7.30925375853514,4.));
#7143=CARTESIAN_POINT('',(-8.,13.8998335377148,-2.59057977917967));
#7144=CARTESIAN_POINT('',(-6.,6.48082663378896,2.));
#7145=CARTESIAN_POINT('Origin',(-6.,7.30925375853514,4.));
#7146=CARTESIAN_POINT('',(-6.,12.4856199753417,-4.00479334155276));
#7147=CARTESIAN_POINT('Origin',(-6.,15.,4.));
#7148=CARTESIAN_POINT('',(-8.,3.93969591953501,4.));
#7149=CARTESIAN_POINT('',(-8.,15.,4.));
#7150=CARTESIAN_POINT('',(-6.,3.72948744900366,2.));
#7151=CARTESIAN_POINT('Origin',(-6.,3.93969591953501,4.));
#7152=CARTESIAN_POINT('',(-6.,15.,2.));
#7153=CARTESIAN_POINT('Origin',(0.,9.98082663378896,-7.));
#7154=CARTESIAN_POINT('',(6.,9.98082663378896,-7.));
#7155=CARTESIAN_POINT('',(0.,9.98082663378896,-7.));
#7156=CARTESIAN_POINT('',(6.,19.9904133168945,-7.));
#7157=CARTESIAN_POINT('Origin',(0.,8.48082663378896,-5.5));
#7158=CARTESIAN_POINT('',(6.,8.48082663378896,-5.5));
#7159=CARTESIAN_POINT('',(0.,8.48082663378896,-5.5));
#7160=CARTESIAN_POINT('',(6.,12.1106199753417,-9.12979334155276));
#7161=CARTESIAN_POINT('Origin',(0.,8.48082663378896,0.));
#7162=CARTESIAN_POINT('',(6.,8.48082663378896,0.));
#7163=CARTESIAN_POINT('',(0.,8.48082663378896,0.));
#7164=CARTESIAN_POINT('',(6.,8.48082663378896,0.75));
#7165=CARTESIAN_POINT('Origin',(0.,6.48082663378896,2.));
#7166=CARTESIAN_POINT('',(6.,6.48082663378896,2.));
#7167=CARTESIAN_POINT('',(0.,6.48082663378896,2.));
#7168=CARTESIAN_POINT('',(6.,12.4856199753417,-4.00479334155276));
#7169=CARTESIAN_POINT('Origin',(0.,0.,2.));
#7170=CARTESIAN_POINT('',(6.,3.72948744900366,2.));
#7171=CARTESIAN_POINT('',(0.,3.72948744900366,2.));
#7172=CARTESIAN_POINT('',(6.,15.,2.));
#7173=CARTESIAN_POINT('Origin',(6.,15.,4.));
#7174=CARTESIAN_POINT('Origin',(6.,3.93969591953501,4.));
#7175=CARTESIAN_POINT('Origin',(6.,7.30925375853514,4.));
#7176=CARTESIAN_POINT('Origin',(6.,13.8998335377148,-2.59057977917967));
#7177=CARTESIAN_POINT('Origin',(6.,10.480826633789,0.828427124746186));
#7178=CARTESIAN_POINT('Origin',(6.,10.480826633789,0.75));
#7179=CARTESIAN_POINT('Origin',(6.,10.480826633789,-4.67157287525381));
#7180=CARTESIAN_POINT('Origin',(6.,13.5248335377148,-7.71557977917967));
#7181=CARTESIAN_POINT('Origin',(6.,10.8092537585351,-5.));
#7182=CARTESIAN_POINT('Origin',(6.,19.9904133168945,-5.));
#7183=CARTESIAN_POINT('Origin',(-6.,28.4029743068669,-0.975150939293114));
#7184=CARTESIAN_POINT('',(-6.,29.8171878692399,0.439062623079983));
#7185=CARTESIAN_POINT('',(-8.,28.4029743068669,-0.975150939293114));
#7186=CARTESIAN_POINT('Origin',(0.,30.2562504923199,0.));
#7187=CARTESIAN_POINT('',(6.,29.8171878692399,0.439062623079983));
#7188=CARTESIAN_POINT('Origin',(6.,28.4029743068669,-0.975150939293114));
#7189=CARTESIAN_POINT('Origin',(-8.,30.,1.5));
#7190=CARTESIAN_POINT('',(-8.,4.00346895012723,4.60675985540458));
#7191=CARTESIAN_POINT('',(-8.,17.0211957546796,3.2385416347146));
#7192=CARTESIAN_POINT('',(-8.,7.11986156854081,34.2572550094405));
#7193=CARTESIAN_POINT('Origin',(14.,4.00346895012722,4.60675985540458));
#7194=CARTESIAN_POINT('',(14.,4.00346895012722,4.60675985540458));
#7195=CARTESIAN_POINT('',(7.,4.00346895012723,4.60675985540458));
#7196=CARTESIAN_POINT('',(14.,4.00346895012722,4.60675985540458));
#7197=CARTESIAN_POINT('Origin',(14.,4.00346895012722,4.60675985540458));
#7198=CARTESIAN_POINT('',(-14.,4.00346895012722,4.60675985540458));
#7199=CARTESIAN_POINT('',(-14.,4.00346895012722,4.60675985540458));
#7200=CARTESIAN_POINT('',(7.,4.00346895012723,4.60675985540458));
#7201=CARTESIAN_POINT('Origin',(-14.,19.9553784198383,17.6608429051688));
#7202=CARTESIAN_POINT('',(-14.,20.4257565045428,22.136191434326));
#7203=CARTESIAN_POINT('',(-14.,6.18886457958396,20.6160242339684));
#7204=CARTESIAN_POINT('',(-14.,12.9018873733198,19.9104571069117));
#7205=CARTESIAN_POINT('',(-14.,5.639339400266,20.1710275179181));
#7206=CARTESIAN_POINT('',(-14.,1.33930487210294,16.6889282148244));
#7207=CARTESIAN_POINT('',(-14.,7.13932284815683,34.4424167164528));
#7208=CARTESIAN_POINT('Origin',(14.,20.4257565045428,22.136191434326));
#7209=CARTESIAN_POINT('',(14.,20.4257565045428,22.136191434326));
#7210=CARTESIAN_POINT('',(14.,5.639339400266,20.1710275179181));
#7211=CARTESIAN_POINT('',(14.,8.00952230486004,42.7218114953937));
#7212=CARTESIAN_POINT('',(14.,6.18886457958396,20.6160242339684));
#7213=CARTESIAN_POINT('',(14.,5.91410198992498,20.3935258759432));
#7214=CARTESIAN_POINT('',(14.,12.9018873733198,19.9104571069117));
#7215=CARTESIAN_POINT('Origin',(15.7,5.69160363189983,20.6682884656022));
#7216=CARTESIAN_POINT('',(15.7,6.18886457958397,20.6160242339684));
#7217=CARTESIAN_POINT('',(-0.499999999999998,6.18886457958396,20.6160242339684));
#7218=CARTESIAN_POINT('',(15.7,5.69160363189983,20.6682884656022));
#7219=CARTESIAN_POINT('Origin',(-16.7,5.639339400266,20.1710275179181));
#7220=CARTESIAN_POINT('',(15.7,5.639339400266,20.1710275179181));
#7221=CARTESIAN_POINT('',(-8.35,5.639339400266,20.1710275179181));
#7222=CARTESIAN_POINT('',(15.7,5.639339400266,20.1710275179181));
#7223=CARTESIAN_POINT('Origin',(-16.7,23.3734591686906,50.1817088837114));
#7224=CARTESIAN_POINT('',(-20.2,23.3734591686906,50.1817088837113));
#7225=CARTESIAN_POINT('Origin',(15.7,23.3734591686906,50.1817088837114));
#7226=CARTESIAN_POINT('',(19.2,23.3734591686906,50.1817088837113));
#7227=CARTESIAN_POINT('Origin',(19.2,23.3734591686906,50.1817088837113));
#7228=CARTESIAN_POINT('',(19.2,20.7916061259795,25.617018068115));
#7229=CARTESIAN_POINT('Origin',(15.7,20.7916061259795,25.617018068115));
#7230=CARTESIAN_POINT('',(15.7,20.4257565045428,22.136191434326));
#7231=CARTESIAN_POINT('Origin',(15.7,20.4257565045428,22.136191434326));
#7232=CARTESIAN_POINT('Origin',(-20.2,20.7916061259795,25.617018068115));
#7233=CARTESIAN_POINT('',(-20.2,20.7916061259795,25.617018068115));
#7234=CARTESIAN_POINT('Origin',(-16.7,20.7916061259795,25.617018068115));
#7235=CARTESIAN_POINT('',(-16.7,20.4257565045428,22.136191434326));
#7236=CARTESIAN_POINT('Origin',(-14.,20.4257565045428,22.136191434326));
#7237=CARTESIAN_POINT('Origin',(22.7,6.37103864313958,27.132680785496));
#7238=CARTESIAN_POINT('',(22.2,6.86829959082371,27.0804165538621));
#7239=CARTESIAN_POINT('',(22.2,9.45015263353475,51.6451073694585));
#7240=CARTESIAN_POINT('',(22.2,8.15922611217924,39.3627619616603));
#7241=CARTESIAN_POINT('',(22.7,6.37103864313958,27.132680785496));
#7242=CARTESIAN_POINT('',(22.7,6.37103864313958,27.132680785496));
#7243=CARTESIAN_POINT('',(22.7,8.95289168585062,51.6973716010923));
#7244=CARTESIAN_POINT('',(22.7,8.323107694663,45.7053771814985));
#7245=CARTESIAN_POINT('',(22.7,8.95289168585062,51.6973716010923));
#7246=CARTESIAN_POINT('Origin',(15.7,8.95289168585061,51.6973716010923));
#7247=CARTESIAN_POINT('Origin',(15.7,9.45015263353477,51.6451073694585));
#7248=CARTESIAN_POINT('Origin',(15.7,8.95289168585066,51.6973716010923));
#7249=CARTESIAN_POINT('Origin',(-16.7,8.95289168585061,51.6973716010923));
#7250=CARTESIAN_POINT('',(-23.2,9.45015263353475,51.6451073694585));
#7251=CARTESIAN_POINT('Origin',(-16.7,9.45015263353477,51.6451073694585));
#7252=CARTESIAN_POINT('',(-23.7,8.95289168585062,51.6973716010923));
#7253=CARTESIAN_POINT('Origin',(-16.7,8.95289168585066,51.6973716010923));
#7254=CARTESIAN_POINT('',(-23.7,8.95289168585062,51.6973716010923));
#7255=CARTESIAN_POINT('Origin',(-23.7,8.95289168585062,51.6973716010923));
#7256=CARTESIAN_POINT('',(-23.2,6.86829959082371,27.0804165538621));
#7257=CARTESIAN_POINT('',(-23.2,8.15922611217924,39.3627619616603));
#7258=CARTESIAN_POINT('',(-23.7,6.37103864313958,27.132680785496));
#7259=CARTESIAN_POINT('',(-23.7,9.61403421601852,57.9877225892967));
#7260=CARTESIAN_POINT('',(-23.7,6.37103864313958,27.132680785496));
#7261=CARTESIAN_POINT('Origin',(-16.7,6.37103864313957,27.132680785496));
#7262=CARTESIAN_POINT('',(-16.7,6.18886457958397,20.6160242339684));
#7263=CARTESIAN_POINT('Origin',(-16.7,6.8682995908237,27.0804165538621));
#7264=CARTESIAN_POINT('',(-16.7,5.639339400266,20.1710275179181));
#7265=CARTESIAN_POINT('Origin',(-16.7,6.37103864313969,27.1326807854959));
#7266=CARTESIAN_POINT('',(-16.7,5.639339400266,20.1710275179181));
#7267=CARTESIAN_POINT('Origin',(-16.7,5.639339400266,20.1710275179181));
#7268=CARTESIAN_POINT('',(-0.499999999999998,6.18886457958396,20.6160242339684));
#7269=CARTESIAN_POINT('',(-8.35,5.639339400266,20.1710275179181));
#7270=CARTESIAN_POINT('Origin',(15.7,6.37103864313957,27.132680785496));
#7271=CARTESIAN_POINT('Origin',(15.7,6.8682995908237,27.0804165538621));
#7272=CARTESIAN_POINT('Origin',(15.7,6.3710386431397,27.1326807854959));
#7273=CARTESIAN_POINT('Origin',(-23.2,6.37103864313958,27.132680785496));
#7274=CARTESIAN_POINT('',(-23.2,6.37103864313958,27.132680785496));
#7275=CARTESIAN_POINT('',(-23.2,8.95289168585062,51.6973716010923));
#7276=CARTESIAN_POINT('Origin',(-16.7,6.37103864313957,27.132680785496));
#7277=CARTESIAN_POINT('',(-16.7,5.69160363189983,20.6682884656022));
#7278=CARTESIAN_POINT('Origin',(15.7,5.69160363189983,20.6682884656022));
#7279=CARTESIAN_POINT('Origin',(15.7,6.37103864313958,27.132680785496));
#7280=CARTESIAN_POINT('',(22.2,6.37103864313958,27.132680785496));
#7281=CARTESIAN_POINT('Origin',(22.2,8.95289168585062,51.6973716010923));
#7282=CARTESIAN_POINT('',(22.2,8.95289168585062,51.6973716010923));
#7283=CARTESIAN_POINT('Origin',(15.7,8.95289168585062,51.6973716010923));
#7284=CARTESIAN_POINT('Origin',(-16.7,8.95289168585062,51.6973716010923));
#7285=CARTESIAN_POINT('Origin',(0.,10.2751767461864,64.278073577501));
#7286=CARTESIAN_POINT('',(25.5,3.51927897847231,2.71332260554115E-17));
#7287=CARTESIAN_POINT('Ctrl Pts',(25.5,3.51927897847231,2.71332260554115E-17));
#7288=CARTESIAN_POINT('Ctrl Pts',(25.4090157302265,3.51927897847231,2.71332260554115E-17));
#7289=CARTESIAN_POINT('Ctrl Pts',(25.3170387585625,3.51927897847231,2.71332260554115E-17));
#7290=CARTESIAN_POINT('Ctrl Pts',(25.1309428555438,3.51927897847231,2.71332260554115E-17));
#7291=CARTESIAN_POINT('Ctrl Pts',(25.0368237451256,3.51927897847231,2.71332260554115E-17));
#7292=CARTESIAN_POINT('Ctrl Pts',(24.7512238264688,3.51927897847231,2.71332260554115E-17));
#7293=CARTESIAN_POINT('Ctrl Pts',(24.5587049608886,3.51927897847231,2.71332260554115E-17));
#7294=CARTESIAN_POINT('Ctrl Pts',(23.9699063597117,3.51927897847231,2.71332260554115E-17));
#7295=CARTESIAN_POINT('Ctrl Pts',(23.5714524922766,3.51927897847231,2.71332260554115E-17));
#7296=CARTESIAN_POINT('Ctrl Pts',(21.3762416982814,3.51927897847231,2.71332260554115E-17));
#7297=CARTESIAN_POINT('Ctrl Pts',(19.5642209382327,3.51927897847231,2.71332260554115E-17));
#7298=CARTESIAN_POINT('Ctrl Pts',(3.62310885520106,3.51927897847231,2.71332260554115E-17));
#7299=CARTESIAN_POINT('Ctrl Pts',(-10.6410680495712,3.51927897847231,2.71332260554115E-17));
#7300=CARTESIAN_POINT('Ctrl Pts',(-25.2261320573079,3.51927897847231,2.71332260554115E-17));
#7301=CARTESIAN_POINT('Ctrl Pts',(-25.38805186943,3.5189805365374,-0.00283948533718474));
#7302=CARTESIAN_POINT('Ctrl Pts',(-25.8746813506609,3.52003435252854,0.00718690407024197));
#7303=CARTESIAN_POINT('Ctrl Pts',(-26.1970030310785,3.5272867380799,0.0761887433696124));
#7304=CARTESIAN_POINT('Ctrl Pts',(-26.7968919399761,3.55467232588518,0.336745206542173));
#7305=CARTESIAN_POINT('Ctrl Pts',(-27.0694373716778,3.57431950840122,0.523675661507698));
#7306=CARTESIAN_POINT('Ctrl Pts',(-27.5245904058658,3.62370574917921,0.993554355293497));
#7307=CARTESIAN_POINT('Ctrl Pts',(-27.7046783547205,3.6527577638156,1.26996581048552));
#7308=CARTESIAN_POINT('Ctrl Pts',(-27.998083128603,3.73071813807304,2.01170922415845));
#7309=CARTESIAN_POINT('Ctrl Pts',(-28.,3.76953662439679,2.3810424507813));
#7310=CARTESIAN_POINT('Ctrl Pts',(-28.,4.02881514476512,4.84791278871721));
#7311=CARTESIAN_POINT('Ctrl Pts',(-28.,4.26559746804702,7.10074610873871));
#7312=CARTESIAN_POINT('Ctrl Pts',(-28.,6.29068370681806,26.3681546356373));
#7313=CARTESIAN_POINT('Ctrl Pts',(-28.,8.09600051765098,43.5445967292365));
#7314=CARTESIAN_POINT('Ctrl Pts',(-28.,9.98831246377497,61.5487422457394));
#7315=CARTESIAN_POINT('Ctrl Pts',(-28.0003171705031,10.0037739578858,61.6958485357166));
#7316=CARTESIAN_POINT('Ctrl Pts',(-27.9240326101677,10.0562585488726,62.1952060625961));
#7317=CARTESIAN_POINT('Ctrl Pts',(-27.8172180035165,10.0880938950628,62.4980991487753));
#7318=CARTESIAN_POINT('Ctrl Pts',(-27.4947889391969,10.1453021590064,63.0423994217289));
#7319=CARTESIAN_POINT('Ctrl Pts',(-27.2859079464424,10.1703733602368,63.2809359675399));
#7320=CARTESIAN_POINT('Ctrl Pts',(-26.7873066388243,10.2109588670831,63.6670812712343));
#7321=CARTESIAN_POINT('Ctrl Pts',(-26.5034307089671,10.2262708990222,63.8127655236382));
#7322=CARTESIAN_POINT('Ctrl Pts',(-25.7913128245294,10.2478827043486,64.0183881160272));
#7323=CARTESIAN_POINT('Ctrl Pts',(-25.6930901204771,10.2459500354756,64.));
#7324=CARTESIAN_POINT('Ctrl Pts',(-24.0816244621484,10.2459500354756,64.));
#7325=CARTESIAN_POINT('Ctrl Pts',(-23.7707840223124,10.2459500354756,64.));
#7326=CARTESIAN_POINT('Ctrl Pts',(-22.7111955393777,10.2459500354756,64.));
#7327=CARTESIAN_POINT('Ctrl Pts',(-21.9577366587111,10.2459500354756,64.));
#7328=CARTESIAN_POINT('Ctrl Pts',(-6.10028841475035,10.2459500354756,64.));
#7329=CARTESIAN_POINT('Ctrl Pts',(9.16159424820859,10.2459500354756,64.));
#7330=CARTESIAN_POINT('Ctrl Pts',(24.913758629539,10.2459500354756,64.));
#7331=CARTESIAN_POINT('Ctrl Pts',(25.2356333025641,10.246702814168,64.0071622108334));
#7332=CARTESIAN_POINT('Ctrl Pts',(25.8906201637568,10.2450305262262,63.9912514538823));
#7333=CARTESIAN_POINT('Ctrl Pts',(26.2192394395801,10.2373550909358,63.9182245651843));
#7334=CARTESIAN_POINT('Ctrl Pts',(26.8248811768804,10.2087956245708,63.6464993935702));
#7335=CARTESIAN_POINT('Ctrl Pts',(27.097274204998,10.188574483566,63.4541080883697));
#7336=CARTESIAN_POINT('Ctrl Pts',(27.5514182468076,10.1377453614927,62.9705012960766));
#7337=CARTESIAN_POINT('Ctrl Pts',(27.7296452617204,10.1077520397853,62.6851339047636));
#7338=CARTESIAN_POINT('Ctrl Pts',(27.9983050975579,10.0312944984221,61.9576889909599));
#7339=CARTESIAN_POINT('Ctrl Pts',(28.,9.99529857751754,61.6152106780048));
#7340=CARTESIAN_POINT('Ctrl Pts',(28.,9.77442877071922,59.5137748391919));
#7341=CARTESIAN_POINT('Ctrl Pts',(28.,9.60273143055382,57.8801837690375));
#7342=CARTESIAN_POINT('Ctrl Pts',(28.,8.61775014268651,48.5087128156785));
#7343=CARTESIAN_POINT('Ctrl Pts',(28.,7.79745850813545,40.7041592458098));
#7344=CARTESIAN_POINT('Ctrl Pts',(28.,6.96792162815278,32.8116430414359));
#7345=CARTESIAN_POINT('Ctrl Pts',(28.,5.93789008076581,23.0115475002495));
#7346=CARTESIAN_POINT('Ctrl Pts',(28.,4.90785853337885,13.211451959063));
#7347=CARTESIAN_POINT('Ctrl Pts',(28.,3.84421699828449,3.09157874552652));
#7348=CARTESIAN_POINT('Ctrl Pts',(28.0058330756099,3.81023027198651,2.76821664489737));
#7349=CARTESIAN_POINT('Ctrl Pts',(27.993393044392,3.74230243153506,2.12192641425398));
#7350=CARTESIAN_POINT('Ctrl Pts',(27.9254525238182,3.70877705271647,1.80295374171974));
#7351=CARTESIAN_POINT('Ctrl Pts',(27.6688022417581,3.64652833227302,1.21069672861174));
#7352=CARTESIAN_POINT('Ctrl Pts',(27.4854761145156,3.61827258204852,0.941861223059264));
#7353=CARTESIAN_POINT('Ctrl Pts',(27.0240541357591,3.57082757138205,0.490452100044032));
#7354=CARTESIAN_POINT('Ctrl Pts',(26.7523008131728,3.55189299625191,0.310301651471597));
#7355=CARTESIAN_POINT('Ctrl Pts',(26.1525679896673,3.52612171812712,0.0651043189412898));
#7356=CARTESIAN_POINT('Ctrl Pts',(25.831254807108,3.5193179547911,0.000370834902032264));
#7357=CARTESIAN_POINT('Ctrl Pts',(25.5018821936524,3.51927903408463,5.29115890969924E-7));
#7358=CARTESIAN_POINT('Ctrl Pts',(25.5009411496651,3.51927897847231,2.71332260554115E-17));
#7359=CARTESIAN_POINT('Ctrl Pts',(25.5,3.51927897847231,2.71332260554115E-17));
#7360=CARTESIAN_POINT('Ctrl Pts',(23.6482329384526,57.9926576955075,-6.24051840184891));
#7361=CARTESIAN_POINT('Ctrl Pts',(23.6461820913402,57.9928613611535,-6.23859452382398));
#7362=CARTESIAN_POINT('Ctrl Pts',(23.6380876662824,57.9938068945738,-6.23101272711288));
#7363=CARTESIAN_POINT('Ctrl Pts',(23.5947375718343,57.9972069875183,-6.19088965533703));
#7364=CARTESIAN_POINT('Ctrl Pts',(23.5541285271719,57.999252839978,-6.1537327061755));
#7365=CARTESIAN_POINT('Ctrl Pts',(23.5103052015988,58.000142594458,-6.1138489738264));
#7366=CARTESIAN_POINT('Ctrl Pts',(23.5020873412714,58.,-6.10637569401872));
#7367=CARTESIAN_POINT('Ctrl Pts',(23.5,58.,-6.10447970413408));
#7368=CARTESIAN_POINT('Ctrl Pts',(23.1789947595847,57.9926576955075,-6.70975658071681));
#7369=CARTESIAN_POINT('Ctrl Pts',(23.1769862355015,57.9928613611535,-6.70779037966272));
#7370=CARTESIAN_POINT('Ctrl Pts',(23.1692040287925,57.9938068945738,-6.69989636460279));
#7371=CARTESIAN_POINT('Ctrl Pts',(23.1268047647779,57.9972069875183,-6.65882246239345));
#7372=CARTESIAN_POINT('Ctrl Pts',(23.0875362879254,57.999252839978,-6.62032494542196));
#7373=CARTESIAN_POINT('Ctrl Pts',(23.0447005826712,58.000142594458,-6.57945359275406));
#7374=CARTESIAN_POINT('Ctrl Pts',(23.0368501255205,58.,-6.57161290976961));
#7375=CARTESIAN_POINT('Ctrl Pts',(23.0348265680447,58.,-6.56965313608938));
#7376=CARTESIAN_POINT('Ctrl Pts',(22.7097565807168,57.9926576955075,-7.17899475958471));
#7377=CARTESIAN_POINT('Ctrl Pts',(22.7077903796627,57.9928613611535,-7.17698623550145));
#7378=CARTESIAN_POINT('Ctrl Pts',(22.6998963646028,57.9951982729101,-7.16916529972868));
#7379=CARTESIAN_POINT('Ctrl Pts',(22.6588224623935,57.9960459515924,-7.12583910926084));
#7380=CARTESIAN_POINT('Ctrl Pts',(22.6203249454219,58.0005284929841,-7.08679591130596));
#7381=CARTESIAN_POINT('Ctrl Pts',(22.5794535927541,57.998749883794,-7.04438587079622));
#7382=CARTESIAN_POINT('Ctrl Pts',(22.5716129097696,58.,-7.03685012552051));
#7383=CARTESIAN_POINT('Ctrl Pts',(22.5696531360894,58.,-7.03482656804469));
#7384=CARTESIAN_POINT('Ctrl Pts',(22.2405184018489,57.9926576955075,-7.6482329384526));
#7385=CARTESIAN_POINT('Ctrl Pts',(22.238594523824,57.9928613611535,-7.64618209134019));
#7386=CARTESIAN_POINT('Ctrl Pts',(22.2310127271129,57.9938068945738,-7.63808766628239));
#7387=CARTESIAN_POINT('Ctrl Pts',(22.190889655337,57.9972069875183,-7.59473757183429));
#7388=CARTESIAN_POINT('Ctrl Pts',(22.1537327061755,57.999252839978,-7.55412852717186));
#7389=CARTESIAN_POINT('Ctrl Pts',(22.1138489738264,58.000142594458,-7.51030520159882));
#7390=CARTESIAN_POINT('Ctrl Pts',(22.1063756940187,58.,-7.5020873412714));
#7391=CARTESIAN_POINT('Ctrl Pts',(22.1044797041341,58.,-7.5));
#7392=CARTESIAN_POINT('',(23.5,58.,-6.10447970413408));
#7393=CARTESIAN_POINT('',(23.6482329384526,57.9926576955075,-6.24051840184891));
#7394=CARTESIAN_POINT('Ctrl Pts',(23.5,58.,-6.10447970413408));
#7395=CARTESIAN_POINT('Ctrl Pts',(23.5005637819273,58.,-6.1049918028723));
#7396=CARTESIAN_POINT('Ctrl Pts',(23.5011309773126,57.9999997208483,-6.10550701191486));
#7397=CARTESIAN_POINT('Ctrl Pts',(23.5017955478292,57.9999989253356,-6.10611092748283));
#7398=CARTESIAN_POINT('Ctrl Pts',(23.5024874946499,57.9999980970526,-6.10673972073635));
#7399=CARTESIAN_POINT('Ctrl Pts',(23.50328483257,57.999996714202,-6.10746452215677));
#7400=CARTESIAN_POINT('Ctrl Pts',(23.5042506142932,57.9999939774139,-6.10834276718109));
#7401=CARTESIAN_POINT('Ctrl Pts',(23.5052662816218,57.9999910992623,-6.10926637627013));
#7402=CARTESIAN_POINT('Ctrl Pts',(23.5064680237635,57.9999867246085,-6.11035948871739));
#7403=CARTESIAN_POINT('Ctrl Pts',(23.5078855137015,57.999979272748,-6.11164914237246));
#7404=CARTESIAN_POINT('Ctrl Pts',(23.5094010610356,57.9999713053917,-6.11302801012063));
#7405=CARTESIAN_POINT('Ctrl Pts',(23.5111629333767,57.9999597955053,-6.11463127229785));
#7406=CARTESIAN_POINT('Ctrl Pts',(23.5131626598176,57.999942247017,-6.11645125737338));
#7407=CARTESIAN_POINT('Ctrl Pts',(23.5153782474409,57.999922804251,-6.11846770138556));
#7408=CARTESIAN_POINT('Ctrl Pts',(23.5178853306164,57.999895870515,-6.12074974118828));
#7409=CARTESIAN_POINT('Ctrl Pts',(23.5206250422468,57.9998581958413,-6.12324389859483));
#7410=CARTESIAN_POINT('Ctrl Pts',(23.524277348557,57.9998079717787,-6.12656885686184));
#7411=CARTESIAN_POINT('Ctrl Pts',(23.528342015555,57.9997382853274,-6.13026980538956));
#7412=CARTESIAN_POINT('Ctrl Pts',(23.5326064879899,57.999645563772,-6.13415376409934));
#7413=CARTESIAN_POINT('Ctrl Pts',(23.5363730306312,57.9995636686026,-6.13758422268978));
#7414=CARTESIAN_POINT('Ctrl Pts',(23.5402914307606,57.9994639045085,-6.14115379942366));
#7415=CARTESIAN_POINT('Ctrl Pts',(23.5442140492979,57.999348231014,-6.14472866738168));
#7416=CARTESIAN_POINT('Ctrl Pts',(23.5474359480021,57.9992532209388,-6.14766493618584));
#7417=CARTESIAN_POINT('Ctrl Pts',(23.5506598880711,57.9991476331136,-6.15060404382521));
#7418=CARTESIAN_POINT('Ctrl Pts',(23.5538280401076,57.9990338695634,-6.15349379214584));
#7419=CARTESIAN_POINT('Ctrl Pts',(23.5567160453881,57.9989301656597,-6.15612801181498));
#7420=CARTESIAN_POINT('Ctrl Pts',(23.5595572808048,57.9988197599916,-6.15872083887185));
#7421=CARTESIAN_POINT('Ctrl Pts',(23.5623374365657,57.9987041215672,-6.16125970860496));
#7422=CARTESIAN_POINT('Ctrl Pts',(23.5650005360472,57.9985933520079,-6.1636916812179));
#7423=CARTESIAN_POINT('Ctrl Pts',(23.5676071803447,57.9984778605105,-6.16607376748574));
#7424=CARTESIAN_POINT('Ctrl Pts',(23.5701790985321,57.9983573986634,-6.16842631015074));
#7425=CARTESIAN_POINT('Ctrl Pts',(23.5732850910105,57.9982119221887,-6.17126737245908));
#7426=CARTESIAN_POINT('Ctrl Pts',(23.5763432588552,57.9980592120798,-6.1740679506119));
#7427=CARTESIAN_POINT('Ctrl Pts',(23.5794527388624,57.9978942760713,-6.17691951313389));
#7428=CARTESIAN_POINT('Ctrl Pts',(23.5820789734112,57.99775497283,-6.1793279132509));
#7429=CARTESIAN_POINT('Ctrl Pts',(23.584742430737,57.9976068044352,-6.18177324608995));
#7430=CARTESIAN_POINT('Ctrl Pts',(23.5874618112294,57.9974479729114,-6.18427270379073));
#7431=CARTESIAN_POINT('Ctrl Pts',(23.5903849853846,57.9972772383612,-6.18695947387433));
#7432=CARTESIAN_POINT('Ctrl Pts',(23.5933724138611,57.99709412257,-6.18970845218908));
#7433=CARTESIAN_POINT('Ctrl Pts',(23.596402500225,57.9968989805429,-6.19249955569633));
#7434=CARTESIAN_POINT('Ctrl Pts',(23.5998427178248,57.9966774254599,-6.19566844339624));
#7435=CARTESIAN_POINT('Ctrl Pts',(23.6033373517471,57.9964402704248,-6.19889111309465));
#7436=CARTESIAN_POINT('Ctrl Pts',(23.6068057682088,57.9961926773906,-6.20209273839824));
#7437=CARTESIAN_POINT('Ctrl Pts',(23.6122483538131,57.9958041582211,-6.20711667943313));
#7438=CARTESIAN_POINT('Ctrl Pts',(23.6176228820875,57.9953892332587,-6.21208564851371));
#7439=CARTESIAN_POINT('Ctrl Pts',(23.6225157904937,57.9949882544956,-6.21661513225922));
#7440=CARTESIAN_POINT('Ctrl Pts',(23.6257186975478,57.9947257730423,-6.21958014084626));
#7441=CARTESIAN_POINT('Ctrl Pts',(23.6287126712308,57.9944699164201,-6.22235442515333));
#7442=CARTESIAN_POINT('Ctrl Pts',(23.6314009667163,57.9942335111842,-6.22484766277117));
#7443=CARTESIAN_POINT('Ctrl Pts',(23.6338089658904,57.9940217548443,-6.227080941872));
#7444=CARTESIAN_POINT('Ctrl Pts',(23.6359709457677,57.9938257830903,-6.22908801046681));
#7445=CARTESIAN_POINT('Ctrl Pts',(23.6378519510369,57.9936521815989,-6.2308359124409));
#7446=CARTESIAN_POINT('Ctrl Pts',(23.6394973112775,57.9935003282277,-6.23236484404974));
#7447=CARTESIAN_POINT('Ctrl Pts',(23.6409276846627,57.9933656280429,-6.23369547095456));
#7448=CARTESIAN_POINT('Ctrl Pts',(23.6421515111996,57.9932491245146,-6.23483525888239));
#7449=CARTESIAN_POINT('Ctrl Pts',(23.6433248407196,57.993137428106,-6.23592801735913));
#7450=CARTESIAN_POINT('Ctrl Pts',(23.6443080242729,57.993042496682,-6.23684508806977));
#7451=CARTESIAN_POINT('Ctrl Pts',(23.6451424031044,57.9929613802175,-6.23762452758284));
#7452=CARTESIAN_POINT('Ctrl Pts',(23.6459355454858,57.9928842726696,-6.23836544584234));
#7453=CARTESIAN_POINT('Ctrl Pts',(23.6465941013131,57.9928196559659,-6.23898188330902));
#7454=CARTESIAN_POINT('Ctrl Pts',(23.6471876940153,57.9927611271501,-6.23953820484822));
#7455=CARTESIAN_POINT('Ctrl Pts',(23.6475521513599,57.9927251913027,-6.23987977823704));
#7456=CARTESIAN_POINT('Ctrl Pts',(23.6478927956309,57.9926914744309,-6.2401993174588));
#7457=CARTESIAN_POINT('Ctrl Pts',(23.6482329384526,57.9926576955075,-6.24051840184891));
#7458=CARTESIAN_POINT('Ctrl Pts',(22.2405184018489,57.9926576955075,-7.6482329384526));
#7459=CARTESIAN_POINT('Ctrl Pts',(22.7097565807168,57.9926576955075,-7.1789947595847));
#7460=CARTESIAN_POINT('Ctrl Pts',(23.1789947595847,57.9926576955075,-6.70975658071681));
#7461=CARTESIAN_POINT('Ctrl Pts',(23.6482329384526,57.9926576955075,-6.24051840184891));
#7462=CARTESIAN_POINT('',(22.802239852067,58.,-6.80223985206704));
#7463=CARTESIAN_POINT('Ctrl Pts',(-22.2405184018489,57.9926576955075,-7.6482329384526));
#7464=CARTESIAN_POINT('Ctrl Pts',(-22.238594523824,57.9928613611535,-7.64618209134019));
#7465=CARTESIAN_POINT('Ctrl Pts',(-22.2310127271129,57.9938068945738,-7.63808766628238));
#7466=CARTESIAN_POINT('Ctrl Pts',(-22.190889655337,57.9972069875183,-7.59473757183429));
#7467=CARTESIAN_POINT('Ctrl Pts',(-22.1537327061755,57.999252839978,-7.55412852717186));
#7468=CARTESIAN_POINT('Ctrl Pts',(-22.1138489738264,58.000142594458,-7.51030520159882));
#7469=CARTESIAN_POINT('Ctrl Pts',(-22.1063756940187,58.,-7.5020873412714));
#7470=CARTESIAN_POINT('Ctrl Pts',(-22.1044797041341,58.,-7.5));
#7471=CARTESIAN_POINT('Ctrl Pts',(-22.7097565807168,57.9926576955075,-7.17899475958471));
#7472=CARTESIAN_POINT('Ctrl Pts',(-22.7077903796627,57.9928613611535,-7.17698623550145));
#7473=CARTESIAN_POINT('Ctrl Pts',(-22.6998963646028,57.9938068945738,-7.16920402879247));
#7474=CARTESIAN_POINT('Ctrl Pts',(-22.6588224623934,57.9972069875183,-7.12680476477787));
#7475=CARTESIAN_POINT('Ctrl Pts',(-22.620324945422,57.999252839978,-7.0875362879254));
#7476=CARTESIAN_POINT('Ctrl Pts',(-22.5794535927541,58.000142594458,-7.04470058267116));
#7477=CARTESIAN_POINT('Ctrl Pts',(-22.5716129097696,58.,-7.03685012552051));
#7478=CARTESIAN_POINT('Ctrl Pts',(-22.5696531360894,58.,-7.0348265680447));
#7479=CARTESIAN_POINT('Ctrl Pts',(-23.1789947595847,57.9926576955075,-6.70975658071681));
#7480=CARTESIAN_POINT('Ctrl Pts',(-23.1769862355015,57.9928613611535,-6.70779037966272));
#7481=CARTESIAN_POINT('Ctrl Pts',(-23.1691652997287,57.9951982729101,-6.6998963646028));
#7482=CARTESIAN_POINT('Ctrl Pts',(-23.1258391092608,57.9960459515924,-6.65882246239344));
#7483=CARTESIAN_POINT('Ctrl Pts',(-23.086795911306,58.0005284929841,-6.62032494542197));
#7484=CARTESIAN_POINT('Ctrl Pts',(-23.0443858707962,57.998749883794,-6.57945359275407));
#7485=CARTESIAN_POINT('Ctrl Pts',(-23.0368501255205,58.,-6.57161290976962));
#7486=CARTESIAN_POINT('Ctrl Pts',(-23.0348265680447,58.,-6.56965313608939));
#7487=CARTESIAN_POINT('Ctrl Pts',(-23.6482329384526,57.9926576955075,-6.24051840184892));
#7488=CARTESIAN_POINT('Ctrl Pts',(-23.6461820913402,57.9928613611535,-6.23859452382398));
#7489=CARTESIAN_POINT('Ctrl Pts',(-23.6380876662824,57.9938068945738,-6.23101272711288));
#7490=CARTESIAN_POINT('Ctrl Pts',(-23.5947375718343,57.9972069875183,-6.19088965533703));
#7491=CARTESIAN_POINT('Ctrl Pts',(-23.5541285271719,57.999252839978,-6.1537327061755));
#7492=CARTESIAN_POINT('Ctrl Pts',(-23.5103052015988,58.000142594458,-6.11384897382641));
#7493=CARTESIAN_POINT('Ctrl Pts',(-23.5020873412714,58.,-6.10637569401873));
#7494=CARTESIAN_POINT('Ctrl Pts',(-23.5,58.,-6.10447970413408));
#7495=CARTESIAN_POINT('',(-23.6482329384526,57.9926576955075,-6.24051840184892));
#7496=CARTESIAN_POINT('Ctrl Pts',(-23.6482329384526,57.9926576955075,-6.24051840184892));
#7497=CARTESIAN_POINT('Ctrl Pts',(-23.1789947595847,57.9926576955075,-6.70975658071681));
#7498=CARTESIAN_POINT('Ctrl Pts',(-22.7097565807168,57.9926576955075,-7.17899475958471));
#7499=CARTESIAN_POINT('Ctrl Pts',(-22.2405184018489,57.9926576955075,-7.6482329384526));
#7500=CARTESIAN_POINT('',(-23.5,58.,-6.10447970413408));
#7501=CARTESIAN_POINT('Ctrl Pts',(-23.6482329384526,57.9926576955075,-6.24051840184892));
#7502=CARTESIAN_POINT('Ctrl Pts',(-23.6476788870151,57.9927127172803,-6.23999865204465));
#7503=CARTESIAN_POINT('Ctrl Pts',(-23.6471214316106,57.9927678037952,-6.2394757704321));
#7504=CARTESIAN_POINT('Ctrl Pts',(-23.6464675426937,57.992831959377,-6.23886366138673));
#7505=CARTESIAN_POINT('Ctrl Pts',(-23.6457867074588,57.9928987587667,-6.23822632774345));
#7506=CARTESIAN_POINT('Ctrl Pts',(-23.6450014978348,57.9929753784168,-6.23749241926452));
#7507=CARTESIAN_POINT('Ctrl Pts',(-23.6440493974019,57.9930672359637,-6.23660420639522));
#7508=CARTESIAN_POINT('Ctrl Pts',(-23.6430480951861,57.9931638404415,-6.23567009326666));
#7509=CARTESIAN_POINT('Ctrl Pts',(-23.6418624255188,57.9932772778381,-6.23456551810348));
#7510=CARTESIAN_POINT('Ctrl Pts',(-23.6404627998647,57.9934089198388,-6.23326337991482));
#7511=CARTESIAN_POINT('Ctrl Pts',(-23.6389662929845,57.9935496740178,-6.23187110852237));
#7512=CARTESIAN_POINT('Ctrl Pts',(-23.6372254850027,57.9937111859944,-6.23025325816003));
#7513=CARTESIAN_POINT('Ctrl Pts',(-23.6352484012673,57.9938901800181,-6.22841771889489));
#7514=CARTESIAN_POINT('Ctrl Pts',(-23.6330576134123,57.994088521609,-6.22638377513353));
#7515=CARTESIAN_POINT('Ctrl Pts',(-23.6305771801648,57.9943082046769,-6.22408298186282));
#7516=CARTESIAN_POINT('Ctrl Pts',(-23.6278648570863,57.9945402565078,-6.22156946155883));
#7517=CARTESIAN_POINT('Ctrl Pts',(-23.6242447584297,57.9948499727535,-6.21821470210998));
#7518=CARTESIAN_POINT('Ctrl Pts',(-23.6202125920487,57.9951812492105,-6.21448197052311));
#7519=CARTESIAN_POINT('Ctrl Pts',(-23.6159785090681,57.9955096072691,-6.21056704273188));
#7520=CARTESIAN_POINT('Ctrl Pts',(-23.6122478038807,57.9957989277946,-6.207117549303));
#7521=CARTESIAN_POINT('Ctrl Pts',(-23.6083643117151,57.9960856897203,-6.20353027602093));
#7522=CARTESIAN_POINT('Ctrl Pts',(-23.6044731381056,57.9963573648746,-6.19994001179001));
#7523=CARTESIAN_POINT('Ctrl Pts',(-23.6012750453245,57.9965806502986,-6.19698923157006));
#7524=CARTESIAN_POINT('Ctrl Pts',(-23.5980725710544,57.9967938178382,-6.19403716657874));
#7525=CARTESIAN_POINT('Ctrl Pts',(-23.5949225842128,57.9969935547645,-6.1911365868569));
#7526=CARTESIAN_POINT('Ctrl Pts',(-23.5920507951253,57.9971756515014,-6.18849217797153));
#7527=CARTESIAN_POINT('Ctrl Pts',(-23.5892230473079,57.9973466351153,-6.18589094101655));
#7528=CARTESIAN_POINT('Ctrl Pts',(-23.5864531572265,57.9975065447622,-6.18334574702172));
#7529=CARTESIAN_POINT('Ctrl Pts',(-23.5838031294718,57.9976595345885,-6.18091069200891));
#7530=CARTESIAN_POINT('Ctrl Pts',(-23.5812064649103,57.9978024263574,-6.1785273053813));
#7531=CARTESIAN_POINT('Ctrl Pts',(-23.5786412731219,57.9979370981993,-6.17617544317062));
#7532=CARTESIAN_POINT('Ctrl Pts',(-23.5755457620846,57.9980996116514,-6.17333736476103));
#7533=CARTESIAN_POINT('Ctrl Pts',(-23.5724932610837,57.9982504489525,-6.17054260835197));
#7534=CARTESIAN_POINT('Ctrl Pts',(-23.5693852110353,57.9983943714822,-6.16770020832393));
#7535=CARTESIAN_POINT('Ctrl Pts',(-23.5667554690822,57.9985161452981,-6.16529523463144));
#7536=CARTESIAN_POINT('Ctrl Pts',(-23.5640853372524,57.9986328869281,-6.16285557445282));
#7537=CARTESIAN_POINT('Ctrl Pts',(-23.561356280423,57.9987446102831,-6.16036378026639));
#7538=CARTESIAN_POINT('Ctrl Pts',(-23.5584227760313,57.9988647034043,-6.15768531307204));
#7539=CARTESIAN_POINT('Ctrl Pts',(-23.5554215464684,57.9989789015251,-6.15494693825508));
#7540=CARTESIAN_POINT('Ctrl Pts',(-23.5523746302938,57.9990853538413,-6.15216820674545));
#7541=CARTESIAN_POINT('Ctrl Pts',(-23.5489158782696,57.9992061947648,-6.14901388851579));
#7542=CARTESIAN_POINT('Ctrl Pts',(-23.5453988171176,57.9993168987679,-6.14580808053665));
#7543=CARTESIAN_POINT('Ctrl Pts',(-23.5419051095067,57.9994145396778,-6.14262458432946));
#7544=CARTESIAN_POINT('Ctrl Pts',(-23.5364192956717,57.9995678552709,-6.13762586392074));
#7545=CARTESIAN_POINT('Ctrl Pts',(-23.5309945023605,57.9996878967375,-6.13268525437425));
#7546=CARTESIAN_POINT('Ctrl Pts',(-23.5260508777997,57.9997737668615,-6.1281838823801));
#7547=CARTESIAN_POINT('Ctrl Pts',(-23.5228158973218,57.9998299580571,-6.12523830058162));
#7548=CARTESIAN_POINT('Ctrl Pts',(-23.5197895745653,57.9998719169867,-6.12248320385194));
#7549=CARTESIAN_POINT('Ctrl Pts',(-23.5170704443672,57.9999028634979,-6.12000808856481));
#7550=CARTESIAN_POINT('Ctrl Pts',(-23.5146337416111,57.999930595693,-6.11779005566366));
#7551=CARTESIAN_POINT('Ctrl Pts',(-23.5124445140389,57.9999495879243,-6.11579757922501));
#7552=CARTESIAN_POINT('Ctrl Pts',(-23.5105387164264,57.9999629780285,-6.11406331762824));
#7553=CARTESIAN_POINT('Ctrl Pts',(-23.5088725394487,57.9999746845619,-6.11254710901992));
#7554=CARTESIAN_POINT('Ctrl Pts',(-23.5074230019616,57.9999821463501,-6.11122826906333));
#7555=CARTESIAN_POINT('Ctrl Pts',(-23.5061819132985,57.9999872612619,-6.11009931510631));
#7556=CARTESIAN_POINT('Ctrl Pts',(-23.5049920278471,57.9999921651493,-6.109016938054));
#7557=CARTESIAN_POINT('Ctrl Pts',(-23.503994042375,57.9999949220248,-6.10810937307076));
#7558=CARTESIAN_POINT('Ctrl Pts',(-23.5031464153055,57.9999967000199,-6.10733877701577));
#7559=CARTESIAN_POINT('Ctrl Pts',(-23.5023406905544,57.9999983901201,-6.10660627526246));
#7560=CARTESIAN_POINT('Ctrl Pts',(-23.5016709530386,57.9999991908936,-6.10599765182396));
#7561=CARTESIAN_POINT('Ctrl Pts',(-23.5010669950084,57.9999996205072,-6.10544895276503));
#7562=CARTESIAN_POINT('Ctrl Pts',(-23.5006949818663,57.9999998851313,-6.10511097686139));
#7563=CARTESIAN_POINT('Ctrl Pts',(-23.5003472398667,58.,-6.10479511172168));
#7564=CARTESIAN_POINT('Ctrl Pts',(-23.5,58.,-6.10447970413408));
#7565=CARTESIAN_POINT('',(-22.802239852067,58.,-6.80223985206704));
#7566=CARTESIAN_POINT('Ctrl Pts',(-23.6482329384526,57.9926576955075,-6.24051840184892));
#7567=CARTESIAN_POINT('Ctrl Pts',(-23.9505919678229,57.9626310071876,-6.52415821523415));
#7568=CARTESIAN_POINT('Ctrl Pts',(-24.4880356858375,57.7234722685234,-7.11005619840425));
#7569=CARTESIAN_POINT('Ctrl Pts',(-24.8522250617827,57.207411338245,-7.67176648457496));
#7570=CARTESIAN_POINT('Ctrl Pts',(-24.9666660547014,56.84346875157,-7.91014743823263));
#7571=CARTESIAN_POINT('Ctrl Pts',(-24.9968700297672,56.6393556943307,-7.98924836605767));
#7572=CARTESIAN_POINT('Ctrl Pts',(-25.,56.5461320588926,-8.));
#7573=CARTESIAN_POINT('Ctrl Pts',(-25.,56.5,-8.));
#7574=CARTESIAN_POINT('Ctrl Pts',(-23.1789947595847,57.9926576955075,-6.70975658071681));
#7575=CARTESIAN_POINT('Ctrl Pts',(-23.4751140502933,57.9626310071876,-6.99963613276372));
#7576=CARTESIAN_POINT('Ctrl Pts',(-24.0287091900264,57.7234722685234,-7.56938269421532));
#7577=CARTESIAN_POINT('Ctrl Pts',(-24.4587388693801,57.207411338245,-8.06525267697752));
#7578=CARTESIAN_POINT('Ctrl Pts',(-24.6144931825451,56.84346875157,-8.26232031038888));
#7579=CARTESIAN_POINT('Ctrl Pts',(-24.6609961418641,56.6393556943307,-8.32512225396086));
#7580=CARTESIAN_POINT('Ctrl Pts',(-24.6666666666667,56.5461320588926,-8.33333333333333));
#7581=CARTESIAN_POINT('Ctrl Pts',(-24.6666666666667,56.5,-8.33333333333333));
#7582=CARTESIAN_POINT('Ctrl Pts',(-22.7097565807168,57.9926576955075,-7.17899475958471));
#7583=CARTESIAN_POINT('Ctrl Pts',(-22.9996361327637,57.9626310071876,-7.47511405029329));
#7584=CARTESIAN_POINT('Ctrl Pts',(-23.5693826942153,57.7234722685234,-8.02870919002639));
#7585=CARTESIAN_POINT('Ctrl Pts',(-24.0652526769775,57.207411338245,-8.45873886938009));
#7586=CARTESIAN_POINT('Ctrl Pts',(-24.2623203103889,56.84346875157,-8.61449318254512));
#7587=CARTESIAN_POINT('Ctrl Pts',(-24.3251222539609,56.6393556943307,-8.66099614186405));
#7588=CARTESIAN_POINT('Ctrl Pts',(-24.3333333333333,56.5461320588926,-8.66666666666667));
#7589=CARTESIAN_POINT('Ctrl Pts',(-24.3333333333333,56.5,-8.66666666666667));
#7590=CARTESIAN_POINT('Ctrl Pts',(-22.2405184018489,57.9926576955075,-7.6482329384526));
#7591=CARTESIAN_POINT('Ctrl Pts',(-22.5241582152341,57.9626310071876,-7.95059196782286));
#7592=CARTESIAN_POINT('Ctrl Pts',(-23.1100561984043,57.7234722685234,-8.48803568583746));
#7593=CARTESIAN_POINT('Ctrl Pts',(-23.6717664845749,57.207411338245,-8.85222506178266));
#7594=CARTESIAN_POINT('Ctrl Pts',(-23.9101474382326,56.84346875157,-8.96666605470137));
#7595=CARTESIAN_POINT('Ctrl Pts',(-23.9892483660577,56.6393556943307,-8.99687002976725));
#7596=CARTESIAN_POINT('Ctrl Pts',(-24.,56.5461320588926,-9.));
#7597=CARTESIAN_POINT('Ctrl Pts',(-24.,56.5,-9.));
#7598=CARTESIAN_POINT('',(-25.,56.5,-8.));
#7599=CARTESIAN_POINT('',(-24.,56.5,-9.));
#7600=CARTESIAN_POINT('Ctrl Pts',(-25.,56.5,-8.));
#7601=CARTESIAN_POINT('Ctrl Pts',(-25.,56.5461320588926,-8.));
#7602=CARTESIAN_POINT('Ctrl Pts',(-24.9968700297672,56.6393556943307,-7.98924836605767));
#7603=CARTESIAN_POINT('Ctrl Pts',(-24.9666660547014,56.84346875157,-7.91014743823263));
#7604=CARTESIAN_POINT('Ctrl Pts',(-24.8522250617827,57.207411338245,-7.67176648457496));
#7605=CARTESIAN_POINT('Ctrl Pts',(-24.4880356858375,57.7234722685234,-7.11005619840425));
#7606=CARTESIAN_POINT('Ctrl Pts',(-23.9505919678229,57.9626310071876,-6.52415821523415));
#7607=CARTESIAN_POINT('Ctrl Pts',(-23.6482329384526,57.9926576955075,-6.24051840184892));
#7608=CARTESIAN_POINT('Origin',(-24.5,47.1202066584472,-8.5));
#7609=CARTESIAN_POINT('',(-24.,8.48082663378896,-9.));
#7610=CARTESIAN_POINT('',(-25.,8.48082663378895,-8.));
#7611=CARTESIAN_POINT('',(-24.,8.48082663378896,-9.));
#7612=CARTESIAN_POINT('',(-25.,47.1202066584472,-8.));
#7613=CARTESIAN_POINT('',(-24.,47.1202066584472,-9.));
#7614=CARTESIAN_POINT('Origin',(-23.,8.48082663378895,-8.5));
#7615=CARTESIAN_POINT('',(-23.,7.48082663378896,-9.));
#7616=CARTESIAN_POINT('',(-23.,6.48082663378896,-8.));
#7617=CARTESIAN_POINT('',(-23.,7.48082663378896,-9.));
#7618=CARTESIAN_POINT('Origin',(-23.,8.48082663378895,-8.));
#7619=CARTESIAN_POINT('Origin',(-23.,8.48082663378895,-9.));
#7620=CARTESIAN_POINT('Origin',(-11.5,6.98082663378895,-8.5));
#7621=CARTESIAN_POINT('',(23.,7.48082663378896,-9.));
#7622=CARTESIAN_POINT('',(23.,6.48082663378895,-8.));
#7623=CARTESIAN_POINT('',(23.,7.48082663378896,-9.));
#7624=CARTESIAN_POINT('',(-11.5,6.48082663378895,-8.));
#7625=CARTESIAN_POINT('',(-11.5,7.48082663378896,-9.));
#7626=CARTESIAN_POINT('Origin',(23.,8.48082663378895,-8.5));
#7627=CARTESIAN_POINT('',(24.,8.48082663378895,-9.));
#7628=CARTESIAN_POINT('',(25.,8.48082663378895,-8.));
#7629=CARTESIAN_POINT('',(24.,8.48082663378895,-9.));
#7630=CARTESIAN_POINT('Origin',(23.,8.48082663378895,-8.));
#7631=CARTESIAN_POINT('Origin',(23.,8.48082663378895,-9.));
#7632=CARTESIAN_POINT('Origin',(24.5,21.3606199753417,-8.5));
#7633=CARTESIAN_POINT('',(25.,56.5,-8.));
#7634=CARTESIAN_POINT('',(24.,56.5,-9.));
#7635=CARTESIAN_POINT('',(25.,21.3606199753417,-8.));
#7636=CARTESIAN_POINT('',(24.,21.3606199753417,-9.));
#7637=CARTESIAN_POINT('Ctrl Pts',(25.,56.5,-8.));
#7638=CARTESIAN_POINT('Ctrl Pts',(25.,56.5461320588926,-8.));
#7639=CARTESIAN_POINT('Ctrl Pts',(24.9968700297672,56.6393556943307,-7.98924836605766));
#7640=CARTESIAN_POINT('Ctrl Pts',(24.9666660547014,56.84346875157,-7.91014743823263));
#7641=CARTESIAN_POINT('Ctrl Pts',(24.8522250617827,57.2074113382451,-7.67176648457495));
#7642=CARTESIAN_POINT('Ctrl Pts',(24.4880356858375,57.7234722685234,-7.11005619840425));
#7643=CARTESIAN_POINT('Ctrl Pts',(23.9505919678229,57.9626310071876,-6.52415821523414));
#7644=CARTESIAN_POINT('Ctrl Pts',(23.6482329384526,57.9926576955075,-6.24051840184891));
#7645=CARTESIAN_POINT('Ctrl Pts',(24.6666666666667,56.5,-8.33333333333333));
#7646=CARTESIAN_POINT('Ctrl Pts',(24.6666666666667,56.5461320588926,-8.33333333333333));
#7647=CARTESIAN_POINT('Ctrl Pts',(24.660996141864,56.6393556943307,-8.32512225396086));
#7648=CARTESIAN_POINT('Ctrl Pts',(24.6144931825451,56.84346875157,-8.26232031038887));
#7649=CARTESIAN_POINT('Ctrl Pts',(24.4587388693801,57.2074113382451,-8.06525267697752));
#7650=CARTESIAN_POINT('Ctrl Pts',(24.0287091900264,57.7234722685234,-7.56938269421532));
#7651=CARTESIAN_POINT('Ctrl Pts',(23.4751140502933,57.9626310071876,-6.99963613276371));
#7652=CARTESIAN_POINT('Ctrl Pts',(23.1789947595847,57.9926576955075,-6.70975658071681));
#7653=CARTESIAN_POINT('Ctrl Pts',(24.3333333333333,56.5,-8.66666666666667));
#7654=CARTESIAN_POINT('Ctrl Pts',(24.3333333333333,56.5461320588926,-8.66666666666667));
#7655=CARTESIAN_POINT('Ctrl Pts',(24.3251222539609,56.6393556943307,-8.66099614186405));
#7656=CARTESIAN_POINT('Ctrl Pts',(24.2623203103889,56.84346875157,-8.61449318254512));
#7657=CARTESIAN_POINT('Ctrl Pts',(24.0652526769775,57.2074113382451,-8.45873886938009));
#7658=CARTESIAN_POINT('Ctrl Pts',(23.5693826942153,57.7234722685234,-8.02870919002639));
#7659=CARTESIAN_POINT('Ctrl Pts',(22.9996361327637,57.9626310071876,-7.47511405029328));
#7660=CARTESIAN_POINT('Ctrl Pts',(22.7097565807168,57.9926576955075,-7.1789947595847));
#7661=CARTESIAN_POINT('Ctrl Pts',(24.,56.5,-9.));
#7662=CARTESIAN_POINT('Ctrl Pts',(24.,56.5461320588926,-9.));
#7663=CARTESIAN_POINT('Ctrl Pts',(23.9892483660577,56.6393556943307,-8.99687002976724));
#7664=CARTESIAN_POINT('Ctrl Pts',(23.9101474382326,56.84346875157,-8.96666605470137));
#7665=CARTESIAN_POINT('Ctrl Pts',(23.671766484575,57.2074113382451,-8.85222506178266));
#7666=CARTESIAN_POINT('Ctrl Pts',(23.1100561984042,57.7234722685234,-8.48803568583746));
#7667=CARTESIAN_POINT('Ctrl Pts',(22.5241582152341,57.9626310071876,-7.95059196782285));
#7668=CARTESIAN_POINT('Ctrl Pts',(22.2405184018489,57.9926576955075,-7.6482329384526));
#7669=CARTESIAN_POINT('Ctrl Pts',(23.6482329384526,57.9926576955075,-6.24051840184891));
#7670=CARTESIAN_POINT('Ctrl Pts',(23.9505919678229,57.9626310071876,-6.52415821523414));
#7671=CARTESIAN_POINT('Ctrl Pts',(24.4880356858375,57.7234722685234,-7.11005619840425));
#7672=CARTESIAN_POINT('Ctrl Pts',(24.8522250617827,57.2074113382451,-7.67176648457495));
#7673=CARTESIAN_POINT('Ctrl Pts',(24.9666660547014,56.84346875157,-7.91014743823263));
#7674=CARTESIAN_POINT('Ctrl Pts',(24.9968700297672,56.6393556943307,-7.98924836605766));
#7675=CARTESIAN_POINT('Ctrl Pts',(25.,56.5461320588926,-8.));
#7676=CARTESIAN_POINT('Ctrl Pts',(25.,56.5,-8.));
#7677=CARTESIAN_POINT('Origin',(-4.44089209850063E-15,34.2404133168945,
-9.));
#7678=CARTESIAN_POINT('Origin',(0.,58.,32.));
#7679=CARTESIAN_POINT('',(-23.5,58.,1.5));
#7680=CARTESIAN_POINT('',(-23.5,58.,11.5));
#7681=CARTESIAN_POINT('',(-25.5,58.,1.5));
#7682=CARTESIAN_POINT('',(12.75,58.,1.5));
#7683=CARTESIAN_POINT('',(-26.5,58.,2.5));
#7684=CARTESIAN_POINT('Origin',(-25.5,58.,2.5));
#7685=CARTESIAN_POINT('',(-26.5,58.,55.3786796564404));
#7686=CARTESIAN_POINT('',(-26.5,58.,17.25));
#7687=CARTESIAN_POINT('',(26.5,58.,55.3786796564404));
#7688=CARTESIAN_POINT('',(0.,58.,55.3786796564404));
#7689=CARTESIAN_POINT('',(26.5,58.,2.5));
#7690=CARTESIAN_POINT('',(26.5,58.,46.75));
#7691=CARTESIAN_POINT('',(25.5,58.,1.5));
#7692=CARTESIAN_POINT('Origin',(25.5,58.,2.5));
#7693=CARTESIAN_POINT('',(23.5,58.,1.5));
#7694=CARTESIAN_POINT('',(12.75,58.,1.5));
#7695=CARTESIAN_POINT('',(23.5,58.,11.5));
#7696=CARTESIAN_POINT('Origin',(23.5,56.5,11.5));
#7697=CARTESIAN_POINT('',(25.,56.5,0.));
#7698=CARTESIAN_POINT('Origin',(23.5,56.5,1.5));
#7699=CARTESIAN_POINT('',(25.,56.5,11.5));
#7700=CARTESIAN_POINT('Origin',(26.5,56.5,55.3786796564404));
#7701=CARTESIAN_POINT('',(28.,56.5,55.3786796564404));
#7702=CARTESIAN_POINT('',(26.5,57.5606601717798,56.4393398282202));
#7703=CARTESIAN_POINT('Origin',(26.5,56.5,55.3786796564404));
#7704=CARTESIAN_POINT('Origin',(26.5,56.5,55.3786796564404));
#7705=CARTESIAN_POINT('Origin',(26.5,56.5,55.3786796564404));
#7706=CARTESIAN_POINT('Origin',(26.5,56.5,46.75));
#7707=CARTESIAN_POINT('',(28.,56.5,2.5));
#7708=CARTESIAN_POINT('Origin',(26.5,56.5,2.5));
#7709=CARTESIAN_POINT('',(28.,56.5,46.75));
#7710=CARTESIAN_POINT('Ctrl Pts',(28.,56.5,2.5));
#7711=CARTESIAN_POINT('Ctrl Pts',(28.,56.5,-5.55111512312578E-16));
#7712=CARTESIAN_POINT('Ctrl Pts',(25.5,56.5,3.33066907387547E-15));
#7713=CARTESIAN_POINT('Ctrl Pts',(28.,58.,2.5));
#7714=CARTESIAN_POINT('Ctrl Pts',(28.,58.,-5.55111512312578E-16));
#7715=CARTESIAN_POINT('Ctrl Pts',(25.5,58.,3.33066907387547E-15));
#7716=CARTESIAN_POINT('Ctrl Pts',(26.5,58.,2.5));
#7717=CARTESIAN_POINT('Ctrl Pts',(26.5,58.,1.5));
#7718=CARTESIAN_POINT('Ctrl Pts',(25.5,58.,1.5));
#7719=CARTESIAN_POINT('',(25.5,56.5,3.33066907387547E-15));
#7720=CARTESIAN_POINT('Origin',(25.5,56.5,1.5));
#7721=CARTESIAN_POINT('Origin',(25.5,56.5,2.5));
#7722=CARTESIAN_POINT('Origin',(12.75,56.5,1.5));
#7723=CARTESIAN_POINT('',(12.75,56.5,0.));
#7724=CARTESIAN_POINT('Origin',(-26.5,56.5,55.3786796564404));
#7725=CARTESIAN_POINT('',(-26.5,57.5606601717798,56.4393398282202));
#7726=CARTESIAN_POINT('',(-28.,56.5,55.3786796564404));
#7727=CARTESIAN_POINT('Origin',(-26.5,56.5,55.3786796564404));
#7728=CARTESIAN_POINT('Origin',(-26.5,56.5,55.3786796564404));
#7729=CARTESIAN_POINT('Origin',(-26.5,56.5,55.3786796564404));
#7730=CARTESIAN_POINT('Origin',(0.,56.5,55.3786796564404));
#7731=CARTESIAN_POINT('',(0.,57.5606601717798,56.4393398282202));
#7732=CARTESIAN_POINT('Origin',(12.75,56.5,1.5));
#7733=CARTESIAN_POINT('',(-25.,56.5,0.));
#7734=CARTESIAN_POINT('',(-25.5,56.5,0.));
#7735=CARTESIAN_POINT('',(12.75,56.5,0.));
#7736=CARTESIAN_POINT('Origin',(-25.5,56.5,1.5));
#7737=CARTESIAN_POINT('Origin',(-23.5,56.5,1.5));
#7738=CARTESIAN_POINT('Ctrl Pts',(-25.5,56.5,0.));
#7739=CARTESIAN_POINT('Ctrl Pts',(-28.,56.5,-1.11022302462516E-15));
#7740=CARTESIAN_POINT('Ctrl Pts',(-28.,56.5,2.5));
#7741=CARTESIAN_POINT('Ctrl Pts',(-25.5,58.,0.));
#7742=CARTESIAN_POINT('Ctrl Pts',(-28.,58.,-1.11022302462516E-15));
#7743=CARTESIAN_POINT('Ctrl Pts',(-28.,58.,2.5));
#7744=CARTESIAN_POINT('Ctrl Pts',(-25.5,58.,1.5));
#7745=CARTESIAN_POINT('Ctrl Pts',(-26.5,58.,1.5));
#7746=CARTESIAN_POINT('Ctrl Pts',(-26.5,58.,2.5));
#7747=CARTESIAN_POINT('',(-28.,56.5,2.5));
#7748=CARTESIAN_POINT('Origin',(-26.5,56.5,2.5));
#7749=CARTESIAN_POINT('Origin',(-25.5,56.5,2.5));
#7750=CARTESIAN_POINT('Origin',(-26.5,56.5,17.25));
#7751=CARTESIAN_POINT('',(-28.,56.5,17.25));
#7752=CARTESIAN_POINT('Origin',(26.5,40.7643398282202,71.1143398282202));
#7753=CARTESIAN_POINT('',(26.5,51.4393398282202,62.5606601717798));
#7754=CARTESIAN_POINT('',(28.,50.3786796564404,61.5));
#7755=CARTESIAN_POINT('Origin',(26.5,50.3786796564404,61.5));
#7756=CARTESIAN_POINT('',(28.,40.7643398282202,71.1143398282202));
#7757=CARTESIAN_POINT('',(26.5,41.825,72.175));
#7758=CARTESIAN_POINT('Origin',(-12.75,49.3786796564404,62.5));
#7759=CARTESIAN_POINT('',(25.5,49.3786796564404,64.));
#7760=CARTESIAN_POINT('',(25.5,50.4393398282202,63.5606601717798));
#7761=CARTESIAN_POINT('Origin',(25.5,49.3786796564404,62.5));
#7762=CARTESIAN_POINT('',(-25.5,50.4393398282202,63.5606601717798));
#7763=CARTESIAN_POINT('',(-12.75,50.4393398282202,63.5606601717798));
#7764=CARTESIAN_POINT('',(-25.5,49.3786796564404,64.));
#7765=CARTESIAN_POINT('Origin',(-25.5,49.3786796564404,62.5));
#7766=CARTESIAN_POINT('',(-12.75,49.3786796564404,64.));
#7767=CARTESIAN_POINT('Ctrl Pts',(-25.5,50.4393398282202,63.5606601717798));
#7768=CARTESIAN_POINT('Ctrl Pts',(-25.7243994752564,50.4393398282202,63.5606601717798));
#7769=CARTESIAN_POINT('Ctrl Pts',(-26.2487998432875,50.6222250606918,63.3777749393081));
#7770=CARTESIAN_POINT('Ctrl Pts',(-26.5,51.1401405278783,62.8598594721217));
#7771=CARTESIAN_POINT('Ctrl Pts',(-26.5,51.4393398282202,62.5606601717798));
#7772=CARTESIAN_POINT('Ctrl Pts',(-25.5,50.2806654375717,63.7193345624283));
#7773=CARTESIAN_POINT('Ctrl Pts',(-25.7956322711671,50.2806654375717,63.7193345624283));
#7774=CARTESIAN_POINT('Ctrl Pts',(-26.4850333797329,50.4830198680702,63.5156704602044));
#7775=CARTESIAN_POINT('Ctrl Pts',(-26.8870047217076,51.0709122277235,62.9255108908214));
#7776=CARTESIAN_POINT('Ctrl Pts',(-26.9487989505128,51.4393398282202,62.5606601717798));
#7777=CARTESIAN_POINT('Ctrl Pts',(-25.5,49.9397476632585,63.9334045253179));
#7778=CARTESIAN_POINT('Ctrl Pts',(-25.9201435537459,49.9397476632585,63.9334045253179));
#7779=CARTESIAN_POINT('Ctrl Pts',(-26.8996043855938,50.149470272762,63.6668794247617));
#7780=CARTESIAN_POINT('Ctrl Pts',(-27.5656786541791,50.767071140046,62.8533332885518));
#7781=CARTESIAN_POINT('Ctrl Pts',(-27.7258078436347,51.1730582736073,62.294378617167));
#7782=CARTESIAN_POINT('Ctrl Pts',(-25.5,49.5469792628827,64.));
#7783=CARTESIAN_POINT('Ctrl Pts',(-26.0232481764189,49.5469792628827,64.));
#7784=CARTESIAN_POINT('Ctrl Pts',(-27.2448566591543,49.7379663096554,63.6081853600998));
#7785=CARTESIAN_POINT('Ctrl Pts',(-27.9281603610475,50.285777647605,62.4546402554775));
#7786=CARTESIAN_POINT('Ctrl Pts',(-28.,50.6166912424131,61.7380115859728));
#7787=CARTESIAN_POINT('Ctrl Pts',(-25.5,49.3786796564404,64.));
#7788=CARTESIAN_POINT('Ctrl Pts',(-26.060998688141,49.3786796564404,64.));
#7789=CARTESIAN_POINT('Ctrl Pts',(-27.3719996082187,49.561564888912,63.5427869188208));
#7790=CARTESIAN_POINT('Ctrl Pts',(-28.,50.0794803560985,62.2479982508547));
#7791=CARTESIAN_POINT('Ctrl Pts',(-28.,50.3786796564404,61.5));
#7792=CARTESIAN_POINT('',(-26.5,51.4393398282202,62.5606601717798));
#7793=CARTESIAN_POINT('',(-28.,50.3786796564404,61.5));
#7794=CARTESIAN_POINT('Origin',(-26.5,50.3786796564404,61.5));
#7795=CARTESIAN_POINT('Origin',(-25.5,50.3786796564404,61.5));
#7796=CARTESIAN_POINT('Origin',(-25.5,51.4393398282202,62.5606601717798));
#7797=CARTESIAN_POINT('Origin',(-26.5,55.5143398282202,56.3643398282202));
#7798=CARTESIAN_POINT('',(-28.,55.5143398282202,56.3643398282202));
#7799=CARTESIAN_POINT('',(-26.5,56.575,57.425));
#7800=CARTESIAN_POINT('Ctrl Pts',(26.5,51.4393398282202,62.5606601717798));
#7801=CARTESIAN_POINT('Ctrl Pts',(26.5,51.2149403529638,62.7850596470362));
#7802=CARTESIAN_POINT('Ctrl Pts',(26.3688331338538,50.8423333633758,63.1576666366242));
#7803=CARTESIAN_POINT('Ctrl Pts',(25.9483429536031,50.5077648353922,63.4922351646078));
#7804=CARTESIAN_POINT('Ctrl Pts',(25.6495996501709,50.4393398282202,63.5606601717798));
#7805=CARTESIAN_POINT('Ctrl Pts',(25.5,50.4393398282202,63.5606601717798));
#7806=CARTESIAN_POINT('Ctrl Pts',(26.9487989505128,51.4393398282202,62.5606601717798));
#7807=CARTESIAN_POINT('Ctrl Pts',(26.9024532789089,51.1630191278476,62.834298211061));
#7808=CARTESIAN_POINT('Ctrl Pts',(26.670910229366,50.7329327676561,63.2669570434277));
#7809=CARTESIAN_POINT('Ctrl Pts',(26.0904438468848,50.3558807154748,63.6424574037228));
#7810=CARTESIAN_POINT('Ctrl Pts',(25.6970881807781,50.2806654375717,63.7193345624283));
#7811=CARTESIAN_POINT('Ctrl Pts',(25.5,50.2806654375717,63.7193345624283));
#7812=CARTESIAN_POINT('Ctrl Pts',(27.7258078436347,51.1730582736073,62.294378617167));
#7813=CARTESIAN_POINT('Ctrl Pts',(27.605710951543,50.8685679234363,62.7135946207056));
#7814=CARTESIAN_POINT('Ctrl Pts',(27.1989283047367,50.40989158011,63.325078356978));
#7815=CARTESIAN_POINT('Ctrl Pts',(26.3405270008277,50.0184191802065,63.8330215964084));
#7816=CARTESIAN_POINT('Ctrl Pts',(25.7800957024973,49.9397476632585,63.9334045253179));
#7817=CARTESIAN_POINT('Ctrl Pts',(25.5,49.9397476632585,63.9334045253179));
#7818=CARTESIAN_POINT('Ctrl Pts',(28.,50.6166912424131,61.7380115859728));
#7819=CARTESIAN_POINT('Ctrl Pts',(27.9461202707856,50.3685060463071,62.2754830881014));
#7820=CARTESIAN_POINT('Ctrl Pts',(27.5627544922896,49.9700702345242,63.1208057852762));
#7821=CARTESIAN_POINT('Ctrl Pts',(26.5455619160624,49.618548917006,63.8526062444959));
#7822=CARTESIAN_POINT('Ctrl Pts',(25.8488321176126,49.5469792628827,64.));
#7823=CARTESIAN_POINT('Ctrl Pts',(25.5,49.5469792628827,64.));
#7824=CARTESIAN_POINT('Ctrl Pts',(28.,50.3786796564404,61.5));
#7825=CARTESIAN_POINT('Ctrl Pts',(28.,50.1542801811839,62.0609986881411));
#7826=CARTESIAN_POINT('Ctrl Pts',(27.6720828346346,49.7816731915959,62.9925161621111));
#7827=CARTESIAN_POINT('Ctrl Pts',(26.6208573840077,49.4471046636124,63.82893748207));
#7828=CARTESIAN_POINT('Ctrl Pts',(25.8739991254273,49.3786796564404,64.));
#7829=CARTESIAN_POINT('Ctrl Pts',(25.5,49.3786796564404,64.));
#7830=CARTESIAN_POINT('Origin',(25.5,50.3786796564404,61.5));
#7831=CARTESIAN_POINT('Origin',(25.5,51.4393398282202,62.5606601717798));
#7832=CARTESIAN_POINT('Origin',(-23.5,56.5,11.5));
#7833=CARTESIAN_POINT('',(-25.,56.5,11.5));
#7834=CARTESIAN_POINT('Origin',(25.,8.48082663378895,-9.));
#7835=CARTESIAN_POINT('',(25.,18.,0.));
#7836=CARTESIAN_POINT('',(25.,13.2404133168945,0.));
#7837=CARTESIAN_POINT('',(25.,8.48082663378895,0.));
#7838=CARTESIAN_POINT('Ctrl Pts',(25.,8.48082663378895,0.));
#7839=CARTESIAN_POINT('Ctrl Pts',(25.,11.653884422526,2.44639014966807E-17));
#7840=CARTESIAN_POINT('Ctrl Pts',(25.,14.826942211263,1.14313976581464E-16));
#7841=CARTESIAN_POINT('Ctrl Pts',(25.,18.,1.38777878078145E-16));
#7842=CARTESIAN_POINT('',(25.,8.48082663378895,-9.));
#7843=CARTESIAN_POINT('Origin',(25.5,18.,0.));
#7844=CARTESIAN_POINT('',(25.5,18.,3.33066907387547E-15));
#7845=CARTESIAN_POINT('',(25.5,18.,3.33066907387547E-15));
#7846=CARTESIAN_POINT('',(-25.5,18.,0.));
#7847=CARTESIAN_POINT('Origin',(25.5,18.,2.5));
#7848=CARTESIAN_POINT('',(28.,18.,2.5));
#7849=CARTESIAN_POINT('',(28.,18.,2.5));
#7850=CARTESIAN_POINT('Origin',(25.5,18.,2.5));
#7851=CARTESIAN_POINT('Origin',(28.,18.,61.5));
#7852=CARTESIAN_POINT('',(28.,18.,61.5));
#7853=CARTESIAN_POINT('',(28.,18.,61.5));
#7854=CARTESIAN_POINT('',(28.,18.,2.5));
#7855=CARTESIAN_POINT('Origin',(25.5,18.,61.5));
#7856=CARTESIAN_POINT('',(25.5,18.,64.));
#7857=CARTESIAN_POINT('',(25.5,18.,64.));
#7858=CARTESIAN_POINT('Origin',(25.5,18.,61.5));
#7859=CARTESIAN_POINT('Origin',(-25.5,18.,64.));
#7860=CARTESIAN_POINT('',(-25.5,18.,64.));
#7861=CARTESIAN_POINT('',(-25.5,18.,64.));
#7862=CARTESIAN_POINT('',(25.5,18.,64.));
#7863=CARTESIAN_POINT('Origin',(0.,48.4,65.6));
#7864=CARTESIAN_POINT('Origin',(-25.5,18.,61.5));
#7865=CARTESIAN_POINT('',(-28.,18.,61.5));
#7866=CARTESIAN_POINT('',(-28.,18.,61.5));
#7867=CARTESIAN_POINT('Origin',(-25.5,18.,61.5));
#7868=CARTESIAN_POINT('Origin',(-28.,18.,2.5));
#7869=CARTESIAN_POINT('',(-28.,18.,2.5));
#7870=CARTESIAN_POINT('',(-28.,18.,2.5));
#7871=CARTESIAN_POINT('',(-28.,18.,61.5));
#7872=CARTESIAN_POINT('Origin',(-25.,60.,-9.));
#7873=CARTESIAN_POINT('',(-25.,8.48082663378895,0.));
#7874=CARTESIAN_POINT('',(-25.,8.48082663378895,-9.));
#7875=CARTESIAN_POINT('',(-25.,18.,0.));
#7876=CARTESIAN_POINT('Ctrl Pts',(-25.,18.,1.38777878078145E-16));
#7877=CARTESIAN_POINT('Ctrl Pts',(-25.,14.826942211263,1.14313976581464E-16));
#7878=CARTESIAN_POINT('Ctrl Pts',(-25.,11.653884422526,2.44639014966807E-17));
#7879=CARTESIAN_POINT('Ctrl Pts',(-25.,8.48082663378895,0.));
#7880=CARTESIAN_POINT('',(-25.,39.,0.));
#7881=CARTESIAN_POINT('Origin',(23.,8.48082663378895,-9.));
#7882=CARTESIAN_POINT('',(23.,6.48082663378895,0.));
#7883=CARTESIAN_POINT('Ctrl Pts',(23.0000011942039,6.4808267310768,8.80310035021412E-7));
#7884=CARTESIAN_POINT('Ctrl Pts',(23.0127987977488,6.48082673034728,8.72071080768704E-7));
#7885=CARTESIAN_POINT('Ctrl Pts',(23.0255962875552,6.48094956383112,8.63876322030927E-7));
#7886=CARTESIAN_POINT('Ctrl Pts',(23.0383918950838,6.4811952249734,8.55727472354894E-7));
#7887=CARTESIAN_POINT('Ctrl Pts',(23.0639250347112,6.48168543227562,8.39466758190611E-7));
#7888=CARTESIAN_POINT('Ctrl Pts',(23.0894464436186,6.48266464150859,8.2339159673932E-7));
#7889=CARTESIAN_POINT('Ctrl Pts',(23.1149420801649,6.48413231391437,8.07514822532831E-7));
#7890=CARTESIAN_POINT('Ctrl Pts',(23.1639648726516,6.48695434189771,7.7698709650931E-7));
#7891=CARTESIAN_POINT('Ctrl Pts',(23.2128671125817,6.49158082566685,7.47209328958079E-7));
#7892=CARTESIAN_POINT('Ctrl Pts',(23.261549369718,6.4980023584244,7.18261476157108E-7));
#7893=CARTESIAN_POINT('Ctrl Pts',(23.4824328958168,6.52713845198056,5.86917857849225E-7));
#7894=CARTESIAN_POINT('Ctrl Pts',(23.6969033094392,6.59297998661789,4.74258632382389E-7));
#7895=CARTESIAN_POINT('Ctrl Pts',(23.8960864263737,6.69280262484753,3.83241484468851E-7));
#7896=CARTESIAN_POINT('Ctrl Pts',(24.0859211535738,6.78794022279441,2.96496103080029E-7));
#7897=CARTESIAN_POINT('Ctrl Pts',(24.2593991696936,6.91270583781304,2.30395076681027E-7));
#7898=CARTESIAN_POINT('Ctrl Pts',(24.4099931885453,7.06240504280381,1.81281801694089E-7));
#7899=CARTESIAN_POINT('Ctrl Pts',(24.5937791410853,7.2450989584951,1.21343630877888E-7));
#7900=CARTESIAN_POINT('Ctrl Pts',(24.7403177136799,7.461783454786,8.72327255588206E-8));
#7901=CARTESIAN_POINT('Ctrl Pts',(24.841440735214,7.70038039877076,6.67478851769225E-8));
#7902=CARTESIAN_POINT('Ctrl Pts',(24.9447297556082,7.94408795654936,4.58242709110349E-8));
#7903=CARTESIAN_POINT('Ctrl Pts',(24.9986179908347,8.20589331153445,3.87005277105614E-8));
#7904=CARTESIAN_POINT('Ctrl Pts',(24.9999738141028,8.47058211742387,3.87527006166513E-8));
#7905=CARTESIAN_POINT('Ctrl Pts',(24.9999913079658,8.47399733369592,3.87533737911637E-8));
#7906=CARTESIAN_POINT('Ctrl Pts',(25.0000000518459,8.47741218614002,3.87554335977347E-8));
#7907=CARTESIAN_POINT('Ctrl Pts',(25.0000000517479,8.48082664190538,3.87588793796315E-8));
#7908=CARTESIAN_POINT('',(23.,6.48082663378895,-9.));
#7909=CARTESIAN_POINT('Origin',(-23.,6.48082663378895,-9.));
#7910=CARTESIAN_POINT('',(-23.,6.48082663378896,0.));
#7911=CARTESIAN_POINT('Ctrl Pts',(-23.,6.48082663378896,0.));
#7912=CARTESIAN_POINT('Ctrl Pts',(-7.66666666666666,6.48082663378896,0.));
#7913=CARTESIAN_POINT('Ctrl Pts',(7.66666666666665,6.48082663378895,-1.05156215162995E-18));
#7914=CARTESIAN_POINT('Ctrl Pts',(23.,6.48082663378895,0.));
#7915=CARTESIAN_POINT('',(-23.,6.48082663378896,-9.));
#7916=CARTESIAN_POINT('Origin',(-23.,8.48082663378895,-9.));
#7917=CARTESIAN_POINT('Ctrl Pts',(-25.0000192012913,8.48081737577128,-0.000147648867921147));
#7918=CARTESIAN_POINT('Ctrl Pts',(-25.0000184853697,8.28281140414068,-0.000147462446395285));
#7919=CARTESIAN_POINT('Ctrl Pts',(-24.9706191120475,8.08559310841611,-0.000153722377112258));
#7920=CARTESIAN_POINT('Ctrl Pts',(-24.912530818935,7.89568873396278,-0.000165412904638233));
#7921=CARTESIAN_POINT('Ctrl Pts',(-24.8439399234853,7.67144886744907,-0.000179217127629124));
#7922=CARTESIAN_POINT('Ctrl Pts',(-24.7364505950155,7.46101189129862,-0.000200313913385912));
#7923=CARTESIAN_POINT('Ctrl Pts',(-24.5949798989329,7.27401143691417,-0.000224199143487053));
#7924=CARTESIAN_POINT('Ctrl Pts',(-24.4653972576465,7.10272499052002,-0.000246077251745122));
#7925=CARTESIAN_POINT('Ctrl Pts',(-24.3090659129399,6.95343043738587,-0.000269858787998928));
#7926=CARTESIAN_POINT('Ctrl Pts',(-24.1320003043792,6.83187442356835,-0.000291835230059832));
#7927=CARTESIAN_POINT('Ctrl Pts',(-23.9775812095956,6.72586530202418,-0.000311000907218677));
#7928=CARTESIAN_POINT('Ctrl Pts',(-23.8090304896474,6.64207754373346,-0.000328562590440326));
#7929=CARTESIAN_POINT('Ctrl Pts',(-23.6312946186557,6.58297068938298,-0.000342986438225223));
#7930=CARTESIAN_POINT('Ctrl Pts',(-23.4946503295634,6.53752902334147,-0.00035407556961747));
#7931=CARTESIAN_POINT('Ctrl Pts',(-23.3534949120928,6.50698052487489,-0.00036325574140793));
#7932=CARTESIAN_POINT('Ctrl Pts',(-23.2102859248467,6.49185706974653,-0.000370338570998365));
#7933=CARTESIAN_POINT('Ctrl Pts',(-23.1711892150209,6.48772829718772,-0.000372272215936214));
#7934=CARTESIAN_POINT('Ctrl Pts',(-23.1319791039915,6.48475336354316,-0.000374049734218871));
#7935=CARTESIAN_POINT('Ctrl Pts',(-23.0927067162159,6.4829361471917,-0.00037567285874981));
#7936=CARTESIAN_POINT('Ctrl Pts',(-23.0693521902811,6.4818554839366,-0.000376638099370516));
#7937=CARTESIAN_POINT('Ctrl Pts',(-23.0459804551362,6.48118446437175,-0.000377548576045382));
#7938=CARTESIAN_POINT('Ctrl Pts',(-23.0226022905201,6.4809233978897,-0.000378405015755994));
#7939=CARTESIAN_POINT('Ctrl Pts',(-23.0151606260158,6.48084029602073,-0.000378677634975646));
#7940=CARTESIAN_POINT('Ctrl Pts',(-23.0077186531503,6.48079873674101,-0.000378944767893364));
#7941=CARTESIAN_POINT('Ctrl Pts',(-23.0002767197608,6.48079871853929,-0.000379206443868571));
#7942=CARTESIAN_POINT('Ctrl Pts',(25.5,3.51927897847231,2.71332260554115E-17));
#7943=CARTESIAN_POINT('Ctrl Pts',(25.5,8.34618598564821,6.43481100629892E-17));
#7944=CARTESIAN_POINT('Ctrl Pts',(25.5,13.1730929928241,1.01562994070567E-16));
#7945=CARTESIAN_POINT('Ctrl Pts',(25.5,18.,1.38777878078145E-16));
#7946=CARTESIAN_POINT('Ctrl Pts',(17.,3.51927897847231,2.71332260554115E-17));
#7947=CARTESIAN_POINT('Ctrl Pts',(16.9999997928355,8.34618645710387,-2.22377444225386E-7));
#7948=CARTESIAN_POINT('Ctrl Pts',(17.0000002071645,13.1730925213684,2.22377444391297E-7));
#7949=CARTESIAN_POINT('Ctrl Pts',(17.,18.,1.38777878078145E-16));
#7950=CARTESIAN_POINT('Ctrl Pts',(4.25007159196887,3.51928361516468,5.52059073426547E-5));
#7951=CARTESIAN_POINT('Ctrl Pts',(4.25007187728734,8.34618997345793,5.55119866344159E-5));
#7952=CARTESIAN_POINT('Ctrl Pts',(4.25007462215625,13.1730936417068,5.64194812364988E-5));
#7953=CARTESIAN_POINT('Ctrl Pts',(4.25007490747472,18.,5.672556052826E-5));
#7954=CARTESIAN_POINT('Ctrl Pts',(-10.6252060297737,3.51925765947035,-0.000254781304089235));
#7955=CARTESIAN_POINT('Ctrl Pts',(-10.6252062639112,8.34616519815219,-0.000255032045126843));
#7956=CARTESIAN_POINT('Ctrl Pts',(-10.6252170695013,13.1730924613182,-0.000265429217647154));
#7957=CARTESIAN_POINT('Ctrl Pts',(-10.6252173036388,18.,-0.000265679958684762));
#7958=CARTESIAN_POINT('Ctrl Pts',(-19.1250259285723,3.51927151349182,-8.95700046077355E-5));
#7959=CARTESIAN_POINT('Ctrl Pts',(-19.1250254616867,8.34617746657205,-8.90725602149892E-5));
#7960=CARTESIAN_POINT('Ctrl Pts',(-19.1250288529959,13.1730940469198,-9.53516101564309E-5));
#7961=CARTESIAN_POINT('Ctrl Pts',(-19.1250283861102,18.,-9.48541657636847E-5));
#7962=CARTESIAN_POINT('Ctrl Pts',(-23.3754970449012,3.5192287912708,-0.000599689471108251));
#7963=CARTESIAN_POINT('Ctrl Pts',(-23.3754983482517,8.34613867674876,-0.000601049678616112));
#7964=CARTESIAN_POINT('Ctrl Pts',(-23.3755226692759,13.1730901145221,-0.000623603775777932));
#7965=CARTESIAN_POINT('Ctrl Pts',(-23.3755239726264,18.,-0.000624963983285792));
#7966=CARTESIAN_POINT('Ctrl Pts',(-25.8270469518557,3.51928439457735,6.35698564786606E-5));
#7967=CARTESIAN_POINT('Ctrl Pts',(-25.8270446291635,8.34618698178128,6.56799503468702E-5));
#7968=CARTESIAN_POINT('Ctrl Pts',(-25.8270415758815,13.1730974127961,5.94658901472381E-5));
#7969=CARTESIAN_POINT('Ctrl Pts',(-25.8270392531893,18.,6.15759840154476E-5));
#7970=CARTESIAN_POINT('Ctrl Pts',(-26.6462299218393,3.53282173724304,0.160338693125846));
#7971=CARTESIAN_POINT('Ctrl Pts',(-26.6464160499023,8.35521721280337,0.160575368216204));
#7972=CARTESIAN_POINT('Ctrl Pts',(-26.6465952181818,13.1776045244397,0.160814242397644));
#7973=CARTESIAN_POINT('Ctrl Pts',(-26.6467813462448,18.,0.161050917488002));
#7974=CARTESIAN_POINT('Ctrl Pts',(-27.7023150582142,3.60575058505841,1.02413324225547));
#7975=CARTESIAN_POINT('Ctrl Pts',(-27.7027096557866,8.40383965068358,1.02614075057808));
#7976=CARTESIAN_POINT('Ctrl Pts',(-27.7030905312102,13.2019109343749,1.02814541298135));
#7977=CARTESIAN_POINT('Ctrl Pts',(-27.7034851287827,18.,1.03015292130397));
#7978=CARTESIAN_POINT('Ctrl Pts',(-28.0006593366667,3.68825032222468,2.00081349003005));
#7979=CARTESIAN_POINT('Ctrl Pts',(-28.0006641518531,8.45883446281911,2.00416882579631));
#7980=CARTESIAN_POINT('Ctrl Pts',(-28.0006668425308,13.2294158594056,2.00752638796044));
#7981=CARTESIAN_POINT('Ctrl Pts',(-28.0006716577172,18.,2.0108817237267));
#7982=CARTESIAN_POINT('Ctrl Pts',(-28.0000280852214,3.78135307620806,3.10244271870811));
#7983=CARTESIAN_POINT('Ctrl Pts',(-28.0000267442511,8.52090827106169,3.10652443607677));
#7984=CARTESIAN_POINT('Ctrl Pts',(-28.0000273118908,13.2604448051464,3.11062909872424));
#7985=CARTESIAN_POINT('Ctrl Pts',(-28.0000259709204,18.,3.11471081609291));
#7986=CARTESIAN_POINT('Ctrl Pts',(-28.0002682988048,3.98875647232921,5.55640785723861));
#7987=CARTESIAN_POINT('Ctrl Pts',(-28.0002690456057,8.65917327096761,5.56196959888767));
#7988=CARTESIAN_POINT('Ctrl Pts',(-28.0002710586543,13.3295832013616,5.56754056632352));
#7989=CARTESIAN_POINT('Ctrl Pts',(-28.0002718054551,18.,5.57310230797259));
#7990=CARTESIAN_POINT('Ctrl Pts',(-27.9999454902413,4.40398218180486,10.4682767197358));
#7991=CARTESIAN_POINT('Ctrl Pts',(-27.9999457341714,8.9359909984718,10.4753967487475));
#7992=CARTESIAN_POINT('Ctrl Pts',(-27.999942276434,13.4679911833331,10.4825241268589));
#7993=CARTESIAN_POINT('Ctrl Pts',(-27.9999425203641,18.,10.4896441558706));
#7994=CARTESIAN_POINT('Ctrl Pts',(-28.0001452589911,5.18368749318936,19.6890859443642));
#7995=CARTESIAN_POINT('Ctrl Pts',(-28.0001441908008,9.4557920369961,19.695522533641));
#7996=CARTESIAN_POINT('Ctrl Pts',(-28.0001489975858,13.7278954561933,19.7019586950142));
#7997=CARTESIAN_POINT('Ctrl Pts',(-28.0001479293955,18.,19.708395284291));
#7998=CARTESIAN_POINT('Ctrl Pts',(-28.0001121000375,6.22502891338363,31.9999819655186));
#7999=CARTESIAN_POINT('Ctrl Pts',(-28.0001148550059,10.1500206029825,31.9999779661772));
#8000=CARTESIAN_POINT('Ctrl Pts',(-28.000113264329,14.0750083104011,31.9999784313157));
#8001=CARTESIAN_POINT('Ctrl Pts',(-28.0001160192975,18.,31.9999744319743));
#8002=CARTESIAN_POINT('Ctrl Pts',(-28.0004844063428,7.26637054003268,44.310881477143));
#8003=CARTESIAN_POINT('Ctrl Pts',(-28.0004799939381,10.8442423121579,44.304452753046));
#8004=CARTESIAN_POINT('Ctrl Pts',(-28.0005043383381,14.4221282278748,44.2979901097038));
#8005=CARTESIAN_POINT('Ctrl Pts',(-28.0004999259334,18.,44.2915613856068));
#8006=CARTESIAN_POINT('Ctrl Pts',(-28.0010387934869,8.09804813066828,54.1463086429198));
#8007=CARTESIAN_POINT('Ctrl Pts',(-28.0010453764464,11.3986968026138,54.139132728019));
#8008=CARTESIAN_POINT('Ctrl Pts',(-28.0010673377786,14.6993513280545,54.1319396390453));
#8009=CARTESIAN_POINT('Ctrl Pts',(-28.0010739207381,18.,54.1247637241445));
#8010=CARTESIAN_POINT('Ctrl Pts',(-28.000917868244,8.51319563395627,59.0574594230595));
#8011=CARTESIAN_POINT('Ctrl Pts',(-28.0009048501954,11.6754524994993,59.052146449502));
#8012=CARTESIAN_POINT('Ctrl Pts',(-28.0009604108016,14.837743134457,59.046751526436));
#8013=CARTESIAN_POINT('Ctrl Pts',(-28.000947392753,18.,59.0414385528785));
#8014=CARTESIAN_POINT('Ctrl Pts',(-28.0025258709653,8.77555346871953,62.1617888144644));
#8015=CARTESIAN_POINT('Ctrl Pts',(-28.0025469472406,11.8503647114955,62.1585321716471));
#8016=CARTESIAN_POINT('Ctrl Pts',(-28.002591366942,14.9251887572241,62.1552482606285));
#8017=CARTESIAN_POINT('Ctrl Pts',(-28.0026124432173,18.,62.1519916178112));
#8018=CARTESIAN_POINT('Ctrl Pts',(-27.4566564662846,8.88505251547487,63.458378298177));
#8019=CARTESIAN_POINT('Ctrl Pts',(-27.4572197202789,11.923283517185,63.4572934536789));
#8020=CARTESIAN_POINT('Ctrl Pts',(-27.457710519162,14.9617689982899,63.4561733883881));
#8021=CARTESIAN_POINT('Ctrl Pts',(-27.4582737731563,18.,63.4550885438901));
#8022=CARTESIAN_POINT('Ctrl Pts',(-26.1541154023068,8.93098653740424,64.0024531076406));
#8023=CARTESIAN_POINT('Ctrl Pts',(-26.1541066228848,11.954005531705,64.0024850456098));
#8024=CARTESIAN_POINT('Ctrl Pts',(-26.1540928619716,14.9769810056993,64.0025415093382));
#8025=CARTESIAN_POINT('Ctrl Pts',(-26.1540840825496,18.,64.0025734473074));
#8026=CARTESIAN_POINT('Ctrl Pts',(-23.37484672367,8.93086730390619,64.0010255002679));
#8027=CARTESIAN_POINT('Ctrl Pts',(-23.3748524796695,11.9539692911965,64.0010077969917));
#8028=CARTESIAN_POINT('Ctrl Pts',(-23.374827709003,14.9768980127097,64.0010916458442));
#8029=CARTESIAN_POINT('Ctrl Pts',(-23.3748334650025,18.,64.001073942568));
#8030=CARTESIAN_POINT('Ctrl Pts',(-19.1248323855779,8.93087726632426,64.0011450366232));
#8031=CARTESIAN_POINT('Ctrl Pts',(-19.1248296953051,11.9539411669801,64.0011504564816));
#8032=CARTESIAN_POINT('Ctrl Pts',(-19.1248210963606,14.9769360993442,64.0011951125659));
#8033=CARTESIAN_POINT('Ctrl Pts',(-19.1248184060877,18.,64.0012005324243));
#8034=CARTESIAN_POINT('Ctrl Pts',(-6.37496664746029,8.93082018818144,64.0004618394977));
#8035=CARTESIAN_POINT('Ctrl Pts',(-6.37497011728125,11.953897366485,64.0004591747164));
#8036=CARTESIAN_POINT('Ctrl Pts',(-6.37496006131598,14.9769228216964,64.0004864516116));
#8037=CARTESIAN_POINT('Ctrl Pts',(-6.37496353113694,18.,64.0004837868303));
#8038=CARTESIAN_POINT('Ctrl Pts',(6.37494967372867,8.93082065491251,64.000467402383));
#8039=CARTESIAN_POINT('Ctrl Pts',(6.37495314719312,11.9538978489531,64.0004647303766));
#8040=CARTESIAN_POINT('Ctrl Pts',(6.37494257760289,14.9769228059594,64.000492198718));
#8041=CARTESIAN_POINT('Ctrl Pts',(6.37494605106735,18.,64.0004895267115));
#8042=CARTESIAN_POINT('Ctrl Pts',(19.1248030346004,8.93087814895467,64.0011555557854));
#8043=CARTESIAN_POINT('Ctrl Pts',(19.1248003369289,11.9539420373956,64.0011609812519));
#8044=CARTESIAN_POINT('Ctrl Pts',(19.1247908772396,14.9769361115591,64.0012059577329));
#8045=CARTESIAN_POINT('Ctrl Pts',(19.1247881795681,18.,64.0012113831994));
#8046=CARTESIAN_POINT('Ctrl Pts',(23.3748052898916,8.9308686516739,64.0010415636849));
#8047=CARTESIAN_POINT('Ctrl Pts',(23.3748110698972,11.9539706651795,64.0010238483729));
#8048=CARTESIAN_POINT('Ctrl Pts',(23.3747850152156,14.9768979864944,64.0011082308048));
#8049=CARTESIAN_POINT('Ctrl Pts',(23.3747907952212,18.,64.0010905154928));
#8050=CARTESIAN_POINT('Ctrl Pts',(26.1540695824512,8.93098804200431,64.0024710387221));
#8051=CARTESIAN_POINT('Ctrl Pts',(26.1540607615241,11.9540069956259,64.0025029953679));
#8052=CARTESIAN_POINT('Ctrl Pts',(26.1540457168447,14.9769810463784,64.002559984172));
#8053=CARTESIAN_POINT('Ctrl Pts',(26.1540368959177,18.,64.0025919408179));
#8054=CARTESIAN_POINT('Ctrl Pts',(27.4566111839522,8.88505399458978,63.458395933064));
#8055=CARTESIAN_POINT('Ctrl Pts',(27.4571745968905,11.92328514987,63.4573110180416));
#8056=CARTESIAN_POINT('Ctrl Pts',(27.457663726816,14.9617688447197,63.4561916776654));
#8057=CARTESIAN_POINT('Ctrl Pts',(27.4582271397544,18.,63.455106762643));
#8058=CARTESIAN_POINT('Ctrl Pts',(28.0024769679541,8.77555508697606,62.1618080928494));
#8059=CARTESIAN_POINT('Ctrl Pts',(28.0024978607573,11.8503661530757,62.1585515312078));
#8060=CARTESIAN_POINT('Ctrl Pts',(28.0025411889713,14.9251889339003,62.1552680331344));
#8061=CARTESIAN_POINT('Ctrl Pts',(28.0025620817746,18.,62.1520114714927));
#8062=CARTESIAN_POINT('Ctrl Pts',(28.000877672091,8.5131968044919,59.0574735041075));
#8063=CARTESIAN_POINT('Ctrl Pts',(28.0008655302267,11.6754545120946,59.052160141373));
#8064=CARTESIAN_POINT('Ctrl Pts',(28.0009181337334,14.8377422923973,59.0467669739863));
#8065=CARTESIAN_POINT('Ctrl Pts',(28.0009059918691,18.,59.0414536112518));
#8066=CARTESIAN_POINT('Ctrl Pts',(28.0005694936176,8.09806629729296,54.1465230711288));
#8067=CARTESIAN_POINT('Ctrl Pts',(28.0005745374074,11.3987135019734,54.1393478612066));
#8068=CARTESIAN_POINT('Ctrl Pts',(28.0005856718532,14.6993527953196,54.1321516247284));
#8069=CARTESIAN_POINT('Ctrl Pts',(28.000590715643,18.,54.1249764148061));
#8070=CARTESIAN_POINT('Ctrl Pts',(28.0009992317096,7.2663476981185,44.3106139768808));
#8071=CARTESIAN_POINT('Ctrl Pts',(28.0009974003606,10.8442218789498,44.3041839764999));
#8072=CARTESIAN_POINT('Ctrl Pts',(28.0010317028804,14.4221258191687,44.2977347620051));
#8073=CARTESIAN_POINT('Ctrl Pts',(28.0010298715314,18.,44.2913047616241));
#8074=CARTESIAN_POINT('Ctrl Pts',(27.9974781100436,6.22514050762252,32.0012948979359));
#8075=CARTESIAN_POINT('Ctrl Pts',(27.9974774560212,10.1501281451041,32.0012911350976));
#8076=CARTESIAN_POINT('Ctrl Pts',(27.9974060545712,14.0750123625185,32.0012629224123));
#8077=CARTESIAN_POINT('Ctrl Pts',(27.9974054005487,18.,32.0012591595739));
#8078=CARTESIAN_POINT('Ctrl Pts',(28.0044847106137,4.97525557629133,17.2249824796792));
#8079=CARTESIAN_POINT('Ctrl Pts',(28.0044880739612,9.3167893037589,17.2327072997372));
#8080=CARTESIAN_POINT('Ctrl Pts',(28.0046154479142,13.6584662725324,17.2404755110594));
#8081=CARTESIAN_POINT('Ctrl Pts',(28.0046188112616,18.,17.2482003311173));
#8082=CARTESIAN_POINT('Ctrl Pts',(27.9906989618925,4.14458822121825,7.40039162195837));
#8083=CARTESIAN_POINT('Ctrl Pts',(27.9906902351238,8.76318064420654,7.40737059501817));
#8084=CARTESIAN_POINT('Ctrl Pts',(27.9904366140489,13.3814075770117,7.41428225050177));
#8085=CARTESIAN_POINT('Ctrl Pts',(27.9904278872803,18.,7.42126122356157));
#8086=CARTESIAN_POINT('Ctrl Pts',(28.002528567588,3.67443049963407,1.83729481268536));
#8087=CARTESIAN_POINT('Ctrl Pts',(28.0025432330187,8.44962416876192,1.84053463428417));
#8088=CARTESIAN_POINT('Ctrl Pts',(28.0025946284154,13.2248063308722,1.84380911791948));
#8089=CARTESIAN_POINT('Ctrl Pts',(28.0026092938462,18.,1.84704893951828));
#8090=CARTESIAN_POINT('Ctrl Pts',(27.6274940601,3.59941063789524,0.949009452103598));
#8091=CARTESIAN_POINT('Ctrl Pts',(27.6279062259863,8.39966235006917,0.950819741056107));
#8092=CARTESIAN_POINT('Ctrl Pts',(27.6282441857804,13.1997482878261,0.95262882801611));
#8093=CARTESIAN_POINT('Ctrl Pts',(27.6286563516667,18.,0.95443911696862));
#8094=CARTESIAN_POINT('Ctrl Pts',(26.5612309068246,3.53320352632231,0.164881477434368));
#8095=CARTESIAN_POINT('Ctrl Pts',(26.5613800837267,8.3554741856784,0.165149833240138));
#8096=CARTESIAN_POINT('Ctrl Pts',(26.5615474821717,13.1777293406439,0.165438478319107));
#8097=CARTESIAN_POINT('Ctrl Pts',(26.5616966590739,18.,0.165706834124877));
#8098=CARTESIAN_POINT('Ctrl Pts',(25.9090615434362,3.51927897847231,2.31322364260366E-15));
#8099=CARTESIAN_POINT('Ctrl Pts',(25.9090765694493,8.34623166951859,-4.01391052869802E-6));
#8100=CARTESIAN_POINT('Ctrl Pts',(25.909046517423,13.1730473089537,4.01391053354949E-6));
#8101=CARTESIAN_POINT('Ctrl Pts',(25.9090615434362,18.,2.53824769014587E-15));
#8102=CARTESIAN_POINT('Ctrl Pts',(25.5,3.51927897847231,2.88409046578454E-15));
#8103=CARTESIAN_POINT('Ctrl Pts',(25.5,8.34618598564821,3.03295000181485E-15));
#8104=CARTESIAN_POINT('Ctrl Pts',(25.5,13.1730929928241,3.18180953784516E-15));
#8105=CARTESIAN_POINT('Ctrl Pts',(25.5,18.,3.33066907387547E-15));
#8106=CARTESIAN_POINT('',(25.5,0.,0.));
#8107=CARTESIAN_POINT('',(-25.5,18.,0.));
#8108=CARTESIAN_POINT('Origin',(-25.5,18.,2.5));
#8109=CARTESIAN_POINT('',(-25.5,18.,0.));
#8110=CARTESIAN_POINT('Origin',(-25.5,18.,2.5));
#8111=CARTESIAN_POINT('',(-25.5,18.,0.));
#8112=CARTESIAN_POINT('Origin',(25.5,18.,0.));
#8113=UNCERTAINTY_MEASURE_WITH_UNIT(LENGTH_MEASURE(0.01),#8117,
'DISTANCE_ACCURACY_VALUE',
'Maximum model space distance between geometric entities at asserted c
onnectivities');
#8114=UNCERTAINTY_MEASURE_WITH_UNIT(LENGTH_MEASURE(0.01),#8117,
'DISTANCE_ACCURACY_VALUE',
'Maximum model space distance between geometric entities at asserted c
onnectivities');
#8115=(
GEOMETRIC_REPRESENTATION_CONTEXT(3)
GLOBAL_UNCERTAINTY_ASSIGNED_CONTEXT((#8113))
GLOBAL_UNIT_ASSIGNED_CONTEXT((#8117,#8119,#8120))
REPRESENTATION_CONTEXT('','3D')
);
#8116=(
GEOMETRIC_REPRESENTATION_CONTEXT(3)
GLOBAL_UNCERTAINTY_ASSIGNED_CONTEXT((#8114))
GLOBAL_UNIT_ASSIGNED_CONTEXT((#8117,#8119,#8120))
REPRESENTATION_CONTEXT('','3D')
);
#8117=(
LENGTH_UNIT()
NAMED_UNIT(*)
SI_UNIT(.MILLI.,.METRE.)
);
#8118=(
LENGTH_UNIT()
NAMED_UNIT(*)
SI_UNIT($,.METRE.)
);
#8119=(
NAMED_UNIT(*)
PLANE_ANGLE_UNIT()
SI_UNIT($,.RADIAN.)
);
#8120=(
NAMED_UNIT(*)
SI_UNIT($,.STERADIAN.)
SOLID_ANGLE_UNIT()
);
#8121=SHAPE_DEFINITION_REPRESENTATION(#8122,#8123);
#8122=PRODUCT_DEFINITION_SHAPE('',$,#8125);
#8123=SHAPE_REPRESENTATION('',(#4412),#8115);
#8124=PRODUCT_DEFINITION_CONTEXT('part definition',#8129,'design');
#8125=PRODUCT_DEFINITION('2026-09-07-14-26-15-616','Body',#8126,#8124);
#8126=PRODUCT_DEFINITION_FORMATION('',$,#8131);
#8127=PRODUCT_RELATED_PRODUCT_CATEGORY('Body','Body',(#8131));
#8128=APPLICATION_PROTOCOL_DEFINITION('international standard',
'automotive_design',2009,#8129);
#8129=APPLICATION_CONTEXT(
'Core Data for Automotive Mechanical Design Process');
#8130=PRODUCT_CONTEXT('part definition',#8129,'mechanical');
#8131=PRODUCT('2026-09-07-14-26-15-616','Body',$,(#8130));
#8132=PRESENTATION_STYLE_ASSIGNMENT((#8134));
#8133=PRESENTATION_STYLE_ASSIGNMENT((#8135));
#8134=SURFACE_STYLE_USAGE(.BOTH.,#8136);
#8135=SURFACE_STYLE_USAGE(.BOTH.,#8137);
#8136=SURFACE_SIDE_STYLE('',(#8138));
#8137=SURFACE_SIDE_STYLE('',(#8139));
#8138=SURFACE_STYLE_FILL_AREA(#8140);
#8139=SURFACE_STYLE_FILL_AREA(#8141);
#8140=FILL_AREA_STYLE('Steel - Satin',(#8142));
#8141=FILL_AREA_STYLE('MiniMac Platinum',(#8143));
#8142=FILL_AREA_STYLE_COLOUR('Steel - Satin',#8144);
#8143=FILL_AREA_STYLE_COLOUR('MiniMac Platinum',#8145);
#8144=COLOUR_RGB('Steel - Satin',0.627450980392157,0.627450980392157,0.627450980392157);
#8145=COLOUR_RGB('MiniMac Platinum',0.870588235294118,0.847058823529412,
0.784313725490196);
ENDSEC;
END-ISO-10303-21;
